# This file uses centimeters as units for non-parametric coordinates.

mtllib background_floor-1.mtl
g default
v -657.438482 -6.538055 657.438482
v 657.438482 -6.538055 657.438482
v -657.438482 6.538055 657.438482
v 657.438482 6.538055 657.438482
v -657.438482 6.538055 -657.438482
v 657.438482 6.538055 -657.438482
v -657.438482 -6.538055 -657.438482
v 657.438482 -6.538055 -657.438482
v 0.000000 6.538055 657.438482
v 0.000000 6.538055 -657.438482
v 0.000000 -6.538055 -657.438482
v 0.000000 -6.538055 657.438482
v -328.719241 6.538055 657.438482
v -328.719241 6.538055 -657.438482
v -328.719241 -6.538055 -657.438482
v -328.719241 -6.538055 657.438482
v -164.359620 6.538055 657.438482
v -164.359620 6.538055 -657.438482
v -164.359620 -6.538055 -657.438482
v -164.359620 -6.538055 657.438482
v -493.078861 6.538055 657.438482
v -493.078861 6.538055 -657.438482
v -493.078861 -6.538055 -657.438482
v -493.078861 -6.538055 657.438482
v 328.719241 6.538055 657.438482
v 328.719241 6.538055 -657.438482
v 328.719241 -6.538055 -657.438482
v 328.719241 -6.538055 657.438482
v 164.359620 6.538055 657.438482
v 164.359620 6.538055 -657.438482
v 164.359620 -6.538055 -657.438482
v 164.359620 -6.538055 657.438482
v 493.078861 6.538055 657.438482
v 493.078861 6.538055 -657.438482
v 493.078861 -6.538055 -657.438482
v 493.078861 -6.538055 657.438482
v 657.438482 6.538055 0.000000
v 493.078861 6.683359 0.000000
v 328.719241 10.565824 0.000000
v 164.359620 6.538055 0.000000
v 0.000000 6.025813 0.000000
v -164.359620 1.893756 0.000000
v -328.719241 6.538055 0.000000
v -493.078861 10.383273 0.000000
v -657.438482 6.538055 0.000000
v -657.438482 -6.538055 0.000000
v -493.078861 -2.889278 0.000000
v -328.719241 -6.538055 0.000000
v 328.719241 -2.747589 0.000000
v 657.438482 -6.538055 0.000000
v 657.438482 6.538055 328.719241
v 493.078861 6.683359 328.719241
v 328.719241 10.565824 328.719241
v 164.359620 6.538055 328.719241
v 0.000000 8.616086 328.719241
v -164.359620 50.688703 328.719241
v -328.719241 8.616086 328.719241
v -493.078861 -18.942565 328.719241
v -328.719241 -4.432790 328.719241
v -164.359620 37.106412 328.719241
v 0.000000 -4.539710 328.719241
v 328.719241 -2.747589 328.719241
v 657.438482 -6.538055 328.719241
v 657.438482 6.538055 493.078861
v 493.078861 6.538055 493.078861
v 328.719241 6.538055 493.078861
v 164.359620 6.538055 493.078861
v 0.000000 6.538055 493.078861
v -164.359620 21.282353 493.078861
v -328.719241 6.538055 493.078861
v -493.078861 6.538055 493.078861
v -657.438482 6.538046 493.078861
v -657.438482 -6.538064 493.078861
v -164.359620 7.955260 493.078861
v 657.438482 -6.538055 493.078861
v 657.438482 6.538055 164.359620
v 493.078861 35.919637 164.359620
v 328.719241 97.729530 164.359620
v 164.359620 10.386544 164.359620
v 0.000000 6.538055 164.359620
v -164.359620 6.538055 164.359620
v -328.719241 6.538055 164.359620
v -493.078861 6.538055 164.359620
v -657.438482 6.538046 164.359620
v -657.438482 -6.538064 164.359620
v 164.359620 -2.816023 164.359620
v 328.719241 84.957802 164.359620
v 493.078861 20.503793 164.359620
v 657.438482 -6.538055 164.359620
v 657.438482 6.538055 -328.719241
v 493.078861 9.902622 -328.719241
v 328.719241 62.652586 -328.719241
v 164.359620 4.264739 -328.719241
v -164.359620 6.354882 -328.719241
v -328.719241 39.058278 -328.719241
v -493.078861 42.151318 -328.719241
v -657.438482 6.538055 -328.719241
v -657.438482 -6.538055 -328.719241
v -493.078861 29.166503 -328.719241
v -328.719241 25.559626 -328.719241
v 164.359620 -8.916712 -328.719241
v 328.719241 48.956693 -328.719241
v 493.078861 -3.284044 -328.719241
v 657.438482 -6.538055 -328.719241
v 657.438482 6.538055 -164.359620
v 493.078861 6.538055 -164.359620
v 328.719241 9.133846 -164.359620
v -328.719241 34.275596 -164.359620
v -493.078861 88.740558 -164.359620
v -657.438482 6.538055 -164.359620
v -657.438482 -6.538055 -164.359620
v -493.078861 74.474827 -164.359620
v -328.719241 20.609879 -164.359620
v 328.719241 -4.023339 -164.359620
v 657.438482 -6.538055 -164.359620
v 657.438482 6.538055 -493.078861
v 493.078861 6.538055 -493.078861
v 328.719241 9.902622 -493.078861
v 164.359620 6.354882 -493.078861
v -164.359620 6.354882 -493.078861
v -328.719241 6.971154 -493.078861
v -493.078861 6.971154 -493.078861
v -657.438482 6.538055 -493.078861
v -657.438482 -6.538055 -493.078861
v -493.078861 -6.104956 -493.078861
v -328.719241 -6.104956 -493.078861
v 328.719241 -3.284044 -493.078861
v 657.438482 -6.538055 -493.078861
v -575.258672 6.538055 657.438482
v -575.258672 6.538043 493.078861
v -575.258672 6.538055 164.359620
v -575.258672 6.538055 0.000000
v -575.258672 33.842495 -164.359620
v -575.258672 9.670729 -328.719241
v -575.258672 6.538055 -493.078861
v -575.258672 6.538055 -657.438482
v -575.258672 -6.538055 -657.438482
v -575.258672 -3.508318 -328.719241
v -575.258672 20.176780 -164.359620
v -575.258672 -6.538055 0.000000
v -575.258672 -6.538055 657.438482
v -410.899051 6.538055 657.438482
v -410.899051 6.538055 493.078861
v -410.899051 6.538055 328.719241
v -410.899051 6.538055 164.359620
v -410.899051 10.383273 0.000000
v -410.899051 91.440127 -164.359620
v -410.899051 60.783205 -328.719241
v -410.899051 9.670729 -493.078861
v -410.899051 6.538055 -657.438482
v -410.899051 -6.538055 -657.438482
v -410.899051 -3.508318 -493.078861
v -410.899051 47.920226 -328.719241
v -410.899051 77.455484 -164.359620
v -410.899051 -2.889278 0.000000
v -410.899051 -6.538055 657.438482
v -246.539431 6.538055 657.438482
v -246.539431 13.257285 493.078861
v -246.539431 33.464783 328.719241
v -246.539431 6.538055 164.359620
v -246.539431 6.025813 0.000000
v -246.539431 1.893756 -164.359620
v -246.539431 9.670729 -328.719241
v -246.539431 6.538055 -493.078861
v -246.539431 6.538055 -657.438482
v -246.539431 -6.538055 -657.438482
v -246.539431 -3.508318 -328.719241
v -246.539431 20.021998 328.719241
v -246.539431 0.024948 493.078861
v -246.539431 -6.538055 657.438482
v -82.179810 6.538055 657.438482
v -82.179810 13.257285 493.078861
v -82.179810 33.464783 328.719241
v -82.179810 6.538055 164.359620
v -82.179810 1.893756 0.000000
v -82.179810 -1.253415 -328.719241
v -82.179810 -1.253415 -493.078861
v -82.179810 6.538055 -657.438482
v -82.179810 -6.538055 -657.438482
v -82.179810 20.021998 328.719241
v -82.179810 0.024948 493.078861
v -82.179810 -6.538055 657.438482
v 82.179810 6.538055 657.438482
v 82.179810 6.538055 493.078861
v 82.179810 6.538055 328.719241
v 82.179810 6.538055 164.359620
v 82.179810 6.538055 0.000000
v 82.179810 -1.253415 -493.078861
v 82.179810 6.538055 -657.438482
v 82.179810 -6.538055 -657.438482
v 82.179810 -6.538055 657.438482
v 246.539431 6.538055 657.438482
v 246.539431 6.538055 493.078861
v 246.539431 7.070117 328.719241
v 246.539431 49.210867 164.359620
v 246.539431 7.070117 0.000000
v 246.539431 -2.980282 -164.359620
v 246.539431 38.963273 -328.719241
v 246.539431 6.981367 -493.078861
v 246.539431 6.538055 -657.438482
v 246.539431 -6.538055 -657.438482
v 246.539431 -6.094744 -493.078861
v 246.539431 25.324538 -328.719241
v 246.539431 -6.005993 0.000000
v 246.539431 35.519071 164.359620
v 246.539431 -6.005993 328.719241
v 246.539431 -6.538055 657.438482
v 410.899051 6.538055 657.438482
v 410.899051 6.538055 493.078861
v 410.899051 9.039937 328.719241
v 410.899051 91.882257 164.359620
v 410.899051 9.039937 0.000000
v 410.899051 6.981367 -164.359620
v 410.899051 41.449078 -328.719241
v 410.899051 6.981367 -493.078861
v 410.899051 6.538055 -657.438482
v 410.899051 -6.538055 -657.438482
v 410.899051 -6.094744 -493.078861
v 410.899051 27.935617 -328.719241
v 410.899051 -6.094744 -164.359620
v 410.899051 -4.526703 0.000000
v 410.899051 77.745264 164.359620
v 410.899051 -4.526703 328.719241
v 410.899051 -6.538055 657.438482
v 575.258672 6.538055 657.438482
v 575.258672 6.538055 493.078861
v 575.258672 6.538055 328.719241
v 575.258672 8.507875 164.359620
v 575.258672 6.538055 0.000000
v 575.258672 6.538055 -164.359620
v 575.258672 6.538055 -328.719241
v 575.258672 6.538055 -493.078861
v 575.258672 6.538055 -657.438482
v 575.258672 -6.538055 -657.438482
v 575.258672 -6.538055 657.438482
v 657.438482 6.538055 575.258672
v 575.258672 6.538055 575.258672
v 493.078861 6.538055 575.258672
v 410.899051 6.538055 575.258672
v 328.719241 6.538055 575.258672
v 246.539431 6.538055 575.258672
v 164.359620 6.538055 575.258672
v 82.179810 6.538055 575.258672
v 0.000000 6.538055 575.258672
v -82.179810 6.538055 575.258672
v -164.359620 6.538055 575.258672
v -246.539431 6.538055 575.258672
v -328.719241 6.538055 575.258672
v -410.899051 6.538055 575.258672
v -493.078861 6.538055 575.258672
v -575.258672 6.538055 575.258672
v -657.438482 6.538055 575.258672
v -657.438482 -6.538055 575.258672
v 657.438482 -6.538055 575.258672
v 657.438482 6.538055 410.899051
v 575.258672 6.538055 410.899051
v 493.078861 6.538055 410.899051
v 410.899051 6.538055 410.899051
v 328.719241 6.538055 410.899051
v 246.539431 6.538055 410.899051
v 164.359620 6.538055 410.899051
v 82.179810 6.538055 410.899051
v 0.000000 8.616086 410.899051
v -82.179810 33.464783 410.899051
v -164.359620 50.688703 410.899051
v -246.539431 33.464783 410.899051
v -328.719241 8.616086 410.899051
v -410.899051 6.538055 410.899051
v -493.078861 -18.942565 410.899051
v -328.719241 -4.432790 410.899051
v -246.539431 20.021998 410.899051
v -164.359620 37.106412 410.899051
v -82.179810 20.021998 410.899051
v 0.000000 -4.539710 410.899051
v 657.438482 -6.538055 410.899051
v 657.438482 6.538055 246.539431
v 575.258672 6.683359 246.539431
v 493.078861 20.812940 246.539431
v 410.899051 56.730971 246.539431
v 328.719241 62.461147 246.539431
v 246.539431 29.446244 246.539431
v 164.359620 7.070117 246.539431
v 82.179810 6.538055 246.539431
v 0.000000 6.538055 246.539431
v -82.179810 13.257285 246.539431
v -164.359620 21.282353 246.539431
v -246.539431 13.257285 246.539431
v -328.719241 6.538055 246.539431
v -410.899051 6.538055 246.539431
v -493.078861 -18.942565 246.539431
v -246.539431 0.024948 246.539431
v -164.359620 7.955260 246.539431
v -82.179810 0.024948 246.539431
v 164.359620 -6.005993 246.539431
v 246.539431 15.910310 246.539431
v 328.719241 48.589853 246.539431
v 410.899051 41.940559 246.539431
v 493.078861 6.152159 246.539431
v 657.438482 -6.538055 246.539431
v 657.438482 6.538055 82.179810
v 575.258672 6.683359 82.179810
v 493.078861 20.812940 82.179810
v 410.899051 56.730971 82.179810
v 328.719241 62.461147 82.179810
v 246.539431 29.446244 82.179810
v 164.359620 7.070117 82.179810
v 82.179810 6.538055 82.179810
v 0.000000 6.538055 82.179810
v -82.179810 6.538055 82.179810
v -164.359620 6.538055 82.179810
v -246.539431 6.538055 82.179810
v -328.719241 6.538055 82.179810
v -410.899051 6.538055 82.179810
v -493.078861 6.538055 82.179810
v -575.258672 6.538055 82.179810
v -657.438482 6.538055 82.179810
v -657.438482 -6.538067 82.179810
v 164.359620 -6.005993 82.179810
v 246.539431 15.910310 82.179810
v 328.719241 48.589853 82.179810
v 410.899051 41.940559 82.179810
v 493.078861 6.152159 82.179810
v 657.438482 -6.538055 82.179810
v 657.438482 6.538055 -82.179810
v 575.258672 6.538055 -82.179810
v 493.078861 6.538055 -82.179810
v 410.899051 6.538055 -82.179810
v 328.719241 6.538055 -82.179810
v 246.539431 4.052250 -82.179810
v 164.359620 1.083346 -82.179810
v 82.179810 4.052250 -82.179810
v 0.000000 1.893756 -82.179810
v -246.539431 1.893756 -82.179810
v -328.719241 18.976804 -82.179810
v -410.899051 56.399004 -82.179810
v -493.078861 56.399004 -82.179810
v -575.258672 18.976804 -82.179810
v -657.438482 6.538055 -82.179810
v -657.438482 -6.538055 -82.179810
v -575.258672 5.514995 -82.179810
v -493.078861 42.416712 -82.179810
v -410.899051 42.416712 -82.179810
v -328.719241 5.514995 -82.179810
v 657.438482 -6.538055 -82.179810
v 657.438482 6.538055 -246.539431
v 575.258672 6.538055 -246.539431
v 493.078861 6.981367 -246.539431
v 410.899051 26.282476 -246.539431
v 328.719241 40.680306 -246.539431
v 246.539431 16.137127 -246.539431
v 164.359620 -9.387970 -246.539431
v -82.179810 1.710582 -246.539431
v -164.359620 1.893756 -246.539431
v -246.539431 6.458912 -246.539431
v -328.719241 36.926980 -246.539431
v -410.899051 85.356137 -246.539431
v -493.078861 73.763817 -246.539431
v -575.258672 19.409902 -246.539431
v -657.438482 6.538055 -246.539431
v -657.438482 -6.538055 -246.539431
v -575.258672 5.948093 -246.539431
v -493.078861 61.412403 -246.539431
v -410.899051 74.318991 -246.539431
v -328.719241 23.990201 -246.539431
v -246.539431 -6.593520 -246.539431
v 246.539431 2.421457 -246.539431
v 328.719241 27.143815 -246.539431
v 410.899051 12.890509 -246.539431
v 493.078861 -6.094744 -246.539431
v 657.438482 -6.538055 -246.539431
v 657.438482 6.538055 -410.899051
v 575.258672 6.538055 -410.899051
v 493.078861 6.981367 -410.899051
v 410.899051 26.282476 -410.899051
v 328.719241 41.449078 -410.899051
v 246.539431 26.282476 -410.899051
v 164.359620 5.653809 -410.899051
v -164.359620 5.210499 -410.899051
v -246.539431 6.971154 -410.899051
v -328.719241 24.921649 -410.899051
v -410.899051 39.058275 -410.899051
v -493.078861 24.921649 -410.899051
v -575.258672 6.971154 -410.899051
v -657.438482 6.538055 -410.899051
v -657.438482 -6.538055 -410.899051
v -575.258672 -6.104956 -410.899051
v -493.078861 11.551451 -410.899051
v -410.899051 25.559623 -410.899051
v -328.719241 11.551451 -410.899051
v -246.539431 -6.104956 -410.899051
v 164.359620 -7.373808 -410.899051
v 246.539431 12.890509 -410.899051
v 328.719241 27.935617 -410.899051
v 410.899051 12.890509 -410.899051
v 493.078861 -6.094744 -410.899051
v 657.438482 -6.538055 -410.899051
v 657.438482 6.538055 -575.258672
v 575.258672 6.538055 -575.258672
v 493.078861 6.538055 -575.258672
v 410.899051 6.538055 -575.258672
v 328.719241 6.538055 -575.258672
v 246.539431 6.538055 -575.258672
v 164.359620 6.538055 -575.258672
v 82.179810 6.354882 -575.258672
v 0.000000 5.210499 -575.258672
v -82.179810 6.354882 -575.258672
v -164.359620 6.538055 -575.258672
v -246.539431 6.538055 -575.258672
v -328.719241 6.538055 -575.258672
v -410.899051 6.538055 -575.258672
v -493.078861 6.538055 -575.258672
v -575.258672 6.538055 -575.258672
v -657.438482 6.538055 -575.258672
v -657.438482 -6.538055 -575.258672
v 657.438482 -6.538055 -575.258672
v -616.348577 6.538055 657.438482
v -616.348577 6.538055 575.258672
v -616.348577 6.538046 493.078861
v -616.348577 6.538055 164.359620
v -616.348577 6.538055 82.179810
v -616.348577 6.538055 0.000000
v -616.348577 7.294246 -82.179810
v -616.348577 12.015287 -164.359620
v -616.348577 7.294246 -246.539431
v -616.348577 6.538055 -328.719241
v -616.348577 6.538055 -410.899051
v -616.348577 6.538055 -493.078861
v -616.348577 6.538055 -575.258672
v -616.348577 6.538055 -657.438482
v -616.348577 -6.538055 -657.438482
v -616.348577 -5.862387 -246.539431
v -616.348577 -1.300684 -164.359620
v -616.348577 -5.862387 -82.179810
v -616.348577 -6.538055 657.438482
v -534.168767 6.538055 657.438482
v -534.168767 6.538055 575.258672
v -534.168767 6.538055 493.078861
v -534.168767 6.538055 164.359620
v -534.168767 6.538055 82.179810
v -534.168767 7.294246 0.000000
v -534.168767 38.695902 -82.179810
v -534.168767 63.429532 -164.359620
v -534.168767 45.749890 -246.539431
v -534.168767 22.901087 -328.719241
v -534.168767 13.650360 -410.899051
v -534.168767 6.538055 -493.078861
v -534.168767 6.538055 -575.258672
v -534.168767 6.538055 -657.438482
v -534.168767 -6.538055 -657.438482
v -534.168767 0.408882 -410.899051
v -534.168767 9.559320 -328.719241
v -534.168767 32.371938 -246.539431
v -534.168767 49.366818 -164.359620
v -534.168767 24.933335 -82.179810
v -534.168767 -5.862387 0.000000
v -534.168767 -6.538055 657.438482
v -451.988956 6.538055 657.438482
v -451.988956 6.538055 575.258672
v -451.988956 6.538055 493.078861
v -451.988956 6.538055 410.899051
v -451.988956 6.538055 328.719241
v -451.988956 6.538055 246.539431
v -451.988956 6.538055 164.359620
v -451.988956 6.538055 82.179810
v -451.988956 12.015287 0.000000
v -451.988956 63.429532 -82.179810
v -451.988956 100.173282 -164.359620
v -451.988956 88.998832 -246.539431
v -451.988956 56.878402 -328.719241
v -451.988956 35.039994 -410.899051
v -451.988956 8.737650 -493.078861
v -451.988956 6.538055 -575.258672
v -451.988956 6.538055 -657.438482
v -451.988956 -6.538055 -657.438482
v -451.988956 -4.422807 -493.078861
v -451.988956 21.575754 -410.899051
v -451.988956 44.177725 -328.719241
v -451.988956 77.775336 -246.539431
v -451.988956 85.989905 -164.359620
v -451.988956 49.366818 -82.179810
v -451.988956 -1.300684 0.000000
v -451.988956 -6.538055 657.438482
v -369.809146 6.538055 657.438482
v -369.809146 6.538055 575.258672
v -369.809146 6.538055 493.078861
v -369.809146 6.538055 410.899051
v -369.809146 6.538055 328.719241
v -369.809146 6.538055 246.539431
v -369.809146 6.538055 164.359620
v -369.809146 6.538055 82.179810
v -369.809146 7.294246 0.000000
v -369.809146 38.695902 -82.179810
v -369.809146 65.629127 -164.359620
v -369.809146 65.161670 -246.539431
v -369.809146 53.485033 -328.719241
v -369.809146 35.039994 -410.899051
v -369.809146 8.737650 -493.078861
v -369.809146 6.538055 -575.258672
v -369.809146 6.538055 -657.438482
v -369.809146 -6.538055 -657.438482
v -369.809146 -4.422807 -493.078861
v -369.809146 21.575754 -410.899051
v -369.809146 40.111652 -328.719241
v -369.809146 53.252062 -246.539431
v -369.809146 51.740680 -164.359620
v -369.809146 24.933335 -82.179810
v -369.809146 -5.862387 0.000000
v -369.809146 -6.538055 657.438482
v -287.629336 6.538055 657.438482
v -287.629336 6.538055 575.258672
v -287.629336 7.903538 493.078861
v -287.629336 18.918352 410.899051
v -287.629336 18.918352 328.719241
v -287.629336 7.903538 246.539431
v -287.629336 6.538055 164.359620
v -287.629336 6.538055 82.179810
v -287.629336 6.538055 0.000000
v -287.629336 6.514702 -82.179810
v -287.629336 11.235742 -164.359620
v -287.629336 14.406550 -246.539431
v -287.629336 22.144890 -328.719241
v -287.629336 13.650360 -410.899051
v -287.629336 6.538055 -493.078861
v -287.629336 6.538055 -575.258672
v -287.629336 6.538055 -657.438482
v -287.629336 -6.538055 -657.438482
v -287.629336 0.408882 -410.899051
v -287.629336 8.803123 -328.719241
v -287.629336 1.165071 -246.539431
v -287.629336 -2.050336 -164.359620
v -287.629336 -6.612039 -82.179810
v -287.629336 -5.235690 246.539431
v -287.629336 5.616800 328.719241
v -287.629336 5.616800 410.899051
v -287.629336 -5.235690 493.078861
v -287.629336 -6.538055 657.438482
v -205.449526 6.538055 657.438482
v -205.449526 6.538055 575.258672
v -205.449526 18.918352 493.078861
v -205.449526 45.857244 410.899051
v -205.449526 45.857244 328.719241
v -205.449526 18.918352 246.539431
v -205.449526 6.538055 164.359620
v -205.449526 6.538055 82.179810
v -205.449526 4.017428 0.000000
v -205.449526 4.017428 -246.539431
v -205.449526 6.538055 -328.719241
v -205.449526 6.538055 -410.899051
v -205.449526 6.538055 -493.078861
v -205.449526 6.538055 -575.258672
v -205.449526 6.538055 -657.438482
v -205.449526 -6.538055 -657.438482
v -205.449526 5.616800 246.539431
v -205.449526 32.312236 328.719241
v -205.449526 32.312236 410.899051
v -205.449526 5.616800 493.078861
v -205.449526 -6.538055 657.438482
v -123.269715 6.538055 657.438482
v -123.269715 6.538055 575.258672
v -123.269715 18.918352 493.078861
v -123.269715 45.857244 410.899051
v -123.269715 45.857244 328.719241
v -123.269715 18.918352 246.539431
v -123.269715 6.538055 164.359620
v -123.269715 6.538055 82.179810
v -123.269715 1.006934 0.000000
v -123.269715 1.006934 -246.539431
v -123.269715 3.523665 -328.719241
v -123.269715 -0.076550 -410.899051
v -123.269715 3.523665 -493.078861
v -123.269715 6.538055 -575.258672
v -123.269715 6.538055 -657.438482
v -123.269715 -6.538055 -657.438482
v -123.269715 5.616800 246.539431
v -123.269715 32.312236 328.719241
v -123.269715 32.312236 410.899051
v -123.269715 5.616800 493.078861
v -123.269715 -6.538055 657.438482
v -41.089905 6.538055 657.438482
v -41.089905 6.538055 575.258672
v -41.089905 7.903538 493.078861
v -41.089905 18.918352 410.899051
v -41.089905 18.918352 328.719241
v -41.089905 7.903538 246.539431
v -41.089905 6.538055 164.359620
v -41.089905 6.538055 82.179810
v -41.089905 4.017428 0.000000
v -41.089905 5.605806 -575.258672
v -41.089905 6.538055 -657.438482
v -41.089905 -6.538055 -657.438482
v -41.089905 -5.235690 246.539431
v -41.089905 5.616800 328.719241
v -41.089905 5.616800 410.899051
v -41.089905 -5.235690 493.078861
v -41.089905 -6.538055 657.438482
v 41.089905 6.538055 657.438482
v 41.089905 6.538055 575.258672
v 41.089905 6.538055 493.078861
v 41.089905 6.538055 410.899051
v 41.089905 6.538055 328.719241
v 41.089905 6.538055 246.539431
v 41.089905 6.538055 164.359620
v 41.089905 6.538055 82.179810
v 41.089905 6.538055 0.000000
v 41.089905 5.253344 -82.179810
v 41.089905 5.605806 -575.258672
v 41.089905 6.538055 -657.438482
v 41.089905 -6.538055 -657.438482
v 41.089905 -6.538055 657.438482
v 123.269715 6.538055 657.438482
v 123.269715 6.538055 575.258672
v 123.269715 6.538055 493.078861
v 123.269715 6.538055 410.899051
v 123.269715 6.538055 328.719241
v 123.269715 6.538055 246.539431
v 123.269715 6.538055 164.359620
v 123.269715 6.538055 82.179810
v 123.269715 6.538055 0.000000
v 123.269715 1.957917 -82.179810
v 123.269715 -1.056472 -328.719241
v 123.269715 -0.076550 -410.899051
v 123.269715 3.523665 -493.078861
v 123.269715 6.538055 -575.258672
v 123.269715 6.538055 -657.438482
v 123.269715 -6.538055 -657.438482
v 123.269715 -6.538055 657.438482
v 205.449526 -6.538055 657.438482
v 205.449526 6.538055 657.438482
v 205.449526 6.538055 575.258672
v 205.449526 6.538055 493.078861
v 205.449526 6.538055 410.899051
v 205.449526 6.538055 328.719241
v 205.449526 15.275521 246.539431
v 205.449526 25.711055 164.359620
v 205.449526 15.275521 82.179810
v 205.449526 6.538055 0.000000
v 205.449526 1.957917 -82.179810
v 205.449526 -0.588867 -246.539431
v 205.449526 18.684878 -328.719241
v 205.449526 14.176841 -410.899051
v 205.449526 6.538055 -493.078861
v 205.449526 6.538055 -575.258672
v 205.449526 6.538055 -657.438482
v 205.449526 -6.538055 -657.438482
v 205.449526 0.923124 -410.899051
v 205.449526 5.214186 -328.719241
v 205.449526 -14.036389 -246.539431
v 205.449526 1.996256 82.179810
v 205.449526 12.308574 164.359620
v 205.449526 1.996256 246.539431
v 287.629336 6.538055 657.438482
v 287.629336 6.538055 575.258672
v 287.629336 6.538055 493.078861
v 287.629336 6.538055 410.899051
v 287.629336 9.240257 328.719241
v 287.629336 47.711367 246.539431
v 287.629336 77.099705 164.359620
v 287.629336 47.711367 82.179810
v 287.629336 9.240257 0.000000
v 287.629336 6.032889 -82.179810
v 287.629336 4.309117 -164.359620
v 287.629336 32.518343 -246.539431
v 287.629336 56.224881 -328.719241
v 287.629336 37.149822 -410.899051
v 287.629336 8.889255 -493.078861
v 287.629336 6.538055 -575.258672
v 287.629336 6.538055 -657.438482
v 287.629336 -6.538055 -657.438482
v 287.629336 -4.266227 -493.078861
v 287.629336 23.656859 -410.899051
v 287.629336 42.554528 -328.719241
v 287.629336 18.826793 -246.539431
v 287.629336 -8.834556 -164.359620
v 287.629336 -3.939473 0.000000
v 287.629336 33.893770 82.179810
v 287.629336 63.756393 164.359620
v 287.629336 33.893770 246.539431
v 287.629336 -3.939473 328.719241
v 287.629336 -6.538055 657.438482
v 369.809146 6.538055 657.438482
v 369.809146 6.538055 575.258672
v 369.809146 6.538055 493.078861
v 369.809146 6.538055 410.899051
v 369.809146 10.601823 328.719241
v 369.809146 66.267441 246.539431
v 369.809146 103.725386 164.359620
v 369.809146 66.267441 82.179810
v 369.809146 10.601823 0.000000
v 369.809146 6.538055 -82.179810
v 369.809146 8.889255 -164.359620
v 369.809146 37.149822 -246.539431
v 369.809146 56.730042 -328.719241
v 369.809146 37.149822 -410.899051
v 369.809146 8.889255 -493.078861
v 369.809146 6.538055 -575.258672
v 369.809146 6.538055 -657.438482
v 369.809146 -6.538055 -657.438482
v 369.809146 -4.266227 -493.078861
v 369.809146 23.656859 -410.899051
v 369.809146 43.079361 -328.719241
v 369.809146 23.656859 -246.539431
v 369.809146 -4.266227 -164.359620
v 369.809146 -2.959018 0.000000
v 369.809146 52.091515 82.179810
v 369.809146 90.780670 164.359620
v 369.809146 52.091515 246.539431
v 369.809146 -2.959018 328.719241
v 369.809146 -6.538055 657.438482
v 451.988956 6.538055 657.438482
v 451.988956 6.538055 575.258672
v 451.988956 6.538055 493.078861
v 451.988956 6.538055 410.899051
v 451.988956 7.825767 328.719241
v 451.988956 38.156388 246.539431
v 451.988956 65.145371 164.359620
v 451.988956 38.156388 82.179810
v 451.988956 7.825767 0.000000
v 451.988956 6.538055 -82.179810
v 451.988956 6.538055 -164.359620
v 451.988956 14.176841 -246.539431
v 451.988956 23.300173 -328.719241
v 451.988956 14.176841 -410.899051
v 451.988956 6.538055 -493.078861
v 451.988956 6.538055 -575.258672
v 451.988956 6.538055 -657.438482
v 451.988956 -6.538055 -657.438482
v 451.988956 0.923124 -410.899051
v 451.988956 9.938735 -328.719241
v 451.988956 0.923124 -246.539431
v 451.988956 -5.636611 0.000000
v 451.988956 23.033275 82.179810
v 451.988956 49.800802 164.359620
v 451.988956 23.033275 246.539431
v 451.988956 -5.636611 328.719241
v 451.988956 -6.538055 657.438482
v 534.168767 6.538055 657.438482
v 534.168767 6.538055 575.258672
v 534.168767 6.538055 493.078861
v 534.168767 6.538055 410.899051
v 534.168767 6.538055 328.719241
v 534.168767 11.452262 246.539431
v 534.168767 18.036401 164.359620
v 534.168767 11.452262 82.179810
v 534.168767 6.538055 0.000000
v 534.168767 6.538055 -82.179810
v 534.168767 6.538055 -164.359620
v 534.168767 6.538055 -246.539431
v 534.168767 6.538055 -328.719241
v 534.168767 6.538055 -410.899051
v 534.168767 6.538055 -493.078861
v 534.168767 6.538055 -575.258672
v 534.168767 6.538055 -657.438482
v 534.168767 -6.538055 -657.438482
v 534.168767 -2.476480 82.179810
v 534.168767 3.527106 164.359620
v 534.168767 -2.476480 246.539431
v 534.168767 -6.538055 657.438482
v 616.348577 6.538055 657.438482
v 616.348577 6.538055 575.258672
v 616.348577 6.538055 493.078861
v 616.348577 6.538055 410.899051
v 616.348577 6.538055 328.719241
v 616.348577 6.538055 246.539431
v 616.348577 6.538055 164.359620
v 616.348577 6.538055 82.179810
v 616.348577 6.538055 0.000000
v 616.348577 6.538055 -82.179810
v 616.348577 6.538055 -164.359620
v 616.348577 6.538055 -246.539431
v 616.348577 6.538055 -328.719241
v 616.348577 6.538055 -410.899051
v 616.348577 6.538055 -493.078861
v 616.348577 6.538055 -575.258672
v 616.348577 6.538055 -657.438482
v 616.348577 -6.538055 -657.438482
v 616.348577 -6.538055 657.438482
v 657.438482 6.538055 616.348577
v 616.348577 6.538055 616.348577
v 575.258672 6.538055 616.348577
v 534.168767 6.538055 616.348577
v 493.078861 6.538055 616.348577
v 451.988956 6.538055 616.348577
v 410.899051 6.538055 616.348577
v 369.809146 6.538055 616.348577
v 328.719241 6.538055 616.348577
v 287.629336 6.538055 616.348577
v 246.539431 6.538055 616.348577
v 205.449526 6.538055 616.348577
v 164.359620 6.538055 616.348577
v 123.269715 6.538055 616.348577
v 82.179810 6.538055 616.348577
v 41.089905 6.538055 616.348577
v 0.000000 6.538055 616.348577
v -41.089905 6.538055 616.348577
v -82.179810 6.538055 616.348577
v -123.269715 6.538055 616.348577
v -164.359620 6.538055 616.348577
v -205.449526 6.538055 616.348577
v -246.539431 6.538055 616.348577
v -287.629336 6.538055 616.348577
v -328.719241 6.538055 616.348577
v -369.809146 6.538055 616.348577
v -410.899051 6.538055 616.348577
v -451.988956 6.538055 616.348577
v -493.078861 6.538055 616.348577
v -534.168767 6.538055 616.348577
v -575.258672 6.538055 616.348577
v -616.348577 6.538055 616.348577
v -657.438482 6.538055 616.348577
v -657.438482 -6.538055 616.348577
v 657.438482 -6.538055 616.348577
v 657.438482 6.538055 534.168767
v 616.348577 6.538055 534.168767
v 575.258672 6.538055 534.168767
v 534.168767 6.538055 534.168767
v 493.078861 6.538055 534.168767
v 451.988956 6.538055 534.168767
v 410.899051 6.538055 534.168767
v 369.809146 6.538055 534.168767
v 328.719241 6.538055 534.168767
v 287.629336 6.538055 534.168767
v 246.539431 6.538055 534.168767
v 205.449526 6.538055 534.168767
v 164.359620 6.538055 534.168767
v 123.269715 6.538055 534.168767
v 82.179810 6.538055 534.168767
v 41.089905 6.538055 534.168767
v 0.000000 6.538055 534.168767
v -41.089905 6.538055 534.168767
v -82.179810 6.947218 534.168767
v -123.269715 8.616086 534.168767
v -164.359620 9.497596 534.168767
v -205.449526 8.616086 534.168767
v -246.539431 6.947218 534.168767
v -287.629336 6.538055 534.168767
v -328.719241 6.538055 534.168767
v -369.809146 6.538055 534.168767
v -410.899051 6.538055 534.168767
v -451.988956 6.538055 534.168767
v -493.078861 6.538055 534.168767
v -534.168767 6.538055 534.168767
v -575.258672 6.538043 534.168767
v -616.348577 6.538046 534.168767
v -657.438482 6.538046 534.168767
v -657.438482 -6.538052 534.168767
v -246.539431 -6.128892 534.168767
v -205.449526 -4.539710 534.168767
v -164.359620 -3.675761 534.168767
v -123.269715 -4.539710 534.168767
v -82.179810 -6.128892 534.168767
v 657.438482 -6.538055 534.168767
v 657.438482 6.538055 451.988956
v 616.348577 6.538055 451.988956
v 575.258672 6.538055 451.988956
v 534.168767 6.538055 451.988956
v 493.078861 6.538055 451.988956
v 451.988956 6.538055 451.988956
v 410.899051 6.538055 451.988956
v 369.809146 6.538055 451.988956
v 328.719241 6.538055 451.988956
v 287.629336 6.538055 451.988956
v 246.539431 6.538055 451.988956
v 205.449526 6.538055 451.988956
v 164.359620 6.538055 451.988956
v 123.269715 6.538055 451.988956
v 82.179810 6.538055 451.988956
v 41.089905 6.538055 451.988956
v 0.000000 6.947218 451.988956
v -41.089905 13.257285 451.988956
v -82.179810 23.905646 451.988956
v -123.269715 33.464783 451.988956
v -164.359620 37.260992 451.988956
v -205.449526 33.464783 451.988956
v -246.539431 23.905646 451.988956
v -287.629336 13.257285 451.988956
v -328.719241 6.947218 451.988956
v -369.809146 6.538055 451.988956
v -410.899051 6.538055 451.988956
v -451.988956 6.538055 451.988956
v -493.078861 -18.942565 451.988956
v -534.168767 -18.942565 451.988956
v -575.258672 -48.190334 451.988956
v -616.348577 -84.564463 451.988956
v -657.438482 -147.946327 451.988956
v -657.438482 -161.022437 451.988956
v -328.719241 -6.021972 451.988956
v -287.629336 0.024948 451.988956
v -246.539431 10.551704 451.988956
v -205.449526 20.021998 451.988956
v -164.359620 23.785678 451.988956
v -123.269715 20.021998 451.988956
v -82.179810 10.551704 451.988956
v -41.089905 0.024948 451.988956
v 0.000000 -6.128892 451.988956
v 657.438482 -6.538055 451.988956
v 657.438482 6.538055 369.809146
v 616.348577 6.538055 369.809146
v 575.258672 6.538055 369.809146
v 534.168767 6.538055 369.809146
v 493.078861 6.538055 369.809146
v 451.988956 6.538055 369.809146
v 410.899051 6.538055 369.809146
v 369.809146 6.538055 369.809146
v 328.719241 6.538055 369.809146
v 287.629336 6.538055 369.809146
v 246.539431 6.538055 369.809146
v 205.449526 6.538055 369.809146
v 164.359620 6.538055 369.809146
v 123.269715 6.538055 369.809146
v 82.179810 6.538055 369.809146
v 41.089905 6.538055 369.809146
v 0.000000 9.497596 369.809146
v -41.089905 21.282353 369.809146
v -82.179810 37.260992 369.809146
v -123.269715 50.688703 369.809146
v -164.359620 55.897509 369.809146
v -205.449526 50.688703 369.809146
v -246.539431 37.260992 369.809146
v -287.629336 21.282353 369.809146
v -328.719241 9.497596 369.809146
v -369.809146 6.538055 369.809146
v -410.899051 6.538055 369.809146
v -451.988956 6.538055 369.809146
v -493.078861 -18.942565 369.809146
v -328.719241 -3.568842 369.809146
v -287.629336 7.955260 369.809146
v -246.539431 23.785678 369.809146
v -205.449526 37.106412 369.809146
v -164.359620 42.276242 369.809146
v -123.269715 37.106412 369.809146
v -82.179810 23.785678 369.809146
v -41.089905 7.955260 369.809146
v 0.000000 -3.675761 369.809146
v 657.438482 -6.538055 369.809146
v 657.438482 6.538055 287.629336
v 616.348577 6.538055 287.629336
v 575.258672 6.538055 287.629336
v 534.168767 7.309233 287.629336
v 493.078861 11.452262 287.629336
v 451.988956 18.005360 287.629336
v 410.899051 27.552141 287.629336
v 369.809146 33.341520 287.629336
v 328.719241 31.531411 287.629336
v 287.629336 23.705374 287.629336
v 246.539431 15.275521 287.629336
v 205.449526 8.313684 287.629336
v 164.359620 6.538055 287.629336
v 123.269715 6.538055 287.629336
v 82.179810 6.538055 287.629336
v 41.089905 6.538055 287.629336
v 0.000000 6.947218 287.629336
v -41.089905 13.257285 287.629336
v -82.179810 23.905646 287.629336
v -123.269715 33.464783 287.629336
v -164.359620 37.260992 287.629336
v -205.449526 33.464783 287.629336
v -246.539431 23.905646 287.629336
v -287.629336 13.257285 287.629336
v -328.719241 6.947218 287.629336
v -369.809146 6.538055 287.629336
v -410.899051 6.538055 287.629336
v -451.988956 6.538055 287.629336
v -493.078861 -18.942565 287.629336
v -328.719241 -6.021972 287.629336
v -287.629336 0.024948 287.629336
v -246.539431 10.551704 287.629336
v -205.449526 20.021998 287.629336
v -164.359620 23.785678 287.629336
v -123.269715 20.021998 287.629336
v -82.179810 10.551704 287.629336
v -41.089905 0.024948 287.629336
v 0.000000 -6.128892 287.629336
v 205.449526 -4.844503 287.629336
v 246.539431 1.996256 287.629336
v 287.629336 10.095609 287.629336
v 328.719241 17.545326 287.629336
v 369.809146 19.039137 287.629336
v 410.899051 13.029965 287.629336
v 451.988956 3.596793 287.629336
v 493.078861 -2.476480 287.629336
v 534.168767 -6.052588 287.629336
v 657.438482 -6.538055 287.629336
v 657.438482 6.538055 205.449526
v 616.348577 6.538055 205.449526
v 575.258672 7.825767 205.449526
v 534.168767 16.077037 205.449526
v 493.078861 31.351383 205.449526
v 451.988956 57.374922 205.449526
v 410.899051 82.088961 205.449526
v 369.809146 93.511577 205.449526
v 328.719241 88.113880 205.449526
v 287.629336 68.901117 205.449526
v 246.539431 43.453194 205.449526
v 205.449526 22.636984 205.449526
v 164.359620 9.240257 205.449526
v 123.269715 6.538055 205.449526
v 82.179810 6.538055 205.449526
v 41.089905 6.538055 205.449526
v 0.000000 6.538055 205.449526
v -41.089905 6.538055 205.449526
v -82.179810 6.947218 205.449526
v -123.269715 8.616086 205.449526
v -164.359620 9.497596 205.449526
v -205.449526 8.616086 205.449526
v -246.539431 6.947218 205.449526
v -287.629336 6.538055 205.449526
v -328.719241 6.538055 205.449526
v -369.809146 6.538055 205.449526
v -410.899051 6.538055 205.449526
v -451.988956 6.538055 205.449526
v -493.078861 -18.942565 205.449526
v -534.168767 -18.942565 205.449526
v -575.258672 -48.190315 205.449526
v -616.348577 -84.564463 205.449526
v -657.438482 -147.946327 205.449526
v -657.438482 -161.022437 205.449526
v -246.539431 -6.128892 205.449526
v -205.449526 -4.539710 205.449526
v -164.359620 -3.675761 205.449526
v -123.269715 -4.539710 205.449526
v -82.179810 -6.128892 205.449526
v 164.359620 -3.939473 205.449526
v 205.449526 9.267715 205.449526
v 246.539431 29.765856 205.449526
v 287.629336 55.359395 205.449526
v 328.719241 74.951250 205.449526
v 369.809146 80.125323 205.449526
v 410.899051 67.675437 205.449526
v 451.988956 42.029937 205.449526
v 493.078861 16.106750 205.449526
v 534.168767 1.724485 205.449526
v 657.438482 -6.538055 205.449526
v 657.438482 6.538055 123.269715
v 616.348577 6.538055 123.269715
v 575.258672 7.825767 123.269715
v 534.168767 16.077037 123.269715
v 493.078861 31.351383 123.269715
v 451.988956 57.374922 123.269715
v 410.899051 82.088961 123.269715
v 369.809146 93.511577 123.269715
v 328.719241 88.113880 123.269715
v 287.629336 68.901117 123.269715
v 246.539431 43.453194 123.269715
v 205.449526 22.636984 123.269715
v 164.359620 9.240257 123.269715
v 123.269715 6.538055 123.269715
v 82.179810 6.538055 123.269715
v 41.089905 6.538055 123.269715
v 0.000000 6.538055 123.269715
v -41.089905 6.538055 123.269715
v -82.179810 6.538055 123.269715
v -123.269715 6.538055 123.269715
v -164.359620 6.538055 123.269715
v -205.449526 6.538055 123.269715
v -246.539431 6.538055 123.269715
v -287.629336 6.538055 123.269715
v -328.719241 6.538055 123.269715
v -369.809146 6.538055 123.269715
v -410.899051 6.538055 123.269715
v -451.988956 6.538055 123.269715
v -493.078861 6.538055 123.269715
v -534.168767 6.538055 123.269715
v -575.258672 6.538055 123.269715
v -616.348577 6.538055 123.269715
v -657.438482 6.538046 123.269715
v -657.438482 -6.538064 123.269715
v 164.359620 -3.939473 123.269715
v 205.449526 9.267715 123.269715
v 246.539431 29.765856 123.269715
v 287.629336 55.359395 123.269715
v 328.719241 74.951250 123.269715
v 369.809146 80.125323 123.269715
v 410.899051 67.675437 123.269715
v 451.988956 42.029937 123.269715
v 493.078861 16.106750 123.269715
v 534.168767 1.724485 123.269715
v 657.438482 -6.538055 123.269715
v 657.438482 6.538055 41.089905
v 616.348577 6.538055 41.089905
v 575.258672 6.538055 41.089905
v 534.168767 7.309233 41.089905
v 493.078861 11.452262 41.089905
v 451.988956 18.005360 41.089905
v 410.899051 27.552141 41.089905
v 369.809146 33.341520 41.089905
v 328.719241 31.531411 41.089905
v 287.629336 23.705374 41.089905
v 246.539431 15.275521 41.089905
v 205.449526 8.313684 41.089905
v 164.359620 6.538055 41.089905
v 123.269715 6.538055 41.089905
v 82.179810 6.538055 41.089905
v 41.089905 6.538055 41.089905
v 0.000000 6.538055 41.089905
v -41.089905 6.384563 41.089905
v -82.179810 5.758511 41.089905
v -123.269715 5.427824 41.089905
v -164.359620 5.758511 41.089905
v -205.449526 6.384563 41.089905
v -246.539431 6.538055 41.089905
v -287.629336 6.538055 41.089905
v -328.719241 6.538055 41.089905
v -369.809146 6.538055 41.089905
v -410.899051 6.538055 41.089905
v -451.988956 6.538055 41.089905
v -493.078861 6.538055 41.089905
v -534.168767 6.538055 41.089905
v -575.258672 6.538055 41.089905
v -616.348577 6.538055 41.089905
v -657.438482 6.538055 41.089905
v -657.438482 -6.538055 41.089905
v 205.449526 -4.844503 41.089905
v 246.539431 1.996256 41.089905
v 287.629336 10.095609 41.089905
v 328.719241 17.545326 41.089905
v 369.809146 19.039137 41.089905
v 410.899051 13.029965 41.089905
v 451.988956 3.596793 41.089905
v 493.078861 -2.476480 41.089905
v 534.168767 -6.052588 41.089905
v 657.438482 -6.538055 41.089905
v 657.438482 6.538055 -41.089905
v 616.348577 6.538055 -41.089905
v 575.258672 6.538055 -41.089905
v 534.168767 6.538055 -41.089905
v 493.078861 6.538055 -41.089905
v 451.988956 6.538055 -41.089905
v 410.899051 6.538055 -41.089905
v 369.809146 6.538055 -41.089905
v 328.719241 6.538055 -41.089905
v 287.629336 6.538055 -41.089905
v 246.539431 6.386684 -41.089905
v 205.449526 5.769280 -41.089905
v 164.359620 5.443162 -41.089905
v 123.269715 5.769280 -41.089905
v 82.179810 6.386684 -41.089905
v 41.089905 6.384563 -41.089905
v 0.000000 4.017428 -41.089905
v -41.089905 0.022841 -41.089905
v -205.449526 0.022841 -41.089905
v -246.539431 4.017428 -41.089905
v -287.629336 6.384563 -41.089905
v -328.719241 9.064186 -41.089905
v -369.809146 18.976804 -41.089905
v -410.899051 29.459999 -41.089905
v -451.988956 33.842495 -41.089905
v -493.078861 29.459999 -41.089905
v -534.168767 18.976804 -41.089905
v -575.258672 9.064186 -41.089905
v -616.348577 6.538055 -41.089905
v -657.438482 6.538055 -41.089905
v -657.438482 -6.538055 -41.089905
v -616.348577 -6.538055 -41.089905
v -575.258672 -4.167387 -41.089905
v -534.168767 5.514995 -41.089905
v -493.078861 15.826980 -41.089905
v -451.988956 20.176780 -41.089905
v -410.899051 15.826980 -41.089905
v -369.809146 5.514995 -41.089905
v -328.719241 -4.167387 -41.089905
v -287.629336 -6.691547 -41.089905
v 657.438482 -6.538055 -41.089905
v 657.438482 6.538055 -123.269715
v 616.348577 6.538055 -123.269715
v 575.258672 6.538055 -123.269715
v 534.168767 6.538055 -123.269715
v 493.078861 6.538055 -123.269715
v 451.988956 6.538055 -123.269715
v 410.899051 6.538055 -123.269715
v 369.809146 6.538055 -123.269715
v 328.719241 6.386684 -123.269715
v 287.629336 4.052250 -123.269715
v 246.539431 0.112848 -123.269715
v 82.179810 0.112848 -123.269715
v 41.089905 2.942018 -123.269715
v 0.000000 0.855563 -123.269715
v -246.539431 1.006934 -123.269715
v -287.629336 9.273041 -123.269715
v -328.719241 29.459999 -123.269715
v -369.809146 56.399004 -123.269715
v -410.899051 79.349954 -123.269715
v -451.988956 88.307457 -123.269715
v -493.078861 79.349954 -123.269715
v -534.168767 56.399004 -123.269715
v -575.258672 29.459999 -123.269715
v -616.348577 10.383273 -123.269715
v -657.438482 6.538055 -123.269715
v -657.438482 -6.538055 -123.269715
v -616.348577 -2.889278 -123.269715
v -575.258672 15.826980 -123.269715
v -534.168767 42.416712 -123.269715
v -493.078861 65.114844 -123.269715
v -451.988956 73.970638 -123.269715
v -410.899051 65.114844 -123.269715
v -369.809146 42.416712 -123.269715
v -328.719241 15.826980 -123.269715
v -287.629336 -3.963027 -123.269715
v 657.438482 -6.538055 -123.269715
v 657.438482 6.538055 -205.449526
v 616.348577 6.538055 -205.449526
v 575.258672 6.538055 -205.449526
v 534.168767 6.538055 -205.449526
v 493.078861 6.538055 -205.449526
v 451.988956 8.090410 -205.449526
v 410.899051 14.176841 -205.449526
v 369.809146 20.612652 -205.449526
v 328.719241 22.205281 -205.449526
v 287.629336 15.113135 -205.449526
v 246.539431 2.676365 -205.449526
v 205.449526 -8.354443 -205.449526
v -205.449526 0.022841 -205.449526
v -246.539431 4.017428 -205.449526
v -287.629336 11.675146 -205.449526
v -328.719241 36.524939 -205.449526
v -369.809146 69.049801 -205.449526
v -410.899051 94.068497 -205.449526
v -451.988956 100.776286 -205.449526
v -493.078861 86.363915 -205.449526
v -534.168767 57.844368 -205.449526
v -575.258672 29.459999 -205.449526
v -616.348577 10.383273 -205.449526
v -657.438482 6.538055 -205.449526
v -657.438482 -6.538055 -205.449526
v -616.348577 -2.889278 -205.449526
v -575.258672 15.826980 -205.449526
v -534.168767 43.953950 -205.449526
v -493.078861 72.892227 -205.449526
v -451.988956 88.097282 -205.449526
v -410.899051 81.639667 -205.449526
v -369.809146 56.188810 -205.449526
v -328.719241 23.172710 -205.449526
v -287.629336 -1.664216 -205.449526
v 246.539431 -10.720376 -205.449526
v 287.629336 1.667912 -205.449526
v 328.719241 8.832023 -205.449526
v 369.809146 7.280250 -205.449526
v 410.899051 0.923124 -205.449526
v 451.988956 -5.096850 -205.449526
v 657.438482 -6.538055 -205.449526
v 657.438482 6.538055 -287.629336
v 616.348577 6.538055 -287.629336
v 575.258672 6.538055 -287.629336
v 534.168767 6.538055 -287.629336
v 493.078861 8.889255 -287.629336
v 451.988956 20.612652 -287.629336
v 410.899051 37.149822 -287.629336
v 369.809146 51.238247 -287.629336
v 328.719241 56.578677 -287.629336
v 287.629336 48.733094 -287.629336
v 246.539431 30.623626 -287.629336
v 205.449526 10.501910 -287.629336
v 164.359620 -2.534216 -287.629336
v -82.179810 2.744121 -287.629336
v -123.269715 4.815239 -287.629336
v -164.359620 5.758511 -287.629336
v -205.449526 6.384563 -287.629336
v -246.539431 8.737650 -287.629336
v -287.629336 19.642599 -287.629336
v -328.719241 37.114874 -287.629336
v -369.809146 58.119133 -287.629336
v -410.899051 71.643060 -287.629336
v -451.988956 71.422952 -287.629336
v -493.078861 56.312672 -287.629336
v -534.168767 31.887908 -287.629336
v -575.258672 11.263779 -287.629336
v -616.348577 6.538055 -287.629336
v -657.438482 6.538055 -287.629336
v -657.438482 -6.538055 -287.629336
v -616.348577 -6.538055 -287.629336
v -575.258672 -2.052138 -287.629336
v -534.168767 18.766613 -287.629336
v -493.078861 44.106927 -287.629336
v -451.988956 60.109052 -287.629336
v -410.899051 60.317482 -287.629336
v -369.809146 45.923811 -287.629336
v -328.719241 23.946427 -287.629336
v -287.629336 6.327863 -287.629336
v -246.539431 -4.422807 -287.629336
v 164.359620 -15.698464 -287.629336
v 205.449526 -3.066608 -287.629336
v 246.539431 16.838722 -287.629336
v 287.629336 34.985929 -287.629336
v 328.719241 42.927990 -287.629336
v 369.809146 37.629082 -287.629336
v 410.899051 23.656859 -287.629336
v 451.988956 7.280250 -287.629336
v 493.078861 -4.266227 -287.629336
v 657.438482 -6.538055 -287.629336
v 657.438482 6.538055 -369.809146
v 616.348577 6.538055 -369.809146
v 575.258672 6.538055 -369.809146
v 534.168767 6.538055 -369.809146
v 493.078861 8.889255 -369.809146
v 451.988956 20.612652 -369.809146
v 410.899051 37.149822 -369.809146
v 369.809146 51.238247 -369.809146
v 328.719241 56.730042 -369.809146
v 287.629336 51.238247 -369.809146
v 246.539431 36.998450 -369.809146
v 205.449526 19.843875 -369.809146
v 164.359620 6.862113 -369.809146
v 123.269715 0.218886 -369.809146
v -123.269715 0.987661 -369.809146
v -164.359620 5.605806 -369.809146
v -205.449526 6.538055 -369.809146
v -246.539431 8.737650 -369.809146
v -287.629336 19.642599 -369.809146
v -328.719241 35.039997 -369.809146
v -369.809146 48.157419 -369.809146
v -410.899051 53.271522 -369.809146
v -451.988956 48.157419 -369.809146
v -493.078861 35.039994 -369.809146
v -534.168767 19.642599 -369.809146
v -575.258672 8.737650 -369.809146
v -616.348577 6.538055 -369.809146
v -657.438482 6.538055 -369.809146
v -657.438482 -6.538055 -369.809146
v -575.258672 -4.422807 -369.809146
v -534.168767 6.327863 -369.809146
v -493.078861 21.575754 -369.809146
v -451.988956 34.584976 -369.809146
v -410.899051 39.659611 -369.809146
v -369.809146 34.584976 -369.809146
v -328.719241 21.575759 -369.809146
v -287.629336 6.327863 -369.809146
v -246.539431 -4.422807 -369.809146
v 164.359620 -6.227913 -369.809146
v 205.449526 6.540953 -369.809146
v 246.539431 23.505486 -369.809146
v 287.629336 37.629082 -369.809146
v 328.719241 43.079361 -369.809146
v 369.809146 37.629082 -369.809146
v 410.899051 23.656859 -369.809146
v 451.988956 7.280250 -369.809146
v 493.078861 -4.266227 -369.809146
v 657.438482 -6.538055 -369.809146
v 657.438482 6.538055 -451.988956
v 616.348577 6.538055 -451.988956
v 575.258672 6.538055 -451.988956
v 534.168767 6.538055 -451.988956
v 493.078861 6.538055 -451.988956
v 451.988956 8.090410 -451.988956
v 410.899051 14.176841 -451.988956
v 369.809146 20.612652 -451.988956
v 328.719241 23.300173 -451.988956
v 287.629336 20.612652 -451.988956
v 246.539431 14.176841 -451.988956
v 205.449526 8.090410 -451.988956
v 164.359620 5.605806 -451.988956
v 123.269715 0.987661 -451.988956
v -123.269715 0.987661 -451.988956
v -164.359620 5.605806 -451.988956
v -205.449526 6.538055 -451.988956
v -246.539431 6.538055 -451.988956
v -287.629336 7.983419 -451.988956
v -328.719241 13.650360 -451.988956
v -369.809146 19.642599 -451.988956
v -410.899051 22.144890 -451.988956
v -451.988956 19.642599 -451.988956
v -493.078861 13.650360 -451.988956
v -534.168767 7.983419 -451.988956
v -575.258672 6.538055 -451.988956
v -616.348577 6.538055 -451.988956
v -657.438482 6.538055 -451.988956
v -657.438482 -6.538055 -451.988956
v -534.168767 -5.159502 -451.988956
v -493.078861 0.408882 -451.988956
v -451.988956 6.327863 -451.988956
v -410.899051 8.803123 -451.988956
v -369.809146 6.327863 -451.988956
v -328.719241 0.408882 -451.988956
v -287.629336 -5.159502 -451.988956
v 205.449526 -5.096850 -451.988956
v 246.539431 0.923124 -451.988956
v 287.629336 7.280250 -451.988956
v 328.719241 9.938735 -451.988956
v 369.809146 7.280250 -451.988956
v 410.899051 0.923124 -451.988956
v 451.988956 -5.096850 -451.988956
v 657.438482 -6.538055 -451.988956
v 657.438482 6.538055 -534.168767
v 616.348577 6.538055 -534.168767
v 575.258672 6.538055 -534.168767
v 534.168767 6.538055 -534.168767
v 493.078861 6.538055 -534.168767
v 451.988956 6.538055 -534.168767
v 410.899051 6.538055 -534.168767
v 369.809146 6.538055 -534.168767
v 328.719241 6.538055 -534.168767
v 287.629336 6.538055 -534.168767
v 246.539431 6.538055 -534.168767
v 205.449526 6.538055 -534.168767
v 164.359620 6.538055 -534.168767
v 123.269715 5.925470 -534.168767
v 82.179810 3.523665 -534.168767
v 41.089905 0.987661 -534.168767
v 0.000000 -0.076550 -534.168767
v -41.089905 0.987661 -534.168767
v -82.179810 3.523665 -534.168767
v -123.269715 5.925470 -534.168767
v -164.359620 6.538055 -534.168767
v -205.449526 6.538055 -534.168767
v -246.539431 6.538055 -534.168767
v -287.629336 6.538055 -534.168767
v -328.719241 6.538055 -534.168767
v -369.809146 6.538055 -534.168767
v -410.899051 6.538055 -534.168767
v -451.988956 6.538055 -534.168767
v -493.078861 6.538055 -534.168767
v -534.168767 6.538055 -534.168767
v -575.258672 6.538055 -534.168767
v -616.348577 6.538055 -534.168767
v -657.438482 6.538055 -534.168767
v -657.438482 -6.538055 -534.168767
v 657.438482 -6.538055 -534.168767
v 657.438482 -6.538055 -616.348577
v -657.438482 -6.538055 -616.348577
v -657.438482 6.538055 -616.348577
v -616.348577 6.538055 -616.348577
v -575.258672 6.538055 -616.348577
v -534.168767 6.538055 -616.348577
v -493.078861 6.538055 -616.348577
v -451.988956 6.538055 -616.348577
v -410.899051 6.538055 -616.348577
v -369.809146 6.538055 -616.348577
v -328.719241 6.538055 -616.348577
v -287.629336 6.538055 -616.348577
v -246.539431 6.538055 -616.348577
v -205.449526 6.538055 -616.348577
v -164.359620 6.538055 -616.348577
v -123.269715 6.538055 -616.348577
v -82.179810 6.538055 -616.348577
v -41.089905 6.538055 -616.348577
v 0.000000 6.538055 -616.348577
v 41.089905 6.538055 -616.348577
v 82.179810 6.538055 -616.348577
v 123.269715 6.538055 -616.348577
v 164.359620 6.538055 -616.348577
v 205.449526 6.538055 -616.348577
v 246.539431 6.538055 -616.348577
v 287.629336 6.538055 -616.348577
v 328.719241 6.538055 -616.348577
v 369.809146 6.538055 -616.348577
v 410.899051 6.538055 -616.348577
v 451.988956 6.538055 -616.348577
v 493.078861 6.538055 -616.348577
v 534.168767 6.538055 -616.348577
v 575.258672 6.538055 -616.348577
v 616.348577 6.538055 -616.348577
v 657.438482 6.538055 -616.348577
v -657.438482 -6.538055 616.348577
v -616.348577 -6.538055 616.348577
v -616.348577 -6.538055 657.438482
v -657.438482 -6.538055 657.438482
v 0.000000 -6.538055 616.348577
v 0.000000 -6.538055 657.438482
v 41.089905 -6.538055 616.348577
v 41.089905 -6.538055 657.438482
v -328.719241 -6.538055 616.348577
v -328.719241 -6.538055 657.438482
v -287.629336 -6.538055 616.348577
v -287.629336 -6.538055 657.438482
v -164.359620 -6.538055 616.348577
v -164.359620 -6.538055 657.438482
v -123.269715 -6.538055 616.348577
v -123.269715 -6.538055 657.438482
v -493.078861 -6.538055 616.348577
v -493.078861 -6.538055 657.438482
v -451.988956 -6.538055 616.348577
v -451.988956 -6.538055 657.438482
v 328.719241 -6.538055 616.348577
v 328.719241 -6.538055 657.438482
v 369.809146 -6.538055 616.348577
v 369.809146 -6.538055 657.438482
v 164.359620 -6.538055 616.348577
v 164.359620 -6.538055 657.438482
v 205.449526 -6.538055 616.348577
v 205.449526 -6.538055 657.438482
v 493.078861 -6.538055 616.348577
v 493.078861 -6.538055 657.438482
v 534.168767 -6.538055 616.348577
v 534.168767 -6.538055 657.438482
v -657.438482 -6.538055 -41.089905
v -616.348577 -6.538055 -41.089905
v -616.348577 -6.538055 0.000000
v -657.438482 -6.538055 0.000000
v -328.719241 -6.538055 0.000000
v -287.629336 -6.538055 0.000000
v -328.719241 -4.167387 -41.089905
v -287.629336 -6.691547 -41.089905
v -164.359620 -11.097782 0.000000
v -123.269715 -11.975026 0.000000
v -164.359620 -16.501696 -41.089905
v -123.269715 -17.913594 -41.089905
v 0.000000 -7.026619 0.000000
v 41.089905 -6.538055 0.000000
v 0.000000 -9.000075 -41.089905
v 41.089905 -6.691547 -41.089905
v 164.359620 -6.538055 0.000000
v 205.449526 -6.538055 0.000000
v 164.359620 -7.596972 -41.089905
v 205.449526 -7.277350 -41.089905
v 328.719241 -2.747589 0.000000
v 369.809146 -2.959018 0.000000
v 328.719241 -6.538055 -41.089905
v 369.809146 -6.538055 -41.089905
v 493.078861 -6.538055 0.000000
v 534.168767 -6.538055 0.000000
v 493.078861 -6.538055 -41.089905
v 534.168767 -6.538055 -41.089905
v -616.348577 -84.564463 328.719241
v -657.438482 -147.946327 328.719241
v -616.348577 -84.564463 287.629336
v -657.438482 -147.946327 287.629336
v -657.438482 -161.022437 287.629336
v -657.438482 -161.022437 328.719241
v -616.348577 -97.640573 287.629336
v -616.348577 -97.640573 328.719241
v -493.078861 -32.018675 328.719241
v -451.988956 -32.018675 328.719241
v -493.078861 -32.018675 287.629336
v -451.988956 -32.018675 287.629336
v 0.000000 -4.539710 328.719241
v 41.089905 -6.538055 328.719241
v 0.000000 -6.128892 287.629336
v 41.089905 -6.538055 287.629336
v 164.359620 -6.538055 328.719241
v 205.449526 -6.538055 328.719241
v 164.359620 -6.538055 287.629336
v 205.449526 -4.844503 287.629336
v 493.078861 -6.538055 328.719241
v 534.168767 -6.538055 328.719241
v 493.078861 -2.476480 287.629336
v 534.168767 -6.052588 287.629336
v -657.438482 -161.022437 451.988956
v -616.348577 -97.640573 451.988956
v -616.348577 -6.538064 493.078861
v -657.438482 -6.538064 493.078861
v -493.078861 -6.538055 493.078861
v -451.988956 -6.431135 493.078861
v -493.078861 -32.018675 451.988956
v -451.988956 -32.018675 451.988956
v -328.719241 -6.431135 493.078861
v -287.629336 -5.235690 493.078861
v -328.719241 -6.021972 451.988956
v -287.629336 0.024948 451.988956
v 0.000000 -6.538055 493.078861
v 41.089905 -6.538055 493.078861
v 0.000000 -6.128892 451.988956
v 41.089905 -6.538055 451.988956
v 164.359620 -6.538055 493.078861
v 205.449526 -6.538055 493.078861
v 164.359620 -6.538055 451.988956
v 205.449526 -6.538055 451.988956
v 328.719241 -6.538055 493.078861
v 369.809146 -6.538055 493.078861
v 328.719241 -6.538055 451.988956
v 369.809146 -6.538055 451.988956
v 493.078861 -6.538055 493.078861
v 534.168767 -6.538055 493.078861
v 493.078861 -6.538055 451.988956
v 534.168767 -6.538055 451.988956
v -657.438482 -6.538064 123.269715
v -616.348577 -6.538055 123.269715
v -616.348577 -6.538055 164.359620
v -657.438482 -6.538064 164.359620
v -493.078861 -6.538055 164.359620
v -451.988956 -32.018675 164.359620
v -493.078861 -6.538055 123.269715
v -451.988956 -6.538055 123.269715
v -328.719241 -6.431135 164.359620
v -287.629336 -6.431135 164.359620
v -328.719241 -6.538055 123.269715
v -287.629336 -6.538055 123.269715
v -164.359620 -6.538055 164.359620
v -123.269715 -6.538055 164.359620
v -164.359620 -6.538055 123.269715
v -123.269715 -6.538055 123.269715
v 0.000000 -6.538055 164.359620
v 41.089905 -6.538055 164.359620
v 0.000000 -6.538055 123.269715
v 41.089905 -6.538055 123.269715
v -657.438482 -6.538055 -369.809146
v -616.348577 -6.538055 -369.809146
v -616.348577 -6.538055 -328.719241
v -657.438482 -6.538055 -328.719241
v -164.359620 -6.721229 -328.719241
v -123.269715 -9.482357 -328.719241
v -164.359620 -7.434555 -369.809146
v -123.269715 -11.990982 -369.809146
v 0.000000 -20.141927 -328.719241
v 41.089905 -18.935273 -328.719241
v 0.000000 -26.117889 -369.809146
v 41.089905 -23.967120 -369.809146
v 493.078861 -3.284044 -328.719241
v 534.168767 -6.538055 -328.719241
v 493.078861 -4.266227 -369.809146
v 534.168767 -6.538055 -369.809146
v -657.438482 -6.538055 -205.449526
v -616.348577 -2.889278 -205.449526
v -616.348577 -1.300684 -164.359620
v -657.438482 -6.538055 -164.359620
v -164.359620 -21.112209 -164.359620
v -123.269715 -22.910675 -164.359620
v -164.359620 -16.501696 -205.449526
v -123.269715 -17.913594 -205.449526
v 0.000000 -11.837079 -164.359620
v 41.089905 -11.760818 -164.359620
v 0.000000 -10.049198 -205.449526
v 41.089905 -12.029464 -205.449526
v 164.359620 -22.684490 -164.359620
v 205.449526 -20.910869 -164.359620
v 164.359620 -24.597088 -205.449526
v 205.449526 -21.472188 -205.449526
v 493.078861 -6.538055 -164.359620
v 534.168767 -6.538055 -164.359620
v 493.078861 -6.538055 -205.449526
v 534.168767 -6.538055 -205.449526
v -657.438482 -6.538055 -534.168767
v -616.348577 -6.538055 -534.168767
v -616.348577 -6.538055 -493.078861
v -657.438482 -6.538055 -493.078861
v -493.078861 -6.104956 -493.078861
v -451.988956 -4.422807 -493.078861
v -493.078861 -6.538055 -534.168767
v -451.988956 -6.538055 -534.168767
v -328.719241 -6.104956 -493.078861
v -287.629336 -6.538055 -493.078861
v -328.719241 -6.538055 -534.168767
v -287.629336 -6.538055 -534.168767
v -164.359620 -6.721229 -493.078861
v -123.269715 -9.482357 -493.078861
v -164.359620 -6.538055 -534.168767
v -123.269715 -7.122324 -534.168767
v 0.000000 -20.141927 -493.078861
v 41.089905 -18.453459 -493.078861
v 0.000000 -13.040065 -534.168767
v 41.089905 -11.990982 -534.168767
v 164.359620 -6.721229 -493.078861
v 205.449526 -6.538055 -493.078861
v 164.359620 -6.538055 -534.168767
v 205.449526 -6.538055 -534.168767
v 328.719241 -3.284044 -493.078861
v 369.809146 -4.266227 -493.078861
v 328.719241 -6.538055 -534.168767
v 369.809146 -6.538055 -534.168767
v 493.078861 -6.538055 -493.078861
v 534.168767 -6.538055 -493.078861
v 493.078861 -6.538055 -534.168767
v 534.168767 -6.538055 -534.168767
v -575.258672 -48.190325 328.719241
v -575.258672 -48.190315 287.629336
v -534.168767 -18.942565 328.719241
v -534.168767 -18.942565 287.629336
v -575.258672 -6.538055 -534.168767
v -575.258672 -6.538055 -493.078861
v -534.168767 -6.538055 -534.168767
v -534.168767 -6.538055 -493.078861
v -575.258672 -6.538055 123.269715
v -575.258672 -6.538055 164.359620
v -534.168767 -6.538055 123.269715
v -534.168767 -6.538055 164.359620
v -575.258672 -61.266432 287.629336
v -575.258672 -61.266432 328.719241
v -534.168767 -32.018675 287.629336
v -534.168767 -32.018675 328.719241
v -575.258672 -61.266432 451.988956
v -575.258672 -6.538067 493.078861
v -534.168767 -32.018675 451.988956
v -534.168767 -6.538055 493.078861
v -575.258672 -6.538055 616.348577
v -575.258672 -6.538055 657.438482
v -534.168767 -6.538055 616.348577
v -534.168767 -6.538055 657.438482
v -410.899051 -3.508318 -493.078861
v -369.809146 -4.422807 -493.078861
v -410.899051 -6.538055 -534.168767
v -369.809146 -6.538055 -534.168767
v -410.899051 -6.431135 164.359620
v -369.809146 -6.431135 164.359620
v -410.899051 -6.538055 123.269715
v -369.809146 -6.538055 123.269715
v -410.899051 -6.431135 328.719241
v -369.809146 -6.431135 328.719241
v -410.899051 -6.431135 287.629336
v -369.809146 -6.431135 287.629336
v -410.899051 -6.431135 493.078861
v -369.809146 -6.431135 493.078861
v -410.899051 -6.431135 451.988956
v -369.809146 -6.431135 451.988956
v -410.899051 -6.538055 616.348577
v -410.899051 -6.538055 657.438482
v -369.809146 -6.538055 616.348577
v -369.809146 -6.538055 657.438482
v -246.539431 -6.538055 -493.078861
v -205.449526 -6.538055 -493.078861
v -246.539431 -6.538055 -534.168767
v -205.449526 -6.538055 -534.168767
v -246.539431 -3.508318 -328.719241
v -205.449526 -6.538055 -328.719241
v -246.539431 -4.422807 -369.809146
v -205.449526 -6.538055 -369.809146
v -246.539431 -11.097782 -164.359620
v -205.449526 -16.501696 -164.359620
v -246.539431 -9.000075 -205.449526
v -205.449526 -12.949042 -205.449526
v -246.539431 -7.026619 0.000000
v -205.449526 -9.000075 0.000000
v -246.539431 -9.000075 -41.089905
v -205.449526 -12.949042 -41.089905
v -246.539431 -6.538055 164.359620
v -205.449526 -6.538055 164.359620
v -246.539431 -6.538055 123.269715
v -205.449526 -6.538055 123.269715
v -246.539431 -6.538055 616.348577
v -246.539431 -6.538055 657.438482
v -205.449526 -6.538055 616.348577
v -205.449526 -6.538055 657.438482
v -82.179810 -14.204882 -493.078861
v -41.089905 -18.453459 -493.078861
v -82.179810 -9.482357 -534.168767
v -41.089905 -11.990982 -534.168767
v -82.179810 -14.204882 -328.719241
v -41.089905 -18.453459 -328.719241
v -82.179810 -18.453459 -369.809146
v -41.089905 -23.967120 -369.809146
v -82.179810 -21.112209 -164.359620
v -41.089905 -16.501696 -164.359620
v -82.179810 -16.501696 -205.449526
v -41.089905 -12.949042 -205.449526
v -82.179810 -11.097782 0.000000
v -41.089905 -9.000075 0.000000
v -82.179810 -16.501696 -41.089905
v -41.089905 -12.949042 -41.089905
v -82.179810 -6.538055 164.359620
v -41.089905 -6.538055 164.359620
v -82.179810 -6.538055 123.269715
v -41.089905 -6.538055 123.269715
v -82.179810 -6.538055 616.348577
v -82.179810 -6.538055 657.438482
v -41.089905 -6.538055 616.348577
v -41.089905 -6.538055 657.438482
v 82.179810 -14.204882 -493.078861
v 123.269715 -9.482357 -493.078861
v 82.179810 -9.482357 -534.168767
v 123.269715 -7.122324 -534.168767
v 82.179810 -16.582656 -328.719241
v 123.269715 -13.923310 -328.719241
v 82.179810 -18.604830 -369.809146
v 123.269715 -12.730278 -369.809146
v 82.179810 -16.364049 -164.359620
v 123.269715 -20.910869 -164.359620
v 82.179810 -17.756438 -205.449526
v 123.269715 -22.684490 -205.449526
v 82.179810 -6.538055 0.000000
v 123.269715 -6.538055 0.000000
v 82.179810 -6.689426 -41.089905
v 123.269715 -7.277350 -41.089905
v 82.179810 -6.538055 164.359620
v 123.269715 -6.538055 164.359620
v 82.179810 -6.538055 123.269715
v 123.269715 -6.538055 123.269715
v 82.179810 -6.538055 328.719241
v 123.269715 -6.538055 328.719241
v 82.179810 -6.538055 287.629336
v 123.269715 -6.538055 287.629336
v 82.179810 -6.538055 493.078861
v 123.269715 -6.538055 493.078861
v 82.179810 -6.538055 451.988956
v 123.269715 -6.538055 451.988956
v 82.179810 -6.538055 616.348577
v 82.179810 -6.538055 657.438482
v 123.269715 -6.538055 616.348577
v 123.269715 -6.538055 657.438482
v 246.539431 -6.094744 -493.078861
v 287.629336 -4.266227 -493.078861
v 246.539431 -6.538055 -534.168767
v 287.629336 -6.538055 -534.168767
v 246.539431 -16.008139 -164.359620
v 287.629336 -8.834556 -164.359620
v 246.539431 -10.720376 -205.449526
v 287.629336 1.667912 -205.449526
v 246.539431 -6.005993 0.000000
v 287.629336 -3.939473 0.000000
v 246.539431 -6.689426 -41.089905
v 287.629336 -6.538055 -41.089905
v 246.539431 -6.538055 493.078861
v 287.629336 -6.538055 493.078861
v 246.539431 -6.538055 451.988956
v 287.629336 -6.538055 451.988956
v 246.539431 -6.538055 616.348577
v 246.539431 -6.538055 657.438482
v 287.629336 -6.538055 616.348577
v 287.629336 -6.538055 657.438482
v 410.899051 -6.094744 -493.078861
v 451.988956 -6.538055 -493.078861
v 410.899051 -6.538055 -534.168767
v 451.988956 -6.538055 -534.168767
v 410.899051 -6.094744 -164.359620
v 451.988956 -6.538055 -164.359620
v 410.899051 0.923124 -205.449526
v 451.988956 -5.096850 -205.449526
v 410.899051 -4.526703 0.000000
v 451.988956 -5.636611 0.000000
v 410.899051 -6.538055 -41.089905
v 451.988956 -6.538055 -41.089905
v 410.899051 -6.538055 493.078861
v 451.988956 -6.538055 493.078861
v 410.899051 -6.538055 451.988956
v 451.988956 -6.538055 451.988956
v 410.899051 -6.538055 616.348577
v 410.899051 -6.538055 657.438482
v 451.988956 -6.538055 616.348577
v 451.988956 -6.538055 657.438482
v 575.258672 -6.538055 -493.078861
v 616.348577 -6.538055 -493.078861
v 575.258672 -6.538055 -534.168767
v 616.348577 -6.538055 -534.168767
v 575.258672 -6.538055 -328.719241
v 616.348577 -6.538055 -328.719241
v 575.258672 -6.538055 -369.809146
v 616.348577 -6.538055 -369.809146
v 575.258672 -6.538055 -164.359620
v 616.348577 -6.538055 -164.359620
v 575.258672 -6.538055 -205.449526
v 616.348577 -6.538055 -205.449526
v 575.258672 -6.538055 0.000000
v 616.348577 -6.538055 0.000000
v 575.258672 -6.538055 -41.089905
v 616.348577 -6.538055 -41.089905
v 575.258672 -5.079804 164.359620
v 616.348577 -6.538055 164.359620
v 575.258672 -5.636611 123.269715
v 616.348577 -6.538055 123.269715
v 575.258672 -6.538055 328.719241
v 616.348577 -6.538055 328.719241
v 575.258672 -6.538055 287.629336
v 616.348577 -6.538055 287.629336
v 575.258672 -6.538055 493.078861
v 616.348577 -6.538055 493.078861
v 575.258672 -6.538055 451.988956
v 616.348577 -6.538055 451.988956
v 575.258672 -6.538055 616.348577
v 575.258672 -6.538055 657.438482
v 616.348577 -6.538055 616.348577
v 616.348577 -6.538055 657.438482
v -657.438482 -6.538052 534.168767
v -616.348577 -6.538052 534.168767
v -616.348577 -6.538055 575.258672
v -657.438482 -6.538055 575.258672
v -575.258672 -6.538055 575.258672
v -534.168767 -6.538055 575.258672
v -575.258672 -6.538055 534.168767
v -534.168767 -6.538055 534.168767
v -493.078861 -6.538055 575.258672
v -451.988956 -6.538055 575.258672
v -493.078861 -6.538055 534.168767
v -451.988956 -6.538055 534.168767
v -410.899051 -6.538055 575.258672
v -369.809146 -6.538055 575.258672
v -410.899051 -6.538055 534.168767
v -369.809146 -6.538055 534.168767
v -328.719241 -6.538055 575.258672
v -287.629336 -6.538055 575.258672
v -328.719241 -6.538055 534.168767
v -287.629336 -6.431135 534.168767
v -246.539431 -6.538055 575.258672
v -205.449526 -6.538055 575.258672
v -246.539431 -6.128892 534.168767
v -205.449526 -4.539710 534.168767
v -164.359620 -6.538055 575.258672
v -123.269715 -6.538055 575.258672
v -164.359620 -3.675761 534.168767
v -123.269715 -4.539710 534.168767
v -82.179810 -6.538055 575.258672
v -41.089905 -6.538055 575.258672
v -82.179810 -6.128892 534.168767
v -41.089905 -6.538055 534.168767
v 0.000000 -6.538055 575.258672
v 41.089905 -6.538055 575.258672
v 0.000000 -6.538055 534.168767
v 41.089905 -6.538055 534.168767
v 82.179810 -6.538055 575.258672
v 123.269715 -6.538055 575.258672
v 82.179810 -6.538055 534.168767
v 123.269715 -6.538055 534.168767
v 164.359620 -6.538055 575.258672
v 205.449526 -6.538055 575.258672
v 164.359620 -6.538055 534.168767
v 205.449526 -6.538055 534.168767
v 246.539431 -6.538055 575.258672
v 287.629336 -6.538055 575.258672
v 246.539431 -6.538055 534.168767
v 287.629336 -6.538055 534.168767
v 328.719241 -6.538055 575.258672
v 369.809146 -6.538055 575.258672
v 328.719241 -6.538055 534.168767
v 369.809146 -6.538055 534.168767
v 410.899051 -6.538055 575.258672
v 451.988956 -6.538055 575.258672
v 410.899051 -6.538055 534.168767
v 451.988956 -6.538055 534.168767
v 493.078861 -6.538055 575.258672
v 534.168767 -6.538055 575.258672
v 493.078861 -6.538055 534.168767
v 534.168767 -6.538055 534.168767
v 575.258672 -6.538055 575.258672
v 616.348577 -6.538055 575.258672
v 575.258672 -6.538055 534.168767
v 616.348577 -6.538055 534.168767
v -575.258672 -48.190325 410.899051
v -575.258672 -48.190315 369.809146
v -534.168767 -18.942565 410.899051
v -534.168767 -18.942565 369.809146
v -616.348577 -84.564463 410.899051
v -657.438482 -147.946327 410.899051
v -616.348577 -84.564463 369.809146
v -657.438482 -147.946327 369.809146
v -657.438482 -161.022437 369.809146
v -657.438482 -161.022437 410.899051
v -616.348577 -97.640573 369.809146
v -616.348577 -97.640573 410.899051
v -575.258672 -61.266432 410.899051
v -534.168767 -32.018675 410.899051
v -575.258672 -61.266432 369.809146
v -534.168767 -32.018675 369.809146
v -493.078861 -32.018675 410.899051
v -451.988956 -32.018675 410.899051
v -493.078861 -32.018675 369.809146
v -451.988956 -32.018675 369.809146
v -410.899051 -6.431135 410.899051
v -369.809146 -6.431135 410.899051
v -410.899051 -6.431135 369.809146
v -369.809146 -6.431135 369.809146
v 0.000000 -4.539710 410.899051
v 41.089905 -6.538055 410.899051
v 0.000000 -3.675761 369.809146
v 41.089905 -6.538055 369.809146
v 82.179810 -6.538055 410.899051
v 123.269715 -6.538055 410.899051
v 82.179810 -6.538055 369.809146
v 123.269715 -6.538055 369.809146
v 164.359620 -6.538055 410.899051
v 205.449526 -6.538055 410.899051
v 164.359620 -6.538055 369.809146
v 205.449526 -6.538055 369.809146
v 246.539431 -6.538055 410.899051
v 287.629336 -6.538055 410.899051
v 246.539431 -6.538055 369.809146
v 287.629336 -6.538055 369.809146
v 328.719241 -6.538055 410.899051
v 369.809146 -6.538055 410.899051
v 328.719241 -6.538055 369.809146
v 369.809146 -6.538055 369.809146
v 410.899051 -6.538055 410.899051
v 451.988956 -6.538055 410.899051
v 410.899051 -6.538055 369.809146
v 451.988956 -6.538055 369.809146
v 493.078861 -6.538055 410.899051
v 534.168767 -6.538055 410.899051
v 493.078861 -6.538055 369.809146
v 534.168767 -6.538055 369.809146
v 575.258672 -6.538055 410.899051
v 616.348577 -6.538055 410.899051
v 575.258672 -6.538055 369.809146
v 616.348577 -6.538055 369.809146
v -575.258672 -48.190315 246.539431
v -575.258672 -48.190315 205.449526
v -534.168767 -18.942565 246.539431
v -534.168767 -18.942565 205.449526
v -616.348577 -84.564463 246.539431
v -657.438482 -147.946327 246.539431
v -616.348577 -84.564463 205.449526
v -657.438482 -147.946327 205.449526
v -657.438482 -161.022437 205.449526
v -657.438482 -161.022437 246.539431
v -616.348577 -97.640573 205.449526
v -616.348577 -97.640573 246.539431
v -575.258672 -61.266432 246.539431
v -534.168767 -32.018675 246.539431
v -575.258672 -61.266432 205.449526
v -534.168767 -32.018675 205.449526
v -493.078861 -32.018675 246.539431
v -451.988956 -32.018675 246.539431
v -493.078861 -32.018675 205.449526
v -451.988956 -32.018675 205.449526
v -410.899051 -6.431135 246.539431
v -369.809146 -6.431135 246.539431
v -410.899051 -6.431135 205.449526
v -369.809146 -6.431135 205.449526
v -328.719241 -6.431135 246.539431
v -287.629336 -5.235690 246.539431
v -328.719241 -6.431135 205.449526
v -287.629336 -6.431135 205.449526
v -82.179810 0.024948 246.539431
v -41.089905 -5.235690 246.539431
v -82.179810 -6.128892 205.449526
v -41.089905 -6.538055 205.449526
v 0.000000 -6.538055 246.539431
v 41.089905 -6.538055 246.539431
v 0.000000 -6.538055 205.449526
v 41.089905 -6.538055 205.449526
v 82.179810 -6.538055 246.539431
v 123.269715 -6.538055 246.539431
v 82.179810 -6.538055 205.449526
v 123.269715 -6.538055 205.449526
v 575.258672 -6.538055 246.539431
v 616.348577 -6.538055 246.539431
v 575.258672 -5.636611 205.449526
v 616.348577 -6.538055 205.449526
v -657.438482 -6.538055 41.089905
v -616.348577 -6.538055 41.089905
v -616.348577 -6.538055 82.179810
v -657.438482 -6.538067 82.179810
v -575.258672 -6.538055 82.179810
v -534.168767 -6.538055 82.179810
v -575.258672 -6.538055 41.089905
v -534.168767 -6.538055 41.089905
v -493.078861 -6.538055 82.179810
v -451.988956 -6.538055 82.179810
v -493.078861 -6.538055 41.089905
v -451.988956 -6.538055 41.089905
v -410.899051 -6.538055 82.179810
v -369.809146 -6.538055 82.179810
v -410.899051 -6.538055 41.089905
v -369.809146 -6.538055 41.089905
v -328.719241 -6.538055 82.179810
v -287.629336 -6.538055 82.179810
v -328.719241 -6.538055 41.089905
v -287.629336 -6.538055 41.089905
v -246.539431 -6.538055 82.179810
v -205.449526 -6.538055 82.179810
v -246.539431 -6.538055 41.089905
v -205.449526 -6.691547 41.089905
v -164.359620 -6.538055 82.179810
v -123.269715 -6.538055 82.179810
v -164.359620 -7.287707 41.089905
v -123.269715 -7.611805 41.089905
v -82.179810 -6.538055 82.179810
v -41.089905 -6.538055 82.179810
v -82.179810 -7.287707 41.089905
v -41.089905 -6.691547 41.089905
v 0.000000 -6.538055 82.179810
v 41.089905 -6.538055 82.179810
v 0.000000 -6.538055 41.089905
v 41.089905 -6.538055 41.089905
v 82.179810 -6.538055 82.179810
v 123.269715 -6.538055 82.179810
v 82.179810 -6.538055 41.089905
v 123.269715 -6.538055 41.089905
v 164.359620 -6.005993 82.179810
v 205.449526 1.996256 82.179810
v 164.359620 -6.538055 41.089905
v 205.449526 -4.844503 41.089905
v 575.258672 -6.538055 82.179810
v 616.348577 -6.538055 82.179810
v 575.258672 -6.538055 41.089905
v 616.348577 -6.538055 41.089905
v -657.438482 -6.538055 -123.269715
v -616.348577 -2.889278 -123.269715
v -616.348577 -5.862387 -82.179810
v -657.438482 -6.538055 -82.179810
v -246.539431 -11.097782 -82.179810
v -205.449526 -16.501696 -82.179810
v -246.539431 -11.975026 -123.269715
v -205.449526 -17.913594 -123.269715
v -164.359620 -21.112209 -82.179810
v -123.269715 -22.910675 -82.179810
v -164.359620 -22.910675 -123.269715
v -123.269715 -24.850067 -123.269715
v -82.179810 -21.112209 -82.179810
v -41.089905 -16.501696 -82.179810
v -82.179810 -22.910675 -123.269715
v -41.089905 -17.913594 -123.269715
v 0.000000 -11.097782 -82.179810
v 41.089905 -7.769522 -82.179810
v 0.000000 -12.126398 -123.269715
v 41.089905 -10.025203 -123.269715
v 82.179810 -8.966063 -82.179810
v 123.269715 -11.034790 -82.179810
v 82.179810 -12.860476 -123.269715
v 123.269715 -16.364049 -123.269715
v 164.359620 -11.899913 -82.179810
v 205.449526 -11.034790 -82.179810
v 164.359620 -17.756438 -123.269715
v 205.449526 -16.364049 -123.269715
v 246.539431 -8.966063 -82.179810
v 287.629336 -7.019870 -82.179810
v 246.539431 -12.860476 -123.269715
v 287.629336 -8.966063 -123.269715
v 328.719241 -6.538055 -82.179810
v 369.809146 -6.538055 -82.179810
v 328.719241 -6.689426 -123.269715
v 369.809146 -6.538055 -123.269715
v 410.899051 -6.538055 -82.179810
v 451.988956 -6.538055 -82.179810
v 410.899051 -6.538055 -123.269715
v 451.988956 -6.538055 -123.269715
v 493.078861 -6.538055 -82.179810
v 534.168767 -6.538055 -82.179810
v 493.078861 -6.538055 -123.269715
v 534.168767 -6.538055 -123.269715
v 575.258672 -6.538055 -82.179810
v 616.348577 -6.538055 -82.179810
v 575.258672 -6.538055 -123.269715
v 616.348577 -6.538055 -123.269715
v -657.438482 -6.538055 -287.629336
v -616.348577 -6.538055 -287.629336
v -616.348577 -5.862387 -246.539431
v -657.438482 -6.538055 -246.539431
v -246.539431 -6.593520 -246.539431
v -205.449526 -9.000075 -246.539431
v -246.539431 -4.422807 -287.629336
v -205.449526 -6.691547 -287.629336
v -164.359620 -11.097782 -246.539431
v -123.269715 -11.975026 -246.539431
v -164.359620 -7.287707 -287.629336
v -123.269715 -8.196074 -287.629336
v -82.179810 -11.280956 -246.539431
v -41.089905 -9.896574 -246.539431
v -82.179810 -10.232009 -287.629336
v -41.089905 -12.120534 -287.629336
v 0.000000 -9.044980 -246.539431
v 41.089905 -11.903038 -246.539431
v 0.000000 -13.191436 -287.629336
v 41.089905 -14.378264 -287.629336
v 82.179810 -16.504498 -246.539431
v 123.269715 -20.910869 -246.539431
v 82.179810 -15.721901 -287.629336
v 123.269715 -16.892081 -287.629336
v 164.359620 -22.389407 -246.539431
v 205.449526 -14.036389 -246.539431
v 164.359620 -15.698464 -287.629336
v 205.449526 -3.066608 -287.629336
v 493.078861 -6.094744 -246.539431
v 534.168767 -6.538055 -246.539431
v 493.078861 -4.266227 -287.629336
v 534.168767 -6.538055 -287.629336
v 575.258672 -6.538055 -246.539431
v 616.348577 -6.538055 -246.539431
v 575.258672 -6.538055 -287.629336
v 616.348577 -6.538055 -287.629336
v -657.438482 -6.538055 -451.988956
v -616.348577 -6.538055 -451.988956
v -616.348577 -6.538055 -410.899051
v -657.438482 -6.538055 -410.899051
v -575.258672 -6.104956 -410.899051
v -534.168767 0.408882 -410.899051
v -575.258672 -6.538055 -451.988956
v -534.168767 -5.159502 -451.988956
v -246.539431 -6.104956 -410.899051
v -205.449526 -6.538055 -410.899051
v -246.539431 -6.538055 -451.988956
v -205.449526 -6.538055 -451.988956
v -164.359620 -7.817120 -410.899051
v -123.269715 -13.040065 -410.899051
v -164.359620 -7.434555 -451.988956
v -123.269715 -11.990982 -451.988956
v -82.179810 -20.141927 -410.899051
v -41.089905 -26.117889 -410.899051
v -82.179810 -18.453459 -451.988956
v -41.089905 -23.967120 -451.988956
v 0.000000 -28.437184 -410.899051
v 41.089905 -26.117889 -410.899051
v 0.000000 -26.117889 -451.988956
v 41.089905 -23.967120 -451.988956
v 82.179810 -20.141927 -410.899051
v 123.269715 -13.040065 -410.899051
v 82.179810 -18.453459 -451.988956
v 123.269715 -11.990982 -451.988956
v 164.359620 -7.373808 -410.899051
v 205.449526 0.923124 -410.899051
v 164.359620 -7.434555 -451.988956
v 205.449526 -5.096850 -451.988956
v 493.078861 -6.094744 -410.899051
v 534.168767 -6.538055 -410.899051
v 493.078861 -6.538055 -451.988956
v 534.168767 -6.538055 -451.988956
v 575.258672 -6.538055 -410.899051
v 616.348577 -6.538055 -410.899051
v 575.258672 -6.538055 -451.988956
v 616.348577 -6.538055 -451.988956
v -657.438482 -6.538055 -657.438482
v -616.348577 -6.538055 -657.438482
v -616.348577 -6.538055 -616.348577
v -657.438482 -6.538055 -616.348577
v -534.168767 -6.538055 -616.348577
v -575.258672 -6.538055 -616.348577
v -575.258672 -6.538055 -657.438482
v -534.168767 -6.538055 -657.438482
v -451.988956 -6.538055 -616.348577
v -493.078861 -6.538055 -616.348577
v -493.078861 -6.538055 -657.438482
v -451.988956 -6.538055 -657.438482
v -369.809146 -6.538055 -616.348577
v -410.899051 -6.538055 -616.348577
v -410.899051 -6.538055 -657.438482
v -369.809146 -6.538055 -657.438482
v -287.629336 -6.538055 -616.348577
v -328.719241 -6.538055 -616.348577
v -328.719241 -6.538055 -657.438482
v -287.629336 -6.538055 -657.438482
v -205.449526 -6.538055 -616.348577
v -246.539431 -6.538055 -616.348577
v -246.539431 -6.538055 -657.438482
v -205.449526 -6.538055 -657.438482
v -123.269715 -6.538055 -616.348577
v -164.359620 -6.538055 -616.348577
v -164.359620 -6.538055 -657.438482
v -123.269715 -6.538055 -657.438482
v -41.089905 -6.538055 -616.348577
v -82.179810 -6.538055 -616.348577
v -82.179810 -6.538055 -657.438482
v -41.089905 -6.538055 -657.438482
v 41.089905 -6.538055 -616.348577
v 0.000000 -6.538055 -616.348577
v 0.000000 -6.538055 -657.438482
v 41.089905 -6.538055 -657.438482
v 123.269715 -6.538055 -616.348577
v 82.179810 -6.538055 -616.348577
v 82.179810 -6.538055 -657.438482
v 123.269715 -6.538055 -657.438482
v 205.449526 -6.538055 -616.348577
v 164.359620 -6.538055 -616.348577
v 164.359620 -6.538055 -657.438482
v 205.449526 -6.538055 -657.438482
v 287.629336 -6.538055 -616.348577
v 246.539431 -6.538055 -616.348577
v 246.539431 -6.538055 -657.438482
v 287.629336 -6.538055 -657.438482
v 369.809146 -6.538055 -616.348577
v 328.719241 -6.538055 -616.348577
v 328.719241 -6.538055 -657.438482
v 369.809146 -6.538055 -657.438482
v 451.988956 -6.538055 -616.348577
v 410.899051 -6.538055 -616.348577
v 410.899051 -6.538055 -657.438482
v 451.988956 -6.538055 -657.438482
v 534.168767 -6.538055 -616.348577
v 493.078861 -6.538055 -616.348577
v 493.078861 -6.538055 -657.438482
v 534.168767 -6.538055 -657.438482
v 616.348577 -6.538055 -616.348577
v 575.258672 -6.538055 -616.348577
v 575.258672 -6.538055 -657.438482
v 616.348577 -6.538055 -657.438482
v -575.258672 -4.422807 -369.809146
v -575.258672 -3.508318 -328.719241
v -575.258672 -4.167387 -41.089905
v -575.258672 -6.538055 0.000000
v -493.078861 -18.942565 410.899051
v -493.078861 -18.942565 369.809146
v -493.078861 -18.942565 328.719241
v -493.078861 -18.942565 287.629336
v -493.078861 -18.942565 246.539431
v -493.078861 -18.942565 205.449526
v -328.719241 -4.432790 328.719241
v -328.719241 -6.021972 287.629336
v -328.719241 -4.432790 410.899051
v -328.719241 -3.568842 369.809146
v -287.629336 0.408882 -410.899051
v -287.629336 -5.159502 -451.988956
v -287.629336 -2.050336 -164.359620
v -287.629336 -1.664216 -205.449526
v -287.629336 -6.612039 -82.179810
v -287.629336 -3.963027 -123.269715
v -246.539431 0.024948 246.539431
v -246.539431 -6.128892 205.449526
v -41.089905 -5.235690 493.078861
v -41.089905 0.024948 451.988956
v 164.359620 -8.916712 -328.719241
v 164.359620 -6.227913 -369.809146
v 164.359620 -2.816023 164.359620
v 164.359620 -3.939473 123.269715
v 164.359620 -6.005993 246.539431
v 164.359620 -3.939473 205.449526
v 246.539431 -6.005993 328.719241
v 246.539431 1.996256 287.629336
v 451.988956 0.923124 -410.899051
v 451.988956 -5.096850 -451.988956
v 451.988956 -5.636611 328.719241
v 451.988956 3.596793 287.629336
v 534.168767 -2.476480 82.179810
v 534.168767 -6.052588 41.089905
v 534.168767 3.527106 164.359620
v 534.168767 1.724485 123.269715
v 534.168767 -2.476480 246.539431
v 534.168767 1.724485 205.449526
v 657.438482 -6.538055 -616.348577
v 657.438482 -6.538055 -657.438482
v 657.438482 -6.538055 -493.078861
v 657.438482 -6.538055 -534.168767
v 657.438482 -6.538055 -410.899051
v 657.438482 -6.538055 -451.988956
v 657.438482 -6.538055 -328.719241
v 657.438482 -6.538055 -369.809146
v 657.438482 -6.538055 -246.539431
v 657.438482 -6.538055 -287.629336
v 657.438482 -6.538055 -164.359620
v 657.438482 -6.538055 -205.449526
v 657.438482 -6.538055 -82.179810
v 657.438482 -6.538055 -123.269715
v 657.438482 -6.538055 0.000000
v 657.438482 -6.538055 -41.089905
v 657.438482 -6.538055 82.179810
v 657.438482 -6.538055 41.089905
v 657.438482 -6.538055 164.359620
v 657.438482 -6.538055 123.269715
v 657.438482 -6.538055 246.539431
v 657.438482 -6.538055 205.449526
v 657.438482 -6.538055 328.719241
v 657.438482 -6.538055 287.629336
v 657.438482 -6.538055 410.899051
v 657.438482 -6.538055 369.809146
v 657.438482 -6.538055 493.078861
v 657.438482 -6.538055 451.988956
v 657.438482 -6.538055 575.258672
v 657.438482 -6.538055 534.168767
v 657.438482 -6.538055 616.348577
v 657.438482 -6.538055 657.438482
v -246.539431 0.024948 493.078861
v -82.179810 0.024948 493.078861
v -534.168767 -18.942565 451.988956
v -493.078861 -18.942565 451.988956
v -575.258672 -48.190334 451.988956
v -616.348577 -84.564463 451.988956
v -657.438482 -147.946327 451.988956
v 287.629336 -3.939473 328.719241
v 328.719241 -2.747589 328.719241
v 369.809146 -2.959018 328.719241
v 410.899051 -4.526703 328.719241
v -287.629336 0.024948 287.629336
v -41.089905 0.024948 287.629336
v 205.449526 1.996256 246.539431
v -205.449526 -4.539710 205.449526
v -164.359620 -3.675761 205.449526
v -123.269715 -4.539710 205.449526
v -534.168767 -5.862387 0.000000
v -493.078861 -2.889278 0.000000
v -451.988956 -1.300684 0.000000
v -410.899051 -2.889278 0.000000
v -369.809146 -5.862387 0.000000
v 246.539431 1.996256 41.089905
v 451.988956 3.596793 41.089905
v 493.078861 -2.476480 41.089905
v 328.719241 -4.023339 -164.359620
v 369.809146 -4.266227 -164.359620
v -287.629336 1.165071 -246.539431
v 246.539431 2.421457 -246.539431
v 451.988956 0.923124 -246.539431
v -575.258672 -2.052138 -287.629336
v -493.078861 0.408882 -451.988956
v -328.719241 0.408882 -451.988956
v 246.539431 0.923124 -451.988956
v 410.899051 0.923124 -451.988956
v -657.438482 -6.538055 -575.258672
v -616.348577 -6.538055 -575.258672
v -575.258672 -6.538055 -575.258672
v -534.168767 -6.538055 -575.258672
v -493.078861 -6.538055 -575.258672
v -451.988956 -6.538055 -575.258672
v -410.899051 -6.538055 -575.258672
v -369.809146 -6.538055 -575.258672
v -328.719241 -6.538055 -575.258672
v -287.629336 -6.538055 -575.258672
v -246.539431 -6.538055 -575.258672
v -205.449526 -6.538055 -575.258672
v -164.359620 -6.538055 -575.258672
v -123.269715 -6.538055 -575.258672
v -82.179810 -6.721229 -575.258672
v -41.089905 -7.434555 -575.258672
v 0.000000 -7.817120 -575.258672
v 41.089905 -7.434555 -575.258672
v 82.179810 -6.721229 -575.258672
v 123.269715 -6.538055 -575.258672
v 164.359620 -6.538055 -575.258672
v 205.449526 -6.538055 -575.258672
v 246.539431 -6.538055 -575.258672
v 287.629336 -6.538055 -575.258672
v 328.719241 -6.538055 -575.258672
v 369.809146 -6.538055 -575.258672
v 410.899051 -6.538055 -575.258672
v 451.988956 -6.538055 -575.258672
v 493.078861 -6.538055 -575.258672
v 534.168767 -6.538055 -575.258672
v 575.258672 -6.538055 -575.258672
v 616.348577 -6.538055 -575.258672
v 657.438482 -6.538055 -575.258672
v -123.269715 1.006934 0.000000
v -164.359620 1.893756 0.000000
v -123.269715 -4.987235 -41.089905
v -164.359620 -3.563138 -41.089905
v 41.089905 -6.047015 -328.719241
v 0.000000 -7.244907 -328.719241
v 41.089905 -11.101365 -369.809146
v 0.000000 -13.268864 -369.809146
v 205.449526 -8.008228 -164.359620
v 164.359620 -9.795646 -164.359620
v 205.449526 -8.354443 -205.449526
v 164.359620 -11.722662 -205.449526
v 41.089905 1.178373 -164.359620
v 0.000000 1.124982 -164.359620
v 41.089905 0.929853 -205.449526
v 0.000000 2.922535 -205.449526
v -123.269715 -10.024453 -164.359620
v -164.359620 -8.211998 -164.359620
v -123.269715 -4.987235 -205.449526
v -164.359620 -3.563138 -205.449526
v 41.089905 -5.541849 -493.078861
v 0.000000 -7.244907 -493.078861
v 41.089905 0.987661 -534.168767
v 0.000000 -0.076550 -534.168767
v -246.539431 1.893756 -164.359620
v -246.539431 4.017428 -205.449526
v -205.449526 -3.563138 -164.359620
v -205.449526 0.022841 -205.449526
v -82.179810 1.893756 0.000000
v -82.179810 -3.563138 -41.089905
v -41.089905 4.017428 0.000000
v -41.089905 0.022841 -41.089905
v -82.179810 -8.211998 -164.359620
v -82.179810 -3.563138 -205.449526
v -41.089905 -3.563138 -164.359620
v -41.089905 0.022841 -205.449526
v -82.179810 -1.253415 -328.719241
v -82.179810 -5.541849 -369.809146
v -41.089905 -5.541849 -328.719241
v -41.089905 -11.101365 -369.809146
v -82.179810 -1.253415 -493.078861
v -82.179810 3.523665 -534.168767
v -41.089905 -5.541849 -493.078861
v -41.089905 0.987661 -534.168767
v 82.179810 -3.423590 -164.359620
v 82.179810 -4.828013 -205.449526
v 123.269715 -8.008228 -164.359620
v 123.269715 -9.795646 -205.449526
v 82.179810 -3.739220 -328.719241
v 82.179810 -5.693220 -369.809146
v 123.269715 -1.056472 -328.719241
v 123.269715 0.218886 -369.809146
v 205.449526 1.957917 -82.179810
v 164.359620 1.083346 -82.179810
v 205.449526 -3.423590 -123.269715
v 164.359620 -4.828013 -123.269715
v 82.179810 4.052250 -82.179810
v 82.179810 0.112848 -123.269715
v 123.269715 1.957917 -82.179810
v 123.269715 -3.423590 -123.269715
v -82.179810 -8.211998 -82.179810
v -82.179810 -10.024453 -123.269715
v -41.089905 -3.563138 -82.179810
v -41.089905 -4.987235 -123.269715
v -123.269715 -10.024453 -82.179810
v -164.359620 -8.211998 -82.179810
v -123.269715 -11.978467 -123.269715
v -164.359620 -10.024453 -123.269715
v -246.539431 1.893756 -82.179810
v -246.539431 1.006934 -123.269715
v -205.449526 -3.563138 -82.179810
v -205.449526 -4.987235 -123.269715
v 82.179810 -3.606764 -246.539431
v 82.179810 -2.884530 -287.629336
v 123.269715 -8.008228 -246.539431
v 123.269715 -4.019649 -287.629336
v 41.089905 1.025668 -246.539431
v 0.000000 3.929481 -246.539431
v 41.089905 -1.498143 -287.629336
v 0.000000 -0.227921 -287.629336
v -82.179810 1.710582 -246.539431
v -82.179810 2.744121 -287.629336
v -41.089905 3.085179 -246.539431
v -41.089905 0.834168 -287.629336
v 82.179810 -7.244907 -410.899051
v 82.179810 -5.541849 -451.988956
v 123.269715 -0.076550 -410.899051
v 123.269715 0.987661 -451.988956
v 41.089905 -13.268864 -410.899051
v 0.000000 -15.605646 -410.899051
v 41.089905 -11.101365 -451.988956
v 0.000000 -13.268864 -451.988956
v -82.179810 -7.244907 -410.899051
v -82.179810 -5.541849 -451.988956
v -41.089905 -13.268864 -410.899051
v -41.089905 -11.101365 -451.988956
v -205.449526 4.017428 0.000000
v -205.449526 0.022841 -41.089905
v -123.269715 3.523665 -328.719241
v -123.269715 0.987661 -369.809146
v -123.269715 -0.076550 -410.899051
v -123.269715 0.987661 -451.988956
v 0.000000 1.893756 -82.179810
v 0.000000 0.855563 -123.269715
v 82.179810 -1.253415 -493.078861
v 82.179810 3.523665 -534.168767
v 164.359620 -9.387970 -246.539431
v 164.359620 -2.534216 -287.629336
v 246.539431 4.052250 -82.179810
v 246.539431 0.112848 -123.269715
v 246.539431 -2.980282 -164.359620
v 246.539431 2.676365 -205.449526
v 0.000000 4.017428 -41.089905
v -246.539431 4.017428 -41.089905
v 287.629336 4.052250 -123.269715
v 287.629336 4.309117 -164.359620
v 41.089905 2.942018 -123.269715
v 205.449526 -0.588867 -246.539431
v -123.269715 1.006934 -246.539431
v -164.359620 1.893756 -246.539431
v -205.449526 4.017428 -246.539431
v 164.359620 4.264739 -328.719241
v 123.269715 3.523665 -493.078861
v -123.269715 3.523665 -493.078861
vt 0.590998 0.500010
vt 0.000143 0.024464
vt 0.595705 0.484303
vt 0.003628 0.504448
vt 0.019029 0.519663
vt 0.596234 0.515548
vt 0.604422 0.999852
vt 0.021103 0.999688
vt 0.495427 0.018747
vt 0.495498 0.003415
vt 0.015312 0.009003
vt 0.015456 0.024314
vt 0.003561 0.502909
vt 0.605161 0.984375
vt 0.610133 0.984366
vt 0.497438 0.500171
vt 0.250209 0.501995
vt 0.591479 0.234340
vt 0.265787 0.517183
vt 0.250333 0.517307
vt 0.496433 0.250470
vt 0.252825 0.997090
vt 0.268291 0.997080
vt 0.496667 0.265930
vt 0.001463 0.255712
vt 0.016775 0.255595
vt 0.016896 0.271047
vt 0.001582 0.271167
vt 0.126376 0.503279
vt 0.593592 0.359322
vt 0.141891 0.518379
vt 0.126467 0.518590
vt 0.495130 0.126827
vt 0.129140 0.997727
vt 0.144606 0.997566
vt 0.495201 0.142289
vt 0.000782 0.131897
vt 0.016092 0.131747
vt 0.016127 0.147170
vt 0.000820 0.147320
vt 0.188244 0.502495
vt 0.592536 0.296831
vt 0.203872 0.517645
vt 0.188353 0.517788
vt 0.495603 0.188650
vt 0.190983 0.997239
vt 0.206440 0.997181
vt 0.495787 0.204101
vt 0.000982 0.193757
vt 0.016275 0.193625
vt 0.016379 0.209140
vt 0.001082 0.209265
vt 0.064910 0.503981
vt 0.594649 0.421812
vt 0.080343 0.519145
vt 0.065002 0.519296
vt 0.495192 0.064970
vt 0.067300 0.998728
vt 0.082746 0.998441
vt 0.495133 0.080427
vt 0.000504 0.070434
vt 0.015819 0.070284
vt 0.015911 0.085625
vt 0.000597 0.085775
vt 0.373983 0.500771
vt 0.589366 0.109359
vt 0.389594 0.515949
vt 0.374091 0.516071
vt 0.498542 0.374368
vt 0.376783 0.997232
vt 0.392321 0.997191
vt 0.498753 0.389899
vt 0.002214 0.379486
vt 0.017513 0.379349
vt 0.017640 0.394850
vt 0.002340 0.394988
vt 0.312026 0.501410
vt 0.327498 0.501240
vt 0.327611 0.516547
vt 0.312141 0.516720
vt 0.497450 0.312322
vt 0.314703 0.997128
vt 0.330196 0.997170
vt 0.497736 0.327807
vt 0.001861 0.317530
vt 0.017171 0.317402
vt 0.017245 0.332872
vt 0.001938 0.333002
vt 0.435925 0.500408
vt 0.588310 0.046868
vt 0.451452 0.515662
vt 0.436025 0.515714
vt 0.499232 0.436350
vt 0.438785 0.996917
vt 0.454204 0.996809
vt 0.499375 0.451768
vt 0.002836 0.441411
vt 0.018142 0.441269
vt 0.018333 0.456692
vt 0.003024 0.456835
vt 0.438613 0.750296
vt 0.454032 0.749856
vt 0.453948 0.765323
vt 0.438492 0.765645
vt 0.375483 0.751434
vt 0.391423 0.751579
vt 0.391469 0.766487
vt 0.375655 0.766406
vt 0.313061 0.749913
vt 0.328460 0.750218
vt 0.328719 0.765547
vt 0.313268 0.765315
vt 0.251821 0.749520
vt 0.267114 0.749546
vt 0.267272 0.765022
vt 0.251981 0.765016
vt 0.190464 0.749575
vt 0.205825 0.749578
vt 0.206085 0.765139
vt 0.190813 0.765104
vt 0.128678 0.749466
vt 0.144200 0.749533
vt 0.144717 0.764939
vt 0.129240 0.764841
vt 0.065260 0.749492
vt 0.081211 0.749351
vt 0.081231 0.766211
vt 0.065348 0.766043
vt 0.600195 0.749889
vt 0.018370 0.749944
vt 0.017789 0.765469
vt 0.600460 0.765511
vt 0.260861 0.003820
vt 0.595224 0.749973
vt 0.261176 0.019160
vt 0.245667 0.019992
vt 0.246109 0.082816
vt 0.245995 0.066872
vt 0.262507 0.066680
vt 0.262926 0.082563
vt 0.247257 0.145784
vt 0.246954 0.130267
vt 0.262327 0.130578
vt 0.262661 0.146054
vt 0.248265 0.207407
vt 0.248020 0.192047
vt 0.263546 0.192150
vt 0.263822 0.207421
vt 0.249206 0.268688
vt 0.248938 0.253397
vt 0.264431 0.253314
vt 0.264679 0.268603
vt 0.250843 0.330017
vt 0.250298 0.314625
vt 0.265697 0.314591
vt 0.266170 0.330037
vt 0.253194 0.392959
vt 0.252785 0.377024
vt 0.267764 0.376950
vt 0.268077 0.392766
vt 0.252462 0.455561
vt 0.252648 0.440146
vt 0.267997 0.439777
vt 0.267927 0.455232
vt 0.500008 0.749125
vt 0.252477 0.501539
vt 0.604686 0.734377
vt 0.609658 0.734368
vt 0.437644 0.622821
vt 0.453049 0.623118
vt 0.453435 0.638659
vt 0.438047 0.638325
vt 0.374632 0.622228
vt 0.390532 0.621952
vt 0.390596 0.638590
vt 0.374807 0.638687
vt 0.312383 0.624287
vt 0.327743 0.623831
vt 0.327558 0.639299
vt 0.312271 0.639814
vt 0.251282 0.625487
vt 0.266531 0.625233
vt 0.266521 0.640795
vt 0.251265 0.641071
vt 0.189042 0.625358
vt 0.204041 0.625392
vt 0.204462 0.641023
vt 0.189151 0.640986
vt 0.126724 0.626585
vt 0.142401 0.626438
vt 0.142400 0.642022
vt 0.126907 0.642080
vt 0.065461 0.626856
vt 0.080794 0.626779
vt 0.080873 0.642180
vt 0.065519 0.642242
vt 0.598082 0.624907
vt 0.019475 0.627083
vt 0.019499 0.642438
vt 0.598347 0.640530
vt 0.138029 0.007528
vt 0.593111 0.624991
vt 0.138208 0.022842
vt 0.122856 0.023060
vt 0.123531 0.084373
vt 0.123365 0.069042
vt 0.138749 0.068855
vt 0.138931 0.084207
vt 0.124167 0.145964
vt 0.124064 0.130298
vt 0.139556 0.130233
vt 0.139745 0.145717
vt 0.124105 0.207609
vt 0.123836 0.192606
vt 0.139460 0.192466
vt 0.139737 0.207775
vt 0.124926 0.270069
vt 0.124937 0.254817
vt 0.140513 0.254551
vt 0.140482 0.269810
vt 0.124510 0.331300
vt 0.124715 0.315933
vt 0.140234 0.315572
vt 0.139965 0.330865
vt 0.123641 0.394123
vt 0.123675 0.378221
vt 0.140027 0.378102
vt 0.140155 0.393917
vt 0.125802 0.456593
vt 0.125270 0.441199
vt 0.140757 0.441373
vt 0.141346 0.456731
vt 0.499017 0.623377
vt 0.126769 0.502548
vt 0.604923 0.859376
vt 0.609896 0.859367
vt 0.436487 0.561607
vt 0.451926 0.561610
vt 0.452148 0.576943
vt 0.436703 0.576898
vt 0.374398 0.561853
vt 0.389949 0.561720
vt 0.390079 0.576908
vt 0.374488 0.577051
vt 0.312407 0.562701
vt 0.327860 0.562475
vt 0.327899 0.577791
vt 0.312456 0.578055
vt 0.250806 0.563345
vt 0.266189 0.563243
vt 0.266323 0.578669
vt 0.250993 0.578777
vt 0.188655 0.564011
vt 0.204211 0.563807
vt 0.204076 0.579786
vt 0.188754 0.580098
vt 0.126559 0.564608
vt 0.141936 0.564337
vt 0.142008 0.579840
vt 0.126538 0.580021
vt 0.065220 0.565325
vt 0.080547 0.565184
vt 0.080602 0.580566
vt 0.065281 0.580695
vt 0.597026 0.562416
vt 0.019263 0.565663
vt 0.019328 0.581013
vt 0.597290 0.578039
vt 0.076644 0.008334
vt 0.592054 0.562501
vt 0.076797 0.023643
vt 0.061450 0.023821
vt 0.061946 0.085103
vt 0.061843 0.069777
vt 0.077211 0.069594
vt 0.077325 0.084915
vt 0.062080 0.146492
vt 0.062105 0.131115
vt 0.077514 0.130853
vt 0.077576 0.146316
vt 0.062531 0.208750
vt 0.062487 0.193195
vt 0.078561 0.193039
vt 0.078495 0.208366
vt 0.062954 0.270716
vt 0.062813 0.255333
vt 0.078243 0.255272
vt 0.078378 0.270603
vt 0.063171 0.332392
vt 0.063149 0.316937
vt 0.078500 0.316742
vt 0.078485 0.332188
vt 0.063415 0.394480
vt 0.063298 0.378931
vt 0.078496 0.378781
vt 0.078605 0.394371
vt 0.064283 0.456442
vt 0.064038 0.441008
vt 0.079331 0.440983
vt 0.079617 0.456422
vt 0.498007 0.561526
vt 0.064915 0.502516
vt 0.605042 0.921876
vt 0.610014 0.921866
vt 0.438086 0.686545
vt 0.454113 0.686467
vt 0.454181 0.702526
vt 0.438342 0.702587
vt 0.376812 0.686833
vt 0.390261 0.686770
vt 0.390495 0.700484
vt 0.376492 0.700904
vt 0.312072 0.687153
vt 0.327909 0.687066
vt 0.327961 0.703020
vt 0.312241 0.703042
vt 0.251274 0.687604
vt 0.266568 0.687469
vt 0.266662 0.703017
vt 0.251364 0.703091
vt 0.189563 0.688141
vt 0.205068 0.688033
vt 0.205203 0.703365
vt 0.189738 0.703440
vt 0.127533 0.688213
vt 0.143021 0.688210
vt 0.143252 0.703529
vt 0.127742 0.703538
vt 0.065625 0.688334
vt 0.081089 0.688289
vt 0.081137 0.703614
vt 0.065612 0.703665
vt 0.599139 0.687398
vt 0.019411 0.688471
vt 0.019288 0.703809
vt 0.599403 0.703021
vt 0.199327 0.006322
vt 0.594167 0.687482
vt 0.199559 0.021655
vt 0.184226 0.022020
vt 0.185039 0.083682
vt 0.184840 0.068224
vt 0.200168 0.067964
vt 0.200365 0.083484
vt 0.185930 0.145597
vt 0.185692 0.130113
vt 0.201020 0.130073
vt 0.201251 0.145581
vt 0.186728 0.207626
vt 0.186589 0.192125
vt 0.201889 0.192056
vt 0.202058 0.207518
vt 0.187141 0.269118
vt 0.187031 0.253826
vt 0.202516 0.253671
vt 0.202686 0.268967
vt 0.187714 0.330416
vt 0.187549 0.314610
vt 0.203435 0.314530
vt 0.203669 0.330224
vt 0.188408 0.392682
vt 0.188258 0.379313
vt 0.202297 0.378754
vt 0.202096 0.392734
vt 0.189120 0.456706
vt 0.188946 0.440792
vt 0.205025 0.440762
vt 0.205177 0.456508
vt 0.499918 0.686234
vt 0.189614 0.502446
vt 0.604804 0.796877
vt 0.609777 0.796867
vt 0.439301 0.873621
vt 0.454516 0.873513
vt 0.454507 0.889067
vt 0.439278 0.889235
vt 0.376940 0.874094
vt 0.391565 0.873988
vt 0.391776 0.888823
vt 0.376908 0.888689
vt 0.313839 0.873609
vt 0.329810 0.873835
vt 0.330084 0.889351
vt 0.314145 0.889274
vt 0.252618 0.873812
vt 0.267897 0.873719
vt 0.267917 0.889263
vt 0.252663 0.889356
vt 0.191357 0.874099
vt 0.206635 0.873981
vt 0.206565 0.889487
vt 0.191170 0.889590
vt 0.128450 0.874094
vt 0.144933 0.874254
vt 0.144590 0.889753
vt 0.128221 0.889414
vt 0.064527 0.875534
vt 0.080968 0.874459
vt 0.081192 0.889656
vt 0.065003 0.890797
vt 0.602309 0.874870
vt 0.016285 0.877020
vt 0.017165 0.892525
vt 0.602573 0.890493
vt 0.388264 0.001136
vt 0.597337 0.874954
vt 0.388216 0.016457
vt 0.372690 0.015801
vt 0.371107 0.080553
vt 0.371954 0.064065
vt 0.387247 0.064286
vt 0.386363 0.080508
vt 0.371934 0.144578
vt 0.371517 0.128119
vt 0.386836 0.127618
vt 0.387424 0.143972
vt 0.372634 0.206252
vt 0.372510 0.190976
vt 0.387992 0.190539
vt 0.388133 0.205931
vt 0.373336 0.267507
vt 0.373197 0.252221
vt 0.388731 0.252023
vt 0.388877 0.267280
vt 0.374422 0.329378
vt 0.373950 0.313437
vt 0.389614 0.313499
vt 0.389942 0.329418
vt 0.375570 0.391141
vt 0.375442 0.376504
vt 0.390046 0.376237
vt 0.390415 0.391110
vt 0.376107 0.454057
vt 0.375970 0.438843
vt 0.391577 0.438569
vt 0.391656 0.453799
vt 0.500321 0.873220
vt 0.376552 0.499863
vt 0.604448 0.609379
vt 0.609421 0.609369
vt 0.438613 0.811628
vt 0.454036 0.811542
vt 0.454160 0.826969
vt 0.438792 0.827005
vt 0.376023 0.811705
vt 0.391812 0.811715
vt 0.391966 0.827386
vt 0.376331 0.827512
vt 0.313404 0.811565
vt 0.328730 0.811522
vt 0.328557 0.826690
vt 0.313330 0.826847
vt 0.252337 0.811590
vt 0.267540 0.811553
vt 0.267583 0.827085
vt 0.252389 0.827132
vt 0.191733 0.811601
vt 0.206763 0.811573
vt 0.206860 0.827190
vt 0.191803 0.827243
vt 0.129914 0.812408
vt 0.146573 0.811818
vt 0.146979 0.827488
vt 0.130103 0.828039
vt 0.067099 0.814716
vt 0.081510 0.815061
vt 0.081447 0.828784
vt 0.066736 0.829069
vt 0.601252 0.812379
vt 0.015759 0.813267
vt 0.015340 0.829433
vt 0.601516 0.828002
vt 0.324583 0.000343
vt 0.596280 0.812463
vt 0.325063 0.015606
vt 0.308906 0.016309
vt 0.311772 0.081992
vt 0.311170 0.067595
vt 0.325537 0.066952
vt 0.325528 0.081837
vt 0.309517 0.147203
vt 0.309821 0.130591
vt 0.325451 0.130528
vt 0.325185 0.147385
vt 0.310250 0.207369
vt 0.310038 0.192339
vt 0.325675 0.192165
vt 0.325863 0.207220
vt 0.311195 0.268140
vt 0.310991 0.252938
vt 0.326528 0.252746
vt 0.326722 0.267940
vt 0.312130 0.329330
vt 0.311929 0.314003
vt 0.327205 0.313693
vt 0.327292 0.328915
vt 0.313326 0.392371
vt 0.313067 0.376590
vt 0.328860 0.376640
vt 0.328987 0.392273
vt 0.314144 0.454577
vt 0.313983 0.439156
vt 0.329361 0.439085
vt 0.329570 0.454452
vt 0.500074 0.811206
vt 0.314548 0.500613
vt 0.604567 0.671878
vt 0.609539 0.671868
vt 0.438914 0.935619
vt 0.454281 0.935448
vt 0.454219 0.950820
vt 0.438827 0.950965
vt 0.376774 0.936292
vt 0.392432 0.936206
vt 0.392355 0.951405
vt 0.376761 0.951471
vt 0.314525 0.935789
vt 0.329976 0.935921
vt 0.330075 0.951246
vt 0.314598 0.951158
vt 0.252727 0.935484
vt 0.268118 0.935503
vt 0.268206 0.951022
vt 0.252748 0.951022
vt 0.190871 0.935891
vt 0.206340 0.935809
vt 0.206327 0.951199
vt 0.190868 0.951258
vt 0.128784 0.936474
vt 0.144381 0.936266
vt 0.144376 0.951606
vt 0.128814 0.951794
vt 0.065956 0.937586
vt 0.081643 0.937267
vt 0.081975 0.952548
vt 0.066384 0.952855
vt 0.603365 0.937361
vt 0.019417 0.938551
vt 0.019954 0.953828
vt 0.603629 0.952983
vt 0.449641 0.002969
vt 0.598393 0.937445
vt 0.449555 0.018316
vt 0.434272 0.018011
vt 0.433944 0.080255
vt 0.434021 0.064566
vt 0.449298 0.064756
vt 0.449232 0.080348
vt 0.433913 0.143005
vt 0.433875 0.127403
vt 0.449193 0.127195
vt 0.449251 0.142761
vt 0.434432 0.204969
vt 0.434270 0.189501
vt 0.449631 0.189255
vt 0.449817 0.204713
vt 0.435106 0.266741
vt 0.434844 0.251352
vt 0.450376 0.251126
vt 0.450619 0.266580
vt 0.436494 0.328573
vt 0.436119 0.313128
vt 0.451485 0.312955
vt 0.451818 0.328425
vt 0.437773 0.390993
vt 0.437608 0.375342
vt 0.452785 0.375086
vt 0.452970 0.390673
vt 0.438022 0.452834
vt 0.437944 0.437467
vt 0.453286 0.437134
vt 0.453391 0.452526
vt 0.500263 0.935126
vt 0.438445 0.498814
vt 0.604330 0.546879
vt 0.609302 0.546870
vt 0.034255 0.504240
vt 0.595177 0.453058
vt 0.049670 0.519432
vt 0.034346 0.519553
vt 0.034642 0.580916
vt 0.034578 0.565561
vt 0.049897 0.565449
vt 0.049960 0.580811
vt 0.034828 0.642372
vt 0.034797 0.627009
vt 0.050126 0.626933
vt 0.050169 0.642307
vt 0.034678 0.703772
vt 0.034779 0.688430
vt 0.050185 0.688384
vt 0.050122 0.703722
vt 0.033240 0.765342
vt 0.033825 0.749848
vt 0.049427 0.749663
vt 0.049201 0.765534
vt 0.031801 0.829521
vt 0.032643 0.813592
vt 0.050520 0.814131
vt 0.049491 0.829401
vt 0.032564 0.892285
vt 0.031574 0.876908
vt 0.047605 0.876511
vt 0.048522 0.891781
vt 0.035367 0.953499
vt 0.034848 0.938224
vt 0.050361 0.937901
vt 0.050846 0.953173
vt 0.495350 0.034120
vt 0.036470 0.999366
vt 0.051872 0.999043
vt 0.495268 0.049532
vt 0.434185 0.033447
vt 0.449466 0.033731
vt 0.449379 0.049212
vt 0.434100 0.048967
vt 0.372817 0.031082
vt 0.388213 0.031852
vt 0.387966 0.047801
vt 0.372682 0.047088
vt 0.309498 0.033144
vt 0.325418 0.032010
vt 0.325585 0.049647
vt 0.310318 0.050972
vt 0.245833 0.035446
vt 0.261312 0.034610
vt 0.261753 0.050552
vt 0.245910 0.051047
vt 0.184436 0.037386
vt 0.199775 0.037040
vt 0.199976 0.052478
vt 0.184639 0.052789
vt 0.123027 0.038381
vt 0.138388 0.038169
vt 0.138569 0.053508
vt 0.123197 0.053709
vt 0.061591 0.039135
vt 0.076944 0.038957
vt 0.077083 0.054274
vt 0.061723 0.054454
vt 0.000276 0.039781
vt 0.015589 0.039630
vt 0.015711 0.054953
vt 0.000397 0.055103
vt 0.095607 0.503662
vt 0.594120 0.390567
vt 0.111071 0.518791
vt 0.095699 0.518976
vt 0.095920 0.580417
vt 0.095878 0.565023
vt 0.111214 0.564834
vt 0.111233 0.580241
vt 0.096227 0.642125
vt 0.096121 0.626703
vt 0.111430 0.626637
vt 0.111573 0.642086
vt 0.096678 0.703576
vt 0.096566 0.688251
vt 0.112049 0.688226
vt 0.112216 0.703552
vt 0.097112 0.765837
vt 0.097171 0.749332
vt 0.113030 0.749368
vt 0.113261 0.765145
vt 0.095488 0.828852
vt 0.095607 0.814621
vt 0.112036 0.813539
vt 0.111900 0.828634
vt 0.096710 0.888939
vt 0.096603 0.873870
vt 0.112274 0.873861
vt 0.112162 0.888987
vt 0.097593 0.952270
vt 0.097373 0.936978
vt 0.113101 0.936707
vt 0.113214 0.952014
vt 0.495098 0.095892
vt 0.098208 0.998170
vt 0.113674 0.997932
vt 0.495096 0.111360
vt 0.433866 0.111718
vt 0.433895 0.095988
vt 0.449190 0.095970
vt 0.449174 0.111594
vt 0.371029 0.111925
vt 0.370771 0.096206
vt 0.385887 0.096077
vt 0.386166 0.111559
vt 0.310665 0.112712
vt 0.311530 0.096207
vt 0.325772 0.095791
vt 0.325766 0.112243
vt 0.246620 0.114619
vt 0.246339 0.098768
vt 0.262800 0.098454
vt 0.262372 0.114607
vt 0.185464 0.114633
vt 0.185246 0.099155
vt 0.200573 0.099019
vt 0.200792 0.114551
vt 0.123874 0.115005
vt 0.123699 0.099698
vt 0.139119 0.099557
vt 0.139322 0.114901
vt 0.062085 0.115769
vt 0.062030 0.100434
vt 0.077421 0.100233
vt 0.077489 0.115546
vt 0.000673 0.101130
vt 0.015988 0.100980
vt 0.016047 0.116352
vt 0.000734 0.116502
vt 0.157255 0.502865
vt 0.593064 0.328076
vt 0.172840 0.517964
vt 0.157349 0.518166
vt 0.157778 0.579894
vt 0.157480 0.564165
vt 0.173101 0.564117
vt 0.173432 0.580084
vt 0.158181 0.641714
vt 0.158409 0.626087
vt 0.174041 0.625648
vt 0.173835 0.641264
vt 0.158755 0.703514
vt 0.158521 0.688207
vt 0.174038 0.688190
vt 0.174251 0.703487
vt 0.160095 0.764979
vt 0.159647 0.749545
vt 0.175067 0.749556
vt 0.175476 0.765033
vt 0.161883 0.827354
vt 0.161687 0.811670
vt 0.176684 0.811640
vt 0.176786 0.827314
vt 0.160475 0.889805
vt 0.160852 0.874265
vt 0.176124 0.874197
vt 0.175843 0.889704
vt 0.159901 0.951457
vt 0.159922 0.936106
vt 0.175413 0.935982
vt 0.175396 0.951343
vt 0.495305 0.157746
vt 0.160069 0.997429
vt 0.175527 0.997321
vt 0.495441 0.173200
vt 0.434117 0.174042
vt 0.433997 0.158549
vt 0.449344 0.158287
vt 0.449472 0.173783
vt 0.372367 0.175744
vt 0.372194 0.160477
vt 0.387722 0.159844
vt 0.387863 0.175211
vt 0.309835 0.177292
vt 0.309622 0.162298
vt 0.325303 0.162257
vt 0.325504 0.177153
vt 0.247759 0.176652
vt 0.247508 0.161232
vt 0.262939 0.161434
vt 0.263235 0.176815
vt 0.186395 0.176605
vt 0.186169 0.161093
vt 0.201478 0.161080
vt 0.201693 0.176573
vt 0.123886 0.177596
vt 0.124073 0.161963
vt 0.139691 0.161492
vt 0.139494 0.177146
vt 0.062348 0.177645
vt 0.062152 0.162031
vt 0.077876 0.162073
vt 0.078307 0.177717
vt 0.000860 0.162774
vt 0.016161 0.162627
vt 0.016206 0.178114
vt 0.000910 0.178256
vt 0.219256 0.502225
vt 0.592007 0.265586
vt 0.234866 0.517418
vt 0.219379 0.517527
vt 0.219731 0.579288
vt 0.219840 0.563540
vt 0.235401 0.563395
vt 0.235507 0.578916
vt 0.220095 0.641226
vt 0.219660 0.625562
vt 0.235643 0.625630
vt 0.235834 0.641277
vt 0.220633 0.703276
vt 0.220527 0.687897
vt 0.235928 0.687749
vt 0.236021 0.703181
vt 0.221347 0.765115
vt 0.221166 0.749559
vt 0.236503 0.749528
vt 0.236655 0.765057
vt 0.221976 0.827176
vt 0.221848 0.811581
vt 0.237067 0.811599
vt 0.237180 0.827173
vt 0.222026 0.889428
vt 0.221987 0.873903
vt 0.237328 0.873873
vt 0.237411 0.889401
vt 0.221805 0.951137
vt 0.221854 0.935690
vt 0.237330 0.935558
vt 0.237287 0.951064
vt 0.495990 0.219554
vt 0.221898 0.997138
vt 0.237360 0.997108
vt 0.496207 0.235010
vt 0.434674 0.235956
vt 0.434560 0.220480
vt 0.449999 0.220188
vt 0.450173 0.235668
vt 0.373012 0.236938
vt 0.372799 0.221601
vt 0.388318 0.221389
vt 0.388534 0.236770
vt 0.310758 0.237670
vt 0.310498 0.222454
vt 0.326089 0.222335
vt 0.326327 0.237537
vt 0.248703 0.238082
vt 0.248490 0.222747
vt 0.264041 0.222683
vt 0.264227 0.237990
vt 0.186932 0.238482
vt 0.186836 0.223083
vt 0.202213 0.222946
vt 0.202362 0.238330
vt 0.124834 0.239188
vt 0.124517 0.223220
vt 0.140181 0.223399
vt 0.140476 0.239126
vt 0.062620 0.239932
vt 0.062516 0.224376
vt 0.078251 0.224022
vt 0.078135 0.239793
vt 0.001204 0.224764
vt 0.016506 0.224645
vt 0.016642 0.240129
vt 0.001334 0.240246
vt 0.281114 0.501729
vt 0.590951 0.203095
vt 0.296684 0.516888
vt 0.281234 0.517043
vt 0.281674 0.578504
vt 0.281578 0.563095
vt 0.296982 0.562911
vt 0.297050 0.578296
vt 0.281773 0.640519
vt 0.281791 0.624964
vt 0.297073 0.624657
vt 0.297021 0.640205
vt 0.281913 0.702973
vt 0.281806 0.687351
vt 0.296970 0.687246
vt 0.297104 0.702974
vt 0.282561 0.765067
vt 0.282409 0.749605
vt 0.297720 0.749719
vt 0.297888 0.765163
vt 0.282897 0.827055
vt 0.282843 0.811565
vt 0.298149 0.811583
vt 0.298163 0.826973
vt 0.283296 0.889181
vt 0.283197 0.873649
vt 0.298490 0.873610
vt 0.298710 0.889192
vt 0.283679 0.951061
vt 0.283581 0.935594
vt 0.299075 0.935694
vt 0.299146 0.951104
vt 0.496913 0.281390
vt 0.283757 0.997081
vt 0.299225 0.997097
vt 0.497174 0.296852
vt 0.435782 0.297686
vt 0.435439 0.282198
vt 0.450902 0.282048
vt 0.451188 0.297509
vt 0.373714 0.298102
vt 0.373511 0.282808
vt 0.389039 0.282658
vt 0.389292 0.298070
vt 0.311709 0.298748
vt 0.311450 0.283443
vt 0.326936 0.283253
vt 0.327097 0.298518
vt 0.249862 0.299287
vt 0.249508 0.283980
vt 0.264967 0.283890
vt 0.265303 0.299214
vt 0.187402 0.299515
vt 0.187265 0.284354
vt 0.202884 0.284215
vt 0.203126 0.299402
vt 0.124839 0.300618
vt 0.124901 0.285332
vt 0.140450 0.285065
vt 0.140380 0.300317
vt 0.063112 0.301510
vt 0.063051 0.286105
vt 0.078457 0.285956
vt 0.078494 0.301334
vt 0.001687 0.286617
vt 0.017001 0.286494
vt 0.017092 0.301944
vt 0.001779 0.302069
vt 0.342983 0.501072
vt 0.589894 0.140604
vt 0.358589 0.516215
vt 0.343094 0.516376
vt 0.343384 0.577519
vt 0.343343 0.562247
vt 0.358859 0.562034
vt 0.358916 0.577263
vt 0.343115 0.638853
vt 0.343201 0.623287
vt 0.358835 0.622726
vt 0.358898 0.638589
vt 0.344392 0.702691
vt 0.344613 0.686983
vt 0.361586 0.686903
vt 0.361129 0.701827
vt 0.344259 0.765844
vt 0.343961 0.750628
vt 0.359641 0.751064
vt 0.359903 0.766157
vt 0.344383 0.826810
vt 0.344288 0.811522
vt 0.360154 0.811603
vt 0.360513 0.827222
vt 0.346334 0.889223
vt 0.346430 0.874076
vt 0.362316 0.874158
vt 0.362027 0.888911
vt 0.345593 0.951353
vt 0.345491 0.936102
vt 0.361107 0.936239
vt 0.361161 0.951440
vt 0.498023 0.343311
vt 0.345709 0.997210
vt 0.361241 0.997235
vt 0.498296 0.358834
vt 0.437303 0.359684
vt 0.436918 0.344080
vt 0.452170 0.343935
vt 0.452504 0.359494
vt 0.375270 0.361869
vt 0.374931 0.345977
vt 0.390078 0.345652
vt 0.390024 0.361345
vt 0.312712 0.360732
vt 0.312379 0.344880
vt 0.327650 0.344710
vt 0.328312 0.360825
vt 0.252172 0.361185
vt 0.251492 0.345513
vt 0.266709 0.345570
vt 0.267266 0.361207
vt 0.188086 0.364061
vt 0.187895 0.347055
vt 0.203620 0.346604
vt 0.203016 0.363360
vt 0.123912 0.362412
vt 0.124219 0.346768
vt 0.139764 0.346423
vt 0.139721 0.362197
vt 0.063228 0.363392
vt 0.063192 0.347877
vt 0.078463 0.347676
vt 0.078457 0.363209
vt 0.002018 0.348487
vt 0.017322 0.348354
vt 0.017409 0.363848
vt 0.002108 0.363983
vt 0.404986 0.500550
vt 0.588838 0.078113
vt 0.420569 0.515774
vt 0.405090 0.515851
vt 0.405661 0.576850
vt 0.405491 0.561643
vt 0.421007 0.561612
vt 0.421207 0.576857
vt 0.406480 0.638286
vt 0.406403 0.622086
vt 0.422111 0.622443
vt 0.422445 0.638032
vt 0.404911 0.701027
vt 0.404181 0.686705
vt 0.420580 0.686628
vt 0.421258 0.701988
vt 0.407257 0.766308
vt 0.407327 0.751309
vt 0.423061 0.750813
vt 0.422936 0.765994
vt 0.407716 0.827105
vt 0.407532 0.811694
vt 0.423121 0.811680
vt 0.423367 0.826990
vt 0.407431 0.889117
vt 0.407206 0.873863
vt 0.423469 0.873738
vt 0.423561 0.889296
vt 0.407904 0.951279
vt 0.408023 0.936039
vt 0.423504 0.935822
vt 0.423392 0.951123
vt 0.498933 0.405412
vt 0.407840 0.997120
vt 0.423330 0.997024
vt 0.499089 0.420898
vt 0.437896 0.422058
vt 0.437857 0.406578
vt 0.453096 0.406217
vt 0.453193 0.421702
vt 0.375832 0.423026
vt 0.375696 0.406776
vt 0.390955 0.406755
vt 0.391388 0.422866
vt 0.313788 0.423667
vt 0.313557 0.408083
vt 0.328962 0.408020
vt 0.329100 0.423665
vt 0.252914 0.424597
vt 0.253160 0.408865
vt 0.268154 0.408548
vt 0.268094 0.424224
vt 0.188751 0.423261
vt 0.188565 0.406663
vt 0.202934 0.407208
vt 0.204189 0.423688
vt 0.124649 0.425683
vt 0.124042 0.409990
vt 0.140121 0.409839
vt 0.140176 0.425805
vt 0.063799 0.425532
vt 0.063585 0.410019
vt 0.078795 0.409950
vt 0.079047 0.425492
vt 0.002488 0.410482
vt 0.017789 0.410342
vt 0.017958 0.425818
vt 0.002655 0.425958
vt 0.466751 0.500299
vt 0.587781 0.015623
vt 0.482206 0.515554
vt 0.466846 0.515611
vt 0.467545 0.576969
vt 0.467324 0.561605
vt 0.482682 0.561580
vt 0.482903 0.576965
vt 0.468715 0.638896
vt 0.468391 0.623303
vt 0.483707 0.623385
vt 0.483995 0.638994
vt 0.469543 0.702329
vt 0.469489 0.686389
vt 0.484655 0.686311
vt 0.484735 0.702151
vt 0.469333 0.765055
vt 0.469379 0.749524
vt 0.484699 0.749285
vt 0.484676 0.764847
vt 0.469503 0.826894
vt 0.469412 0.811435
vt 0.484755 0.811321
vt 0.484828 0.826799
vt 0.469758 0.888931
vt 0.469750 0.873409
vt 0.485024 0.873311
vt 0.485037 0.888821
vt 0.469580 0.950697
vt 0.469624 0.935309
vt 0.484950 0.935202
vt 0.484918 0.950599
vt 0.499526 0.467151
vt 0.469589 0.996711
vt 0.484941 0.996629
vt 0.499693 0.482504
vt 0.438273 0.483501
vt 0.438132 0.468176
vt 0.453517 0.467886
vt 0.453668 0.483222
vt 0.376397 0.484566
vt 0.376249 0.469292
vt 0.391767 0.469051
vt 0.391903 0.484330
vt 0.314416 0.485295
vt 0.314284 0.469952
vt 0.329741 0.469794
vt 0.329893 0.485118
vt 0.252390 0.486230
vt 0.252381 0.470910
vt 0.267909 0.470617
vt 0.267949 0.485960
vt 0.189449 0.487182
vt 0.189286 0.472019
vt 0.205212 0.471818
vt 0.205279 0.487011
vt 0.126540 0.487241
vt 0.126223 0.471928
vt 0.141816 0.472002
vt 0.142150 0.487279
vt 0.064730 0.487193
vt 0.064517 0.471836
vt 0.079883 0.471816
vt 0.080116 0.487171
vt 0.003211 0.472227
vt 0.018522 0.472082
vt 0.018705 0.487439
vt 0.003391 0.487585
vt 0.466973 0.530931
vt 0.482333 0.530880
vt 0.482492 0.546220
vt 0.467133 0.546261
vt 0.436151 0.531016
vt 0.451580 0.530973
vt 0.451737 0.546289
vt 0.436305 0.546314
vt 0.405208 0.531136
vt 0.420693 0.531066
vt 0.420838 0.546347
vt 0.405341 0.546402
vt 0.374197 0.531354
vt 0.389707 0.531230
vt 0.389824 0.546490
vt 0.374300 0.546617
vt 0.343193 0.531674
vt 0.358690 0.531504
vt 0.358781 0.546778
vt 0.343277 0.546965
vt 0.312245 0.532038
vt 0.327710 0.531855
vt 0.327795 0.547164
vt 0.312335 0.547364
vt 0.281353 0.532372
vt 0.296794 0.532212
vt 0.296894 0.547552
vt 0.281468 0.547721
vt 0.250473 0.532629
vt 0.265915 0.532512
vt 0.266050 0.547862
vt 0.250629 0.547970
vt 0.219524 0.532816
vt 0.235013 0.532727
vt 0.235189 0.548044
vt 0.219706 0.548095
vt 0.188456 0.533045
vt 0.204002 0.532915
vt 0.204151 0.548168
vt 0.188556 0.548284
vt 0.157410 0.533453
vt 0.172916 0.533234
vt 0.172965 0.548485
vt 0.157424 0.548729
vt 0.126528 0.533910
vt 0.141949 0.533685
vt 0.141965 0.548997
vt 0.126559 0.549245
vt 0.095773 0.534306
vt 0.111139 0.534118
vt 0.111185 0.549463
vt 0.095831 0.549654
vt 0.065083 0.534624
vt 0.080422 0.534475
vt 0.080489 0.549821
vt 0.065155 0.549967
vt 0.034430 0.534879
vt 0.049753 0.534759
vt 0.049828 0.550098
vt 0.034507 0.550215
vt 0.596498 0.531171
vt 0.019114 0.534987
vt 0.019192 0.550320
vt 0.596762 0.546794
vt 0.045963 0.008682
vt 0.591526 0.531255
vt 0.046110 0.023992
vt 0.030778 0.024156
vt 0.031036 0.054794
vt 0.030913 0.039472
vt 0.046247 0.039307
vt 0.046374 0.054627
vt 0.031240 0.085462
vt 0.031146 0.070124
vt 0.046487 0.069954
vt 0.046585 0.085287
vt 0.031373 0.116179
vt 0.031316 0.100813
vt 0.046663 0.100629
vt 0.046717 0.115983
vt 0.031432 0.146987
vt 0.031411 0.131567
vt 0.046744 0.131357
vt 0.046743 0.146763
vt 0.031475 0.177951
vt 0.031448 0.162447
vt 0.046723 0.162221
vt 0.046725 0.177759
vt 0.031650 0.209029
vt 0.031534 0.193487
vt 0.046772 0.193346
vt 0.046904 0.208936
vt 0.031951 0.240033
vt 0.031796 0.224547
vt 0.047078 0.224485
vt 0.047270 0.239965
vt 0.032225 0.270932
vt 0.032098 0.255491
vt 0.047439 0.255403
vt 0.047574 0.270823
vt 0.032416 0.301810
vt 0.032330 0.286369
vt 0.047678 0.286241
vt 0.047755 0.301667
vt 0.032553 0.332728
vt 0.032488 0.317262
vt 0.047813 0.317108
vt 0.047861 0.332569
vt 0.032698 0.363706
vt 0.032620 0.348210
vt 0.047911 0.348052
vt 0.047973 0.363555
vt 0.032922 0.394719
vt 0.032797 0.379212
vt 0.048061 0.379073
vt 0.048183 0.394596
vt 0.033251 0.425699
vt 0.033074 0.410218
vt 0.048342 0.410110
vt 0.048532 0.425603
vt 0.033644 0.456578
vt 0.033444 0.441154
vt 0.048742 0.441066
vt 0.048960 0.456494
vt 0.034030 0.487326
vt 0.033842 0.471969
vt 0.049172 0.471887
vt 0.049371 0.487244
vt 0.497658 0.530815
vt 0.034203 0.502650
vt 0.605101 0.953125
vt 0.610074 0.953116
vt 0.468082 0.607801
vt 0.467798 0.592363
vt 0.483150 0.592385
vt 0.483421 0.607853
vt 0.436960 0.592189
vt 0.452407 0.592294
vt 0.452705 0.607677
vt 0.437270 0.607490
vt 0.406100 0.607088
vt 0.405860 0.592006
vt 0.421446 0.592078
vt 0.421740 0.607271
vt 0.374562 0.592190
vt 0.390217 0.592030
vt 0.390366 0.607044
vt 0.374609 0.607241
vt 0.343338 0.608033
vt 0.343388 0.592781
vt 0.358942 0.592458
vt 0.358922 0.607608
vt 0.312473 0.593430
vt 0.327902 0.593115
vt 0.327857 0.608455
vt 0.312451 0.608835
vt 0.281787 0.609440
vt 0.281747 0.593952
vt 0.297091 0.593711
vt 0.297100 0.609162
vt 0.251149 0.594298
vt 0.266437 0.594148
vt 0.266514 0.609677
vt 0.251259 0.609882
vt 0.219408 0.610241
vt 0.219482 0.594926
vt 0.235482 0.594521
vt 0.235514 0.610069
vt 0.188851 0.595710
vt 0.203854 0.595401
vt 0.203780 0.610395
vt 0.188945 0.610531
vt 0.158470 0.610794
vt 0.158212 0.595507
vt 0.173845 0.595683
vt 0.174107 0.610662
vt 0.126541 0.595511
vt 0.142208 0.595415
vt 0.142351 0.610925
vt 0.126589 0.611048
vt 0.096032 0.611269
vt 0.095968 0.595835
vt 0.111261 0.595686
vt 0.111317 0.611161
vt 0.065340 0.596077
vt 0.080658 0.595963
vt 0.080721 0.611370
vt 0.065400 0.611466
vt 0.034753 0.611643
vt 0.034701 0.596278
vt 0.050020 0.596181
vt 0.050075 0.611557
vt 0.597554 0.593662
vt 0.019386 0.596368
vt 0.019435 0.611725
vt 0.597818 0.609285
vt 0.107340 0.007955
vt 0.592583 0.593746
vt 0.107503 0.023265
vt 0.092149 0.023458
vt 0.092450 0.054091
vt 0.092303 0.038773
vt 0.107665 0.038581
vt 0.107823 0.053903
vt 0.092720 0.084727
vt 0.092590 0.069410
vt 0.107977 0.069226
vt 0.108125 0.084546
vt 0.092930 0.115329
vt 0.092835 0.100036
vt 0.108266 0.099855
vt 0.108401 0.115140
vt 0.093149 0.146265
vt 0.092999 0.130610
vt 0.108530 0.130411
vt 0.108657 0.146160
vt 0.093908 0.177878
vt 0.093489 0.162253
vt 0.108781 0.162265
vt 0.108896 0.177899
vt 0.094101 0.207900
vt 0.094170 0.192888
vt 0.109000 0.192745
vt 0.109098 0.207590
vt 0.093732 0.239523
vt 0.093880 0.223531
vt 0.109193 0.223215
vt 0.109276 0.239309
vt 0.093853 0.270470
vt 0.093761 0.255182
vt 0.109339 0.255043
vt 0.109377 0.270299
vt 0.093905 0.301130
vt 0.093901 0.285782
vt 0.109384 0.285576
vt 0.109351 0.300892
vt 0.093805 0.331948
vt 0.093871 0.316516
vt 0.109271 0.316249
vt 0.109140 0.331659
vt 0.093651 0.362996
vt 0.093722 0.347439
vt 0.108971 0.347147
vt 0.108799 0.362738
vt 0.093731 0.394273
vt 0.093636 0.378617
vt 0.108688 0.378429
vt 0.108750 0.394190
vt 0.094272 0.425492
vt 0.093956 0.409912
vt 0.109043 0.409918
vt 0.109471 0.425547
vt 0.094970 0.456439
vt 0.094626 0.440999
vt 0.109931 0.441066
vt 0.110357 0.456495
vt 0.095538 0.487175
vt 0.095279 0.471826
vt 0.110719 0.471866
vt 0.111008 0.487201
vt 0.498472 0.592353
vt 0.095744 0.502495
vt 0.604982 0.890626
vt 0.609955 0.890616
vt 0.469300 0.670452
vt 0.469030 0.654607
vt 0.484264 0.654693
vt 0.484492 0.670475
vt 0.438259 0.654257
vt 0.453751 0.654428
vt 0.453940 0.670410
vt 0.438107 0.670503
vt 0.404714 0.672379
vt 0.405791 0.655927
vt 0.422038 0.654763
vt 0.421039 0.671265
vt 0.375460 0.656487
vt 0.390483 0.656689
vt 0.390312 0.673056
vt 0.376308 0.672764
vt 0.344199 0.671275
vt 0.343446 0.655026
vt 0.359711 0.655628
vt 0.360939 0.671983
vt 0.312139 0.655455
vt 0.327554 0.655102
vt 0.327773 0.671108
vt 0.312063 0.671258
vt 0.281758 0.671720
vt 0.281753 0.656106
vt 0.296964 0.655823
vt 0.296937 0.671511
vt 0.251231 0.656603
vt 0.266508 0.656354
vt 0.266518 0.671912
vt 0.251229 0.672109
vt 0.220479 0.672536
vt 0.220402 0.657022
vt 0.235906 0.656871
vt 0.235889 0.672318
vt 0.189275 0.657100
vt 0.204810 0.657036
vt 0.204975 0.672723
vt 0.189411 0.672863
vt 0.158278 0.672914
vt 0.158102 0.657461
vt 0.173728 0.657255
vt 0.173830 0.672912
vt 0.127122 0.657499
vt 0.142536 0.657535
vt 0.142787 0.672886
vt 0.127332 0.672870
vt 0.096455 0.672900
vt 0.096341 0.657525
vt 0.111730 0.657498
vt 0.111890 0.672876
vt 0.065570 0.657619
vt 0.080953 0.657568
vt 0.081026 0.672939
vt 0.065608 0.672984
vt 0.034829 0.673084
vt 0.034841 0.657731
vt 0.050198 0.657675
vt 0.050207 0.673034
vt 0.598611 0.656153
vt 0.019503 0.657788
vt 0.019477 0.673132
vt 0.598875 0.671775
vt 0.168692 0.007012
vt 0.593639 0.656237
vt 0.168893 0.022333
vt 0.153553 0.022601
vt 0.153934 0.053292
vt 0.153744 0.037939
vt 0.169093 0.037680
vt 0.169292 0.053056
vt 0.154318 0.084040
vt 0.154125 0.068661
vt 0.169489 0.068453
vt 0.169688 0.083867
vt 0.154734 0.114810
vt 0.154518 0.099424
vt 0.169894 0.099291
vt 0.170112 0.114722
vt 0.155252 0.145607
vt 0.154976 0.130199
vt 0.170348 0.130159
vt 0.170605 0.145611
vt 0.155469 0.176788
vt 0.155426 0.161166
vt 0.170873 0.161097
vt 0.171116 0.176642
vt 0.155741 0.207864
vt 0.155562 0.192332
vt 0.171312 0.192217
vt 0.171418 0.207777
vt 0.156062 0.238948
vt 0.155970 0.223449
vt 0.171476 0.223277
vt 0.171504 0.238686
vt 0.156035 0.269551
vt 0.156039 0.254273
vt 0.171541 0.254026
vt 0.171589 0.269315
vt 0.155991 0.300011
vt 0.156030 0.284798
vt 0.171639 0.284553
vt 0.171672 0.299732
vt 0.155754 0.330593
vt 0.155866 0.315189
vt 0.171659 0.314855
vt 0.171754 0.330542
vt 0.156733 0.362684
vt 0.155909 0.346458
vt 0.172161 0.346908
vt 0.173141 0.363643
vt 0.158265 0.393474
vt 0.157844 0.378430
vt 0.174209 0.379015
vt 0.174725 0.392985
vt 0.156821 0.425194
vt 0.157712 0.408866
vt 0.174212 0.407466
vt 0.173327 0.423958
vt 0.157098 0.456815
vt 0.156649 0.441376
vt 0.172871 0.441036
vt 0.173064 0.456777
vt 0.157845 0.487297
vt 0.157525 0.472065
vt 0.173361 0.472083
vt 0.173621 0.487272
vt 0.499549 0.654681
vt 0.158072 0.502581
vt 0.604864 0.828127
vt 0.609836 0.828117
vt 0.469450 0.733908
vt 0.469517 0.718184
vt 0.484752 0.717941
vt 0.484731 0.733655
vt 0.438737 0.718836
vt 0.454236 0.718515
vt 0.454166 0.734297
vt 0.438770 0.734778
vt 0.407163 0.735106
vt 0.406219 0.717469
vt 0.422496 0.718483
vt 0.423154 0.735215
vt 0.375858 0.717186
vt 0.390889 0.716848
vt 0.391253 0.734944
vt 0.375441 0.734984
vt 0.343698 0.735092
vt 0.343836 0.718936
vt 0.360109 0.718185
vt 0.359510 0.735219
vt 0.312491 0.718825
vt 0.327927 0.719013
vt 0.328110 0.734789
vt 0.312792 0.734433
vt 0.282235 0.734106
vt 0.282062 0.718562
vt 0.297296 0.718639
vt 0.297513 0.734218
vt 0.251491 0.718572
vt 0.266793 0.718548
vt 0.266949 0.734058
vt 0.251648 0.734046
vt 0.220969 0.734077
vt 0.220784 0.718669
vt 0.236155 0.718617
vt 0.236323 0.734057
vt 0.189941 0.718772
vt 0.205377 0.718722
vt 0.205586 0.734102
vt 0.190177 0.734132
vt 0.159296 0.734177
vt 0.159007 0.718837
vt 0.174483 0.718812
vt 0.174747 0.734158
vt 0.127978 0.718852
vt 0.143507 0.718849
vt 0.143814 0.734179
vt 0.128275 0.734158
vt 0.096957 0.734108
vt 0.096800 0.718867
vt 0.112408 0.718854
vt 0.112659 0.734127
vt 0.065560 0.718970
vt 0.081172 0.718902
vt 0.081196 0.734124
vt 0.065448 0.734236
vt 0.034232 0.734464
vt 0.034505 0.719114
vt 0.049998 0.719048
vt 0.049784 0.734359
vt 0.599667 0.718643
vt 0.019090 0.719154
vt 0.018792 0.734522
vt 0.599931 0.734266
vt 0.229985 0.005320
vt 0.594696 0.718727
vt 0.230256 0.020666
vt 0.214895 0.021209
vt 0.215300 0.052109
vt 0.215113 0.036623
vt 0.230455 0.036099
vt 0.230609 0.051649
vt 0.215656 0.083272
vt 0.215475 0.067665
vt 0.230741 0.067308
vt 0.230886 0.083048
vt 0.216096 0.114495
vt 0.215867 0.098893
vt 0.231114 0.098802
vt 0.231373 0.114498
vt 0.216573 0.145588
vt 0.216335 0.130061
vt 0.231643 0.130110
vt 0.231903 0.145647
vt 0.217018 0.176559
vt 0.216802 0.161086
vt 0.232141 0.161128
vt 0.232364 0.176578
vt 0.217414 0.207448
vt 0.217222 0.192015
vt 0.232580 0.192007
vt 0.232793 0.207413
vt 0.217796 0.238221
vt 0.217605 0.222852
vt 0.233012 0.222794
vt 0.233235 0.238146
vt 0.218214 0.268854
vt 0.217995 0.253555
vt 0.233467 0.253467
vt 0.233720 0.268766
vt 0.218788 0.299349
vt 0.218470 0.284120
vt 0.234010 0.284050
vt 0.234364 0.299323
vt 0.219652 0.329955
vt 0.219213 0.314539
vt 0.234819 0.314596
vt 0.235417 0.329906
vt 0.219394 0.362090
vt 0.219848 0.345837
vt 0.235970 0.345482
vt 0.236378 0.361277
vt 0.218563 0.392925
vt 0.218643 0.377865
vt 0.236442 0.377208
vt 0.236679 0.393045
vt 0.220723 0.424639
vt 0.219465 0.408316
vt 0.237078 0.408985
vt 0.237385 0.424972
vt 0.221148 0.456281
vt 0.221257 0.440829
vt 0.237155 0.440565
vt 0.236907 0.455942
vt 0.221061 0.486779
vt 0.221052 0.471541
vt 0.236771 0.471227
vt 0.236764 0.486509
vt 0.500034 0.717793
vt 0.221158 0.502062
vt 0.604745 0.765627
vt 0.609717 0.765618
vt 0.469349 0.795988
vt 0.469321 0.780535
vt 0.484675 0.780361
vt 0.484702 0.795847
vt 0.438459 0.780969
vt 0.453922 0.780741
vt 0.453953 0.796140
vt 0.438500 0.796291
vt 0.407348 0.796523
vt 0.407264 0.781384
vt 0.422910 0.781197
vt 0.422969 0.796424
vt 0.375789 0.781445
vt 0.391539 0.781480
vt 0.391644 0.796572
vt 0.375896 0.796553
vt 0.344452 0.796320
vt 0.344431 0.781066
vt 0.360081 0.781276
vt 0.360149 0.796440
vt 0.313399 0.780737
vt 0.328865 0.780882
vt 0.328871 0.796237
vt 0.313443 0.796187
vt 0.282764 0.796054
vt 0.282675 0.780540
vt 0.298011 0.780629
vt 0.298099 0.796130
vt 0.252121 0.780532
vt 0.267403 0.780501
vt 0.267484 0.796021
vt 0.252252 0.796055
vt 0.221679 0.796099
vt 0.221513 0.780642
vt 0.236785 0.780586
vt 0.236923 0.796083
vt 0.191190 0.780620
vt 0.206347 0.780663
vt 0.206579 0.796104
vt 0.191519 0.796090
vt 0.161218 0.796034
vt 0.160646 0.780482
vt 0.175945 0.780544
vt 0.176379 0.796064
vt 0.129491 0.780700
vt 0.145347 0.780436
vt 0.145970 0.796101
vt 0.129488 0.796705
vt 0.095906 0.799788
vt 0.096556 0.783352
vt 0.112817 0.781831
vt 0.112172 0.798131
vt 0.065986 0.783601
vt 0.081283 0.784126
vt 0.081375 0.800654
vt 0.066823 0.800054
vt 0.032952 0.797626
vt 0.032941 0.781380
vt 0.049673 0.782336
vt 0.050457 0.798747
vt 0.600724 0.781134
vt 0.017094 0.781169
vt 0.016397 0.797143
vt 0.600988 0.796757
vt 0.292363 0.001933
vt 0.595752 0.781218
vt 0.292803 0.017230
vt 0.276855 0.018204
vt 0.278527 0.050721
vt 0.277320 0.034027
vt 0.293545 0.033741
vt 0.294931 0.051200
vt 0.280789 0.082323
vt 0.280031 0.067013
vt 0.296485 0.067560
vt 0.297309 0.082138
vt 0.279008 0.113925
vt 0.280260 0.097634
vt 0.296669 0.096743
vt 0.295267 0.113064
vt 0.278154 0.146439
vt 0.278158 0.130599
vt 0.294132 0.130380
vt 0.293808 0.146829
vt 0.278743 0.177038
vt 0.278440 0.161738
vt 0.293989 0.162067
vt 0.294261 0.177229
vt 0.279344 0.207438
vt 0.279060 0.192281
vt 0.294529 0.192367
vt 0.294783 0.207428
vt 0.279751 0.237876
vt 0.279564 0.222605
vt 0.295019 0.222528
vt 0.295245 0.237770
vt 0.280154 0.268491
vt 0.279942 0.253211
vt 0.295461 0.253097
vt 0.295669 0.268329
vt 0.280764 0.299095
vt 0.280435 0.283761
vt 0.295944 0.283607
vt 0.296260 0.298940
vt 0.281502 0.329942
vt 0.281115 0.314480
vt 0.296558 0.314282
vt 0.296852 0.329708
vt 0.282385 0.361144
vt 0.281930 0.345502
vt 0.297180 0.345283
vt 0.297548 0.360972
vt 0.283084 0.392589
vt 0.282798 0.376846
vt 0.297911 0.376710
vt 0.298180 0.392449
vt 0.283299 0.423950
vt 0.283236 0.408309
vt 0.298380 0.408147
vt 0.298529 0.423763
vt 0.283343 0.454960
vt 0.283322 0.439497
vt 0.298644 0.439291
vt 0.298742 0.454743
vt 0.283460 0.485711
vt 0.283386 0.470358
vt 0.298838 0.470137
vt 0.298944 0.485490
vt 0.499996 0.780222
vt 0.283568 0.501032
vt 0.604627 0.703128
vt 0.609599 0.703118
vt 0.469694 0.857884
vt 0.469604 0.842376
vt 0.484908 0.842290
vt 0.484978 0.857797
vt 0.439011 0.842452
vt 0.454305 0.842438
vt 0.454434 0.857957
vt 0.439193 0.858006
vt 0.407333 0.858597
vt 0.407624 0.842916
vt 0.423501 0.842528
vt 0.423464 0.858175
vt 0.376682 0.843822
vt 0.391919 0.843495
vt 0.391702 0.859137
vt 0.376895 0.859507
vt 0.345856 0.858668
vt 0.344997 0.842697
vt 0.361232 0.843432
vt 0.361961 0.859274
vt 0.313283 0.842188
vt 0.328722 0.842192
vt 0.329265 0.858068
vt 0.313457 0.857831
vt 0.283051 0.858111
vt 0.282930 0.842579
vt 0.298174 0.842414
vt 0.298271 0.858001
vt 0.252421 0.842633
vt 0.267650 0.842606
vt 0.267792 0.858143
vt 0.252514 0.858170
vt 0.221973 0.858349
vt 0.222028 0.842824
vt 0.237231 0.842724
vt 0.237238 0.858245
vt 0.191732 0.842945
vt 0.206857 0.842889
vt 0.206737 0.858476
vt 0.191558 0.858568
vt 0.161301 0.858683
vt 0.161729 0.843041
vt 0.176679 0.843013
vt 0.176421 0.858641
vt 0.129876 0.843518
vt 0.146653 0.843111
vt 0.145710 0.858743
vt 0.129354 0.858845
vt 0.096456 0.858598
vt 0.095996 0.843394
vt 0.112156 0.843660
vt 0.112433 0.858796
vt 0.065945 0.844097
vt 0.081402 0.843355
vt 0.081178 0.858976
vt 0.064982 0.859873
vt 0.030731 0.861475
vt 0.030835 0.845645
vt 0.048352 0.845100
vt 0.047510 0.860990
vt 0.601780 0.843625
vt 0.015202 0.845507
vt 0.015547 0.861360
vt 0.602044 0.859247
vt 0.356801 0.000084
vt 0.596809 0.843709
vt 0.357009 0.015302
vt 0.341140 0.015201
vt 0.341257 0.048296
vt 0.341528 0.030789
vt 0.357362 0.030456
vt 0.357135 0.047240
vt 0.339920 0.081535
vt 0.340486 0.066030
vt 0.356228 0.064824
vt 0.355502 0.081051
vt 0.340770 0.112160
vt 0.340197 0.095994
vt 0.355373 0.096248
vt 0.355917 0.112234
vt 0.340808 0.146811
vt 0.340940 0.130009
vt 0.356278 0.129260
vt 0.356432 0.145618
vt 0.341198 0.176800
vt 0.340987 0.161859
vt 0.356622 0.161183
vt 0.356818 0.176294
vt 0.341554 0.206970
vt 0.341370 0.191849
vt 0.356985 0.191426
vt 0.357135 0.206603
vt 0.341874 0.237342
vt 0.341731 0.222139
vt 0.357250 0.221838
vt 0.357390 0.237103
vt 0.342237 0.267760
vt 0.342025 0.252534
vt 0.357559 0.252383
vt 0.357769 0.267653
vt 0.342541 0.298285
vt 0.342454 0.283038
vt 0.357978 0.282912
vt 0.358105 0.298135
vt 0.342771 0.328809
vt 0.342530 0.313411
vt 0.358179 0.313306
vt 0.358643 0.329077
vt 0.344509 0.361272
vt 0.343515 0.345041
vt 0.359497 0.345635
vt 0.360366 0.361746
vt 0.345080 0.391973
vt 0.345160 0.376729
vt 0.360845 0.376693
vt 0.360714 0.391512
vt 0.344634 0.423552
vt 0.344760 0.407681
vt 0.360431 0.407146
vt 0.360273 0.423269
vt 0.345038 0.454346
vt 0.344809 0.439052
vt 0.360360 0.438984
vt 0.360555 0.454225
vt 0.345382 0.484949
vt 0.345221 0.469645
vt 0.360727 0.469485
vt 0.360886 0.484769
vt 0.500214 0.842192
vt 0.345530 0.500255
vt 0.604508 0.640628
vt 0.609480 0.640619
vt 0.469678 0.919887
vt 0.469728 0.904428
vt 0.485021 0.904312
vt 0.484988 0.919773
vt 0.439180 0.904787
vt 0.454448 0.904581
vt 0.454363 0.920039
vt 0.439038 0.920236
vt 0.408089 0.920594
vt 0.407851 0.904781
vt 0.423703 0.904938
vt 0.423671 0.920485
vt 0.376852 0.904290
vt 0.392146 0.904438
vt 0.392407 0.920526
vt 0.376803 0.920505
vt 0.345470 0.920651
vt 0.345793 0.904841
vt 0.361538 0.904490
vt 0.361185 0.920563
vt 0.314279 0.904862
vt 0.329895 0.904971
vt 0.329844 0.920550
vt 0.314415 0.920362
vt 0.283444 0.920117
vt 0.283340 0.904670
vt 0.298841 0.904736
vt 0.298960 0.920232
vt 0.252687 0.904702
vt 0.267932 0.904666
vt 0.268010 0.920033
vt 0.252708 0.920021
vt 0.221949 0.920246
vt 0.222020 0.904850
vt 0.237442 0.904766
vt 0.237400 0.920107
vt 0.191017 0.905055
vt 0.206486 0.904948
vt 0.206406 0.920383
vt 0.190918 0.920490
vt 0.160011 0.920725
vt 0.160200 0.905301
vt 0.175624 0.905170
vt 0.175486 0.920593
vt 0.128480 0.905119
vt 0.144535 0.905354
vt 0.144476 0.920896
vt 0.128734 0.920963
vt 0.097141 0.921101
vt 0.096906 0.904775
vt 0.112517 0.904774
vt 0.112898 0.920943
vt 0.065275 0.906383
vt 0.081282 0.905398
vt 0.081378 0.921535
vt 0.065526 0.922142
vt 0.034214 0.922942
vt 0.033448 0.907638
vt 0.049160 0.907207
vt 0.049759 0.922624
vt 0.602837 0.906115
vt 0.018016 0.907926
vt 0.018773 0.923258
vt 0.603101 0.921738
vt 0.419069 0.002253
vt 0.597865 0.906200
vt 0.418972 0.017604
vt 0.403630 0.017081
vt 0.403396 0.048224
vt 0.403580 0.032514
vt 0.418895 0.033049
vt 0.418815 0.048598
vt 0.402095 0.080372
vt 0.402827 0.064345
vt 0.418579 0.064368
vt 0.418219 0.080229
vt 0.401951 0.111648
vt 0.401715 0.096023
vt 0.418027 0.096002
vt 0.418111 0.111766
vt 0.403017 0.143655
vt 0.402538 0.127609
vt 0.418373 0.127602
vt 0.418549 0.143343
vt 0.403320 0.174743
vt 0.403207 0.159315
vt 0.418623 0.158881
vt 0.418735 0.174359
vt 0.403587 0.205605
vt 0.403449 0.190137
vt 0.418876 0.189792
vt 0.419015 0.205279
vt 0.403895 0.236556
vt 0.403734 0.221135
vt 0.419125 0.220819
vt 0.419231 0.236271
vt 0.404276 0.267049
vt 0.404073 0.251803
vt 0.419388 0.251579
vt 0.419640 0.266881
vt 0.404830 0.297951
vt 0.404522 0.282455
vt 0.419966 0.282311
vt 0.420323 0.297820
vt 0.405554 0.328983
vt 0.405197 0.313385
vt 0.420695 0.313268
vt 0.421126 0.328687
vt 0.405591 0.360614
vt 0.405683 0.344871
vt 0.421476 0.344302
vt 0.421643 0.360010
vt 0.406031 0.391224
vt 0.405638 0.375931
vt 0.421837 0.375624
vt 0.422108 0.391222
vt 0.407025 0.422753
vt 0.406619 0.406916
vt 0.422424 0.406895
vt 0.422564 0.422470
vt 0.407163 0.453492
vt 0.407122 0.438222
vt 0.422566 0.437836
vt 0.422617 0.453161
vt 0.407390 0.484067
vt 0.407258 0.468773
vt 0.422714 0.468476
vt 0.422848 0.483786
vt 0.500325 0.904225
vt 0.407550 0.499370
vt 0.604389 0.578129
vt 0.609361 0.578120
vt 0.469558 0.981393
vt 0.484908 0.981309
vt 0.438763 0.981607
vt 0.454177 0.981495
vt 0.407826 0.981821
vt 0.423313 0.981719
vt 0.376769 0.981938
vt 0.392308 0.981898
vt 0.345691 0.981909
vt 0.361225 0.981940
vt 0.314683 0.981817
vt 0.330176 0.981863
vt 0.283737 0.981767
vt 0.299206 0.981783
vt 0.252798 0.981780
vt 0.268268 0.981767
vt 0.221861 0.981826
vt 0.237328 0.981798
vt 0.190934 0.981927
vt 0.206398 0.981867
vt 0.159992 0.982116
vt 0.175467 0.982008
vt 0.129014 0.982422
vt 0.144508 0.982252
vt 0.098010 0.982863
vt 0.113513 0.982624
vt 0.067034 0.983429
vt 0.082514 0.983132
vt 0.036159 0.984065
vt 0.051579 0.983742
vt 0.005452 0.984705
vt 0.020781 0.984389
vt 0.599186 0.984313
vt 0.480127 0.018664
vt 0.479963 0.049474
vt 0.480045 0.034047
vt 0.479825 0.080422
vt 0.479886 0.064936
vt 0.479787 0.111427
vt 0.479790 0.095922
vt 0.479890 0.142421
vt 0.479821 0.126929
vt 0.480130 0.173376
vt 0.479995 0.157904
vt 0.480477 0.204300
vt 0.480292 0.188840
vt 0.480898 0.235222
vt 0.480680 0.219759
vt 0.481357 0.266152
vt 0.481125 0.250687
vt 0.481862 0.297077
vt 0.481601 0.281614
vt 0.482432 0.328033
vt 0.482141 0.312547
vt 0.483002 0.359065
vt 0.482724 0.343539
vt 0.483460 0.390134
vt 0.483250 0.374602
vt 0.483785 0.421130
vt 0.483635 0.405647
vt 0.484062 0.451990
vt 0.483924 0.436577
vt 0.484375 0.482718
vt 0.484210 0.467369
vt 0.609243 0.515620
vt 0.604270 0.515629
vt 0.499880 0.497825
vt 0.500264 0.996568
vt 0.484902 0.965967
vt 0.500222 0.965902
vt 0.469557 0.966057
vt 0.454183 0.966167
vt 0.438777 0.966292
vt 0.423332 0.966420
vt 0.407844 0.966540
vt 0.392317 0.966632
vt 0.376760 0.966680
vt 0.361199 0.966672
vt 0.345654 0.966623
vt 0.330138 0.966557
vt 0.314649 0.966496
vt 0.299179 0.966455
vt 0.283717 0.966440
vt 0.268248 0.966444
vt 0.252772 0.966460
vt 0.237295 0.966478
vt 0.221823 0.966504
vt 0.206358 0.966542
vt 0.190892 0.966600
vt 0.175419 0.966683
vt 0.159931 0.966792
vt 0.144426 0.966934
vt 0.128899 0.967105
vt 0.113357 0.967316
vt 0.097806 0.967561
vt 0.082259 0.967838
vt 0.066736 0.968134
vt 0.051244 0.968453
vt 0.035797 0.968778
vt 0.020402 0.969105
vt 0.603893 0.968606
vt 0.598922 0.968690
vt 0.464837 0.018525
vt 0.464752 0.033924
vt 0.464666 0.049375
vt 0.464587 0.064871
vt 0.464523 0.080400
vt 0.464485 0.095949
vt 0.464478 0.111503
vt 0.464507 0.127047
vt 0.464574 0.142573
vt 0.464675 0.158079
vt 0.464808 0.173566
vt 0.464969 0.189039
vt 0.465155 0.204502
vt 0.465362 0.219964
vt 0.465580 0.235432
vt 0.465808 0.250904
vt 0.466036 0.266375
vt 0.466277 0.281839
vt 0.466536 0.297296
vt 0.466822 0.312759
vt 0.467127 0.328241
vt 0.467439 0.343749
vt 0.467736 0.359286
vt 0.467993 0.374840
vt 0.468196 0.390390
vt 0.468356 0.405913
vt 0.468488 0.421396
vt 0.468610 0.436838
vt 0.468736 0.452243
vt 0.468875 0.467615
vt 0.469034 0.482959
vt 0.469216 0.498278
vt 0.500230 0.981248
vt 0.609213 0.499995
vt 0.604157 0.984229
vt 0.005778 1.000000
vt 0.004614 0.954159
vt 0.005068 0.969427
vt 0.500235 0.950529
vt 0.609272 0.531245
vt 0.003422 0.923599
vt 0.004070 0.938890
vt 0.500297 0.919692
vt 0.609332 0.562495
vt 0.001830 0.892805
vt 0.002666 0.908254
vt 0.500336 0.888731
vt 0.609391 0.593744
vt 0.000350 0.861371
vt 0.000999 0.877192
vt 0.500279 0.857703
vt 0.609450 0.624994
vt 0.000067 0.829198
vt 0.000000 0.845350
vt 0.500141 0.826694
vt 0.609510 0.656244
vt 0.001092 0.796960
vt 0.000438 0.813024
vt 0.500023 0.795720
vt 0.609569 0.687493
vt 0.002456 0.765421
vt 0.001794 0.781089
vt 0.499993 0.764696
vt 0.609629 0.718743
vt 0.003441 0.734511
vt 0.003016 0.749916
vt 0.500028 0.733493
vt 0.609688 0.749993
vt 0.003952 0.703830
vt 0.003745 0.719159
vt 0.500004 0.702032
vt 0.609747 0.781242
vt 0.004154 0.673179
vt 0.004082 0.688506
vt 0.499763 0.670437
vt 0.609807 0.812492
vt 0.004184 0.642505
vt 0.004184 0.657846
vt 0.499293 0.638991
vt 0.609866 0.843742
vt 0.004124 0.611806
vt 0.004162 0.627158
vt 0.498738 0.607834
vt 0.609925 0.874992
vt 0.004017 0.581103
vt 0.004075 0.596454
vt 0.498226 0.576921
vt 0.609985 0.906241
vt 0.003881 0.550416
vt 0.003953 0.565757
vt 0.497817 0.546160
vt 0.610044 0.937491
vt 0.003719 0.519761
vt 0.003803 0.535084
vt 0.497531 0.515486
vt 0.610103 0.968741
vt 0.609183 0.484370
vt 0.482112 0.500240
vt 0.610163 0.999990
vt 0.609124 0.453121
vt 0.609154 0.468745
vt 0.451354 0.500353
vt 0.588046 0.031245
vt 0.609065 0.421871
vt 0.609094 0.437496
vt 0.420467 0.500471
vt 0.588574 0.062491
vt 0.609005 0.390621
vt 0.609035 0.406246
vt 0.389488 0.500649
vt 0.589102 0.093736
vt 0.608946 0.359372
vt 0.608976 0.374996
vt 0.358479 0.500914
vt 0.589630 0.124981
vt 0.608887 0.328122
vt 0.608916 0.343747
vt 0.590423 0.171849
vt 0.590159 0.156227
vt 0.608827 0.296872
vt 0.608857 0.312497
vt 0.296566 0.501575
vt 0.590687 0.187472
vt 0.608768 0.265623
vt 0.608798 0.281247
vt 0.265664 0.501869
vt 0.591215 0.218718
vt 0.608709 0.234373
vt 0.608738 0.249998
vt 0.234741 0.502111
vt 0.591743 0.249963
vt 0.608649 0.203123
vt 0.608679 0.218748
vt 0.203754 0.502349
vt 0.592272 0.281208
vt 0.608590 0.171873
vt 0.608620 0.187498
vt 0.172739 0.502669
vt 0.592800 0.312454
vt 0.608531 0.140624
vt 0.608560 0.156249
vt 0.141800 0.503072
vt 0.593328 0.343699
vt 0.608471 0.109374
vt 0.608501 0.124999
vt 0.110980 0.503478
vt 0.593856 0.374944
vt 0.608412 0.078124
vt 0.608441 0.093749
vt 0.080252 0.503830
vt 0.594385 0.406190
vt 0.608353 0.046875
vt 0.608382 0.062499
vt 0.049579 0.504117
vt 0.594913 0.437435
vt 0.608293 0.015625
vt 0.608323 0.031250
vt 0.018939 0.504350
vt 0.595441 0.468680
vt 0.595969 0.499926
vt 0.480199 0.003329
vt 0.464915 0.003185
vt 0.484560 0.498039
vt 0.604300 0.531254
vt 0.453845 0.498539
vt 0.604359 0.562504
vt 0.598657 0.953067
vt 0.434366 0.002662
vt 0.423013 0.499094
vt 0.604419 0.593754
vt 0.598129 0.921822
vt 0.403718 0.001737
vt 0.392060 0.499629
vt 0.604478 0.625003
vt 0.597601 0.890577
vt 0.372643 0.000529
vt 0.361038 0.500069
vt 0.604537 0.656253
vt 0.597073 0.859331
vt 0.340750 0.000000
vt 0.330034 0.500431
vt 0.604597 0.687503
vt 0.596545 0.828086
vt 0.308411 0.001000
vt 0.299064 0.500811
vt 0.604656 0.718752
vt 0.596016 0.796841
vt 0.276512 0.002902
vt 0.268045 0.501277
vt 0.604715 0.750002
vt 0.595488 0.765595
vt 0.245374 0.004642
vt 0.236850 0.501807
vt 0.604775 0.781252
vt 0.594960 0.734350
vt 0.214646 0.005870
vt 0.205404 0.502282
vt 0.604834 0.812502
vt 0.594431 0.703105
vt 0.184012 0.006695
vt 0.173823 0.502543
vt 0.604893 0.843751
vt 0.593903 0.671859
vt 0.153365 0.007285
vt 0.142384 0.502576
vt 0.604953 0.875001
vt 0.593375 0.640614
vt 0.122686 0.007749
vt 0.111226 0.502517
vt 0.605012 0.906251
vt 0.592847 0.609369
vt 0.091991 0.008148
vt 0.080310 0.502493
vt 0.605072 0.937500
vt 0.592318 0.578123
vt 0.061301 0.008511
vt 0.049548 0.502568
vt 0.605131 0.968750
vt 0.591790 0.546878
vt 0.030633 0.008846
vt 0.018875 0.502763
vt 0.582546 0.000084
vt 0.591262 0.515633
vt -0.000000 0.009154
vt 0.582810 0.015707
vt 0.604211 0.484380
vt 0.604241 0.500005
vt 0.583338 0.046952
vt 0.583074 0.031329
vt 0.604152 0.453130
vt 0.604181 0.468755
vt 0.583866 0.078198
vt 0.583602 0.062575
vt 0.604092 0.421880
vt 0.604122 0.437505
vt 0.584395 0.109443
vt 0.584130 0.093820
vt 0.604033 0.390631
vt 0.604063 0.406256
vt 0.584923 0.140688
vt 0.584659 0.125066
vt 0.603974 0.359381
vt 0.604003 0.375006
vt 0.603914 0.328131
vt 0.603944 0.343756
vt 0.585451 0.171934
vt 0.585187 0.156311
vt 0.585979 0.203179
vt 0.585715 0.187556
vt 0.603855 0.296882
vt 0.603885 0.312506
vt 0.586508 0.234424
vt 0.586244 0.218802
vt 0.603796 0.265632
vt 0.603825 0.281257
vt 0.587036 0.265670
vt 0.586772 0.250047
vt 0.603736 0.234382
vt 0.603766 0.250007
vt 0.587564 0.296915
vt 0.587300 0.281292
vt 0.603677 0.203133
vt 0.603707 0.218757
vt 0.588092 0.328160
vt 0.587828 0.312538
vt 0.603618 0.171883
vt 0.603647 0.187508
vt 0.588621 0.359406
vt 0.588356 0.343783
vt 0.603558 0.140633
vt 0.603588 0.156258
vt 0.589149 0.390651
vt 0.588885 0.375028
vt 0.603499 0.109384
vt 0.603529 0.125008
vt 0.589677 0.421896
vt 0.589413 0.406274
vt 0.603440 0.078134
vt 0.603469 0.093759
vt 0.590205 0.453142
vt 0.589941 0.437519
vt 0.603380 0.046884
vt 0.603410 0.062509
vt 0.590734 0.484387
vt 0.590469 0.468764
vt 0.603321 0.015634
vt 0.603351 0.031259
vt 0.603291 0.000010
vt 0.608263 0.000000
vt 0.599450 0.999936
vt 0.605190 1.000000
vt 0.587517 0.000000
vt 0.000143 0.024464
vt -0.000000 0.009154
vt 0.015312 0.009003
vt 0.001582 0.271167
vt 0.001463 0.255712
vt 0.000820 0.147320
vt 0.000782 0.131897
vt 0.001082 0.209265
vt 0.000982 0.193757
vt 0.000597 0.085775
vt 0.000504 0.070434
vt 0.002340 0.394988
vt 0.002214 0.379486
vt 0.001938 0.333002
vt 0.001861 0.317530
vt 0.003024 0.456835
vt 0.002836 0.441411
vt 0.190464 0.749575
vt 0.205825 0.749578
vt 0.245374 0.004642
vt 0.260861 0.003820
vt 0.246954 0.130267
vt 0.262327 0.130578
vt 0.262661 0.146054
vt 0.253194 0.392959
vt 0.252785 0.377024
vt 0.124937 0.254817
vt 0.140513 0.254551
vt 0.140757 0.441373
vt 0.141346 0.456731
vt 0.061301 0.008511
vt 0.076644 0.008334
vt 0.077514 0.130853
vt 0.077576 0.146316
vt 0.062080 0.146492
vt 0.184012 0.006695
vt 0.199327 0.006322
vt 0.372643 0.000529
vt 0.388264 0.001136
vt 0.375970 0.438843
vt 0.391577 0.438569
vt 0.325063 0.015606
vt 0.308906 0.016309
vt 0.308411 0.001000
vt 0.324583 0.000343
vt 0.268206 0.951022
vt 0.252748 0.951022
vt 0.434366 0.002662
vt 0.449641 0.002969
vt 0.433944 0.080255
vt 0.434021 0.064566
vt 0.437773 0.390993
vt 0.437608 0.375342
vt 0.000397 0.055103
vt 0.000276 0.039781
vt 0.433866 0.111718
vt 0.433895 0.095988
vt 0.000734 0.116502
vt 0.000673 0.101130
vt 0.161883 0.827354
vt 0.161687 0.811670
vt 0.176786 0.827314
vt 0.372194 0.160477
vt 0.387722 0.159844
vt 0.000910 0.178256
vt 0.000860 0.162774
vt 0.221166 0.749559
vt 0.236503 0.749528
vt 0.236655 0.765057
vt 0.221805 0.951137
vt 0.221854 0.935690
vt 0.237287 0.951064
vt 0.001334 0.240246
vt 0.001204 0.224764
vt 0.298490 0.873610
vt 0.298710 0.889192
vt 0.001779 0.302069
vt 0.001687 0.286617
vt 0.437303 0.359684
vt 0.436918 0.344080
vt 0.327650 0.344710
vt 0.328312 0.360825
vt 0.312712 0.360732
vt 0.252172 0.361185
vt 0.251492 0.345513
vt 0.002108 0.363983
vt 0.002018 0.348487
vt 0.313557 0.408083
vt 0.328962 0.408020
vt 0.329100 0.423665
vt 0.252914 0.424597
vt 0.253160 0.408865
vt 0.002655 0.425958
vt 0.002488 0.410482
vt 0.003391 0.487585
vt 0.003211 0.472227
vt 0.030633 0.008846
vt 0.045963 0.008682
vt 0.046723 0.162221
vt 0.046725 0.177759
vt 0.046772 0.193346
vt 0.046904 0.208936
vt 0.093761 0.255182
vt 0.109339 0.255043
vt 0.050207 0.673034
vt 0.034829 0.673084
vt 0.019477 0.673132
vt 0.004154 0.673179
vt 0.598875 0.671775
vt 0.593903 0.671859
vt 0.156062 0.238948
vt 0.155970 0.223449
vt 0.171476 0.223277
vt 0.214646 0.005870
vt 0.229985 0.005320
vt 0.219652 0.329955
vt 0.219213 0.314539
vt 0.235417 0.329906
vt 0.313399 0.780737
vt 0.328865 0.780882
vt 0.282764 0.796054
vt 0.282675 0.780540
vt 0.298011 0.780629
vt 0.161218 0.796034
vt 0.160646 0.780482
vt 0.292803 0.017230
vt 0.276855 0.018204
vt 0.276512 0.002902
vt 0.292363 0.001933
vt 0.221973 0.858349
vt 0.222028 0.842824
vt 0.357009 0.015302
vt 0.341140 0.015201
vt 0.340750 0.000000
vt 0.356801 0.000084
vt 0.340987 0.161859
vt 0.356622 0.161183
vt 0.358179 0.313306
vt 0.358643 0.329077
vt 0.342771 0.328809
vt 0.344809 0.439052
vt 0.360360 0.438984
vt 0.298841 0.904736
vt 0.298960 0.920232
vt 0.403718 0.001737
vt 0.419069 0.002253
vt 0.403396 0.048224
vt 0.403580 0.032514
vt 0.418815 0.048598
vt 0.405554 0.328983
vt 0.405197 0.313385
vt 0.421126 0.328687
vt 0.495498 0.003415
vt 0.495427 0.018747
vt 0.480199 0.003329
vt 0.495350 0.034120
vt 0.495268 0.049532
vt 0.495192 0.064970
vt 0.495133 0.080427
vt 0.495098 0.095892
vt 0.495096 0.111360
vt 0.495130 0.126827
vt 0.495201 0.142289
vt 0.495305 0.157746
vt 0.495441 0.173200
vt 0.495603 0.188650
vt 0.495787 0.204101
vt 0.495990 0.219554
vt 0.496207 0.235010
vt 0.496433 0.250470
vt 0.496667 0.265930
vt 0.496913 0.281390
vt 0.497174 0.296852
vt 0.497450 0.312322
vt 0.497736 0.327807
vt 0.498023 0.343311
vt 0.498296 0.358834
vt 0.498542 0.374368
vt 0.498753 0.389899
vt 0.498933 0.405412
vt 0.499089 0.420898
vt 0.499232 0.436350
vt 0.499375 0.451768
vt 0.499526 0.467151
vt 0.499693 0.482504
vt 0.388213 0.031852
vt 0.372817 0.031082
vt 0.261176 0.019160
vt 0.261312 0.034610
vt 0.245833 0.035446
vt 0.065340 0.596077
vt 0.065400 0.611466
vt 0.065461 0.626856
vt 0.065519 0.642242
vt 0.065570 0.657619
vt 0.065608 0.672984
vt 0.433875 0.127403
vt 0.139556 0.130233
vt 0.124064 0.130298
vt 0.108530 0.130411
vt 0.092999 0.130610
vt 0.403207 0.159315
vt 0.403017 0.143655
vt 0.418549 0.143343
vt 0.309517 0.147203
vt 0.325185 0.147385
vt 0.278154 0.146439
vt 0.293808 0.146829
vt 0.155426 0.161166
vt 0.155252 0.145607
vt 0.170873 0.161097
vt 0.175476 0.765033
vt 0.175067 0.749556
vt 0.206565 0.889487
vt 0.206635 0.873981
vt 0.221987 0.873903
vt 0.206406 0.920383
vt 0.206486 0.904948
vt 0.047078 0.224485
vt 0.252121 0.780532
vt 0.252252 0.796055
vt 0.062620 0.239932
vt 0.078135 0.239793
vt 0.078243 0.255272
vt 0.283581 0.935594
vt 0.283679 0.951061
vt 0.313283 0.842188
vt 0.313457 0.857831
vt 0.389614 0.313499
vt 0.373950 0.313437
vt 0.203435 0.314530
vt 0.187549 0.314610
vt 0.171659 0.314855
vt 0.155866 0.315189
vt 0.344431 0.781066
vt 0.344452 0.796320
vt 0.344288 0.811522
vt 0.344383 0.826810
vt 0.328557 0.826690
vt 0.139965 0.330865
vt 0.139764 0.346423
vt 0.124219 0.346768
vt 0.437857 0.406578
vt 0.407122 0.438222
vt 0.407025 0.422753
vt 0.422564 0.422470
vt 0.124649 0.425683
vt 0.140176 0.425805
vt 0.221148 0.456281
vt 0.236907 0.455942
vt 0.189120 0.456706
vt 0.205177 0.456508
vt 0.157098 0.456815
vt 0.173064 0.456777
vt 0.499880 0.497825
vt 0.484560 0.498039
vt 0.453845 0.498539
vt 0.438445 0.498814
vt 0.423013 0.499094
vt 0.407550 0.499370
vt 0.392060 0.499629
vt 0.376552 0.499863
vt 0.361038 0.500069
vt 0.345530 0.500255
vt 0.330034 0.500431
vt 0.314548 0.500613
vt 0.299064 0.500811
vt 0.283568 0.501032
vt 0.268045 0.501277
vt 0.252477 0.501539
vt 0.236850 0.501807
vt 0.221158 0.502062
vt 0.205404 0.502282
vt 0.189614 0.502446
vt 0.173823 0.502543
vt 0.158072 0.502581
vt 0.142384 0.502576
vt 0.126769 0.502548
vt 0.111226 0.502517
vt 0.095744 0.502495
vt 0.080310 0.502493
vt 0.064915 0.502516
vt 0.049548 0.502568
vt 0.034203 0.502650
vt 0.018875 0.502763
vt 0.003561 0.502909
vt 0.062152 0.162031
vt 0.062516 0.224376
vt 0.049960 0.580811
vt 0.065281 0.580695
vt 0.034642 0.580916
vt 0.019328 0.581013
vt 0.004017 0.581103
vt 0.592318 0.578123
vt 0.597290 0.578039
vt 0.123912 0.362412
vt 0.123675 0.378221
vt 0.123641 0.394123
vt 0.124042 0.409990
vt 0.139745 0.145717
vt 0.140476 0.239126
vt 0.155754 0.330593
vt 0.168692 0.007012
vt 0.171116 0.176642
vt 0.171312 0.192217
vt 0.171418 0.207777
vt 0.245910 0.051047
vt 0.245995 0.066872
vt 0.246109 0.082816
vt 0.246339 0.098768
vt 0.246620 0.114619
vt 0.235970 0.345482
vt 0.237155 0.440565
vt 0.237385 0.424972
vt 0.251981 0.765016
vt 0.160095 0.764979
vt 0.360149 0.796440
vt 0.360154 0.811603
vt 0.267484 0.796021
vt 0.313067 0.376590
vt 0.313326 0.392371
vt 0.328722 0.842192
vt 0.206857 0.842889
vt 0.191732 0.842945
vt 0.176679 0.843013
vt 0.340808 0.146811
vt 0.343515 0.345041
vt 0.344634 0.423552
vt 0.313839 0.873609
vt 0.357362 0.030456
vt 0.299075 0.935694
vt 0.206340 0.935809
vt 0.418579 0.064368
vt 0.418373 0.127602
vt 0.421476 0.344302
vt 0.422424 0.406895
vt 0.464915 0.003185
vt 0.469216 0.498278
vn 0.000000 0.000000 1.000000
vn 0.000000 0.000000 1.000000
vn 0.000000 0.000000 1.000000
vn 0.000000 0.000000 1.000000
vn 0.000000 1.000000 0.000000
vn 0.000000 1.000000 0.000000
vn 0.000000 1.000000 0.000000
vn 0.000000 1.000000 0.000000
vn 0.000000 0.000000 -1.000000
vn 0.000000 0.000000 -1.000000
vn 0.000000 0.000000 -1.000000
vn 0.000000 0.000000 -1.000000
vn 0.000000 -1.000000 0.000000
vn 0.000000 -1.000000 0.000000
vn 0.000000 -1.000000 0.000000
vn 0.000000 -1.000000 0.000000
vn 1.000000 0.000000 0.000000
vn 1.000000 0.000000 0.000000
vn 1.000000 0.000000 0.000000
vn 1.000000 0.000000 0.000000
vn -1.000000 0.000000 0.000000
vn -1.000000 0.000000 0.000000
vn -1.000000 0.000000 0.000000
vn -1.000000 0.000000 0.000000
vn 0.000000 1.000000 0.000000
vn 0.000000 1.000000 0.000000
vn 0.000000 1.000000 0.000000
vn 0.000000 1.000000 0.000000
vn 0.000000 0.000000 -1.000000
vn 0.000000 0.000000 -1.000000
vn 0.000000 0.000000 -1.000000
vn 0.000000 0.000000 -1.000000
vn 0.000000 -1.000000 0.000000
vn 0.000000 -1.000000 0.000000
vn 0.000000 -1.000000 0.000000
vn 0.000000 -1.000000 0.000000
vn 0.000000 0.000000 1.000000
vn 0.000000 0.000000 1.000000
vn 0.000000 0.000000 1.000000
vn 0.000000 0.000000 1.000000
vn 0.000000 1.000000 0.000000
vn 0.000000 1.000000 0.000000
vn 0.000000 1.000000 0.000000
vn 0.000000 1.000000 0.000000
vn 0.000000 0.000000 -1.000000
vn 0.000000 0.000000 -1.000000
vn 0.000000 0.000000 -1.000000
vn 0.000000 0.000000 -1.000000
vn 0.000000 -1.000000 0.000000
vn 0.000000 -1.000000 0.000000
vn 0.000000 -1.000000 0.000000
vn 0.000000 -1.000000 0.000000
vn 0.000000 0.000000 1.000000
vn 0.000000 0.000000 1.000000
vn 0.000000 0.000000 1.000000
vn 0.000000 0.000000 1.000000
vn 0.000000 1.000000 0.000000
vn 0.000000 1.000000 0.000000
vn 0.000000 1.000000 0.000000
vn 0.000000 1.000000 0.000000
vn 0.000000 0.000000 -1.000000
vn 0.000000 0.000000 -1.000000
vn 0.000000 0.000000 -1.000000
vn 0.000000 0.000000 -1.000000
vn 0.000000 -1.000000 0.000000
vn 0.000000 -1.000000 0.000000
vn 0.000000 -1.000000 0.000000
vn 0.000000 -1.000000 0.000000
vn 0.000000 0.000000 1.000000
vn 0.000000 0.000000 1.000000
vn 0.000000 0.000000 1.000000
vn 0.000000 0.000000 1.000000
vn 0.000000 1.000000 0.000000
vn 0.000000 1.000000 0.000000
vn 0.000000 1.000000 0.000000
vn 0.000000 1.000000 0.000000
vn 0.000000 0.000000 -1.000000
vn 0.000000 0.000000 -1.000000
vn 0.000000 0.000000 -1.000000
vn 0.000000 0.000000 -1.000000
vn 0.000000 -1.000000 0.000000
vn 0.000000 -1.000000 0.000000
vn 0.000000 -1.000000 0.000000
vn 0.000000 -1.000000 0.000000
vn 0.000000 0.000000 1.000000
vn 0.000000 0.000000 1.000000
vn 0.000000 0.000000 1.000000
vn 0.000000 0.000000 1.000000
vn 0.000000 1.000000 0.000000
vn 0.000000 1.000000 0.000000
vn 0.000000 1.000000 0.000000
vn 0.000000 1.000000 0.000000
vn 0.000000 0.000000 -1.000000
vn 0.000000 0.000000 -1.000000
vn 0.000000 0.000000 -1.000000
vn 0.000000 0.000000 -1.000000
vn 0.000000 -1.000000 0.000000
vn 0.000000 -1.000000 0.000000
vn 0.000000 -1.000000 0.000000
vn 0.000000 -1.000000 0.000000
vn 0.000000 0.000000 1.000000
vn 0.000000 0.000000 1.000000
vn 0.000000 0.000000 1.000000
vn 0.000000 0.000000 1.000000
vn 0.000000 1.000000 0.000000
vn 0.000000 1.000000 0.000000
vn 0.000000 1.000000 0.000000
vn 0.000000 1.000000 0.000000
vn 0.000000 0.000000 -1.000000
vn 0.000000 0.000000 -1.000000
vn 0.000000 0.000000 -1.000000
vn 0.000000 0.000000 -1.000000
vn 0.000000 -1.000000 0.000000
vn 0.000000 -1.000000 0.000000
vn 0.000000 -1.000000 0.000000
vn 0.000000 -1.000000 0.000000
vn 0.000000 0.000000 1.000000
vn 0.000000 0.000000 1.000000
vn 0.000000 0.000000 1.000000
vn 0.000000 0.000000 1.000000
vn 0.000000 1.000000 0.000000
vn 0.000000 1.000000 0.000000
vn 0.000000 1.000000 0.000000
vn 0.000000 1.000000 0.000000
vn 0.000000 0.000000 -1.000000
vn 0.000000 0.000000 -1.000000
vn 0.000000 0.000000 -1.000000
vn 0.000000 0.000000 -1.000000
vn 0.000000 -1.000000 0.000000
vn 0.000000 -1.000000 0.000000
vn 0.000000 -1.000000 0.000000
vn 0.000000 -1.000000 0.000000
vn 0.000000 0.000000 1.000000
vn 0.000000 0.000000 1.000000
vn 0.000000 0.000000 1.000000
vn 0.000000 0.000000 1.000000
vn 0.028766 0.998758 -0.040685
vn 0.014004 0.999753 -0.017237
vn 0.000442 1.000000 -0.000442
vn 0.003917 0.999981 -0.004801
vn -0.053219 0.942585 -0.329698
vn 0.033231 0.929093 -0.368351
vn 0.004637 0.998997 -0.044544
vn -0.005673 0.998899 -0.046574
vn -0.005401 0.999845 -0.016738
vn -0.021954 0.999263 -0.031475
vn -0.018278 0.998383 -0.053829
vn -0.000000 0.997076 -0.076412
vn -0.028949 0.999162 -0.028949
vn -0.009177 0.999924 -0.008262
vn -0.013069 0.999594 -0.025318
vn -0.069526 0.996069 -0.054892
vn 0.063542 0.991084 -0.117112
vn 0.000000 0.990431 -0.138008
vn 0.000000 0.992897 -0.118980
vn 0.063383 0.990982 -0.118053
vn 0.025408 0.999269 0.028555
vn 0.017698 0.999843 0.000260
vn 0.079307 0.996739 0.014873
vn 0.151221 0.978225 0.142155
vn -0.088696 0.965971 0.242968
vn 0.000000 0.906241 0.422762
vn 0.000000 0.826120 0.563494
vn -0.180360 0.867553 0.463489
vn 0.000000 1.000000 0.000000
vn -0.007684 0.999941 0.007684
vn -0.029115 0.999267 0.024848
vn -0.004601 0.999979 0.004601
vn -1.000000 0.000000 0.000000
vn -1.000000 0.000000 0.000000
vn -1.000000 0.000000 0.000000
vn -1.000000 0.000000 0.000000
vn 0.004111 -0.999983 -0.004111
vn 0.012354 -0.999847 -0.012354
vn 0.007211 -0.999948 -0.007211
vn 0.000000 -1.000000 0.000000
vn 0.000000 -0.898311 -0.439359
vn 0.143339 -0.926437 -0.348091
vn 0.178556 -0.870824 -0.458022
vn 0.000000 -0.829623 -0.558324
vn -0.016928 -0.999857 0.000091
vn -0.012977 -0.999847 -0.011732
vn -0.030689 -0.999165 -0.026957
vn -0.050611 -0.998643 0.012270
vn 0.000000 -0.991328 0.131413
vn -0.041169 -0.993377 0.107275
vn -0.062829 -0.991144 0.116990
vn 0.000000 -0.993010 0.118028
vn 0.008909 -0.999928 0.008111
vn 0.028207 -0.999204 0.028207
vn 0.070019 -0.996060 0.054429
vn 0.012816 -0.999611 0.024751
vn 0.021425 -0.999303 0.030558
vn 0.005151 -0.999857 0.016090
vn 0.000000 -0.997186 0.074972
vn 0.017871 -0.998450 0.052704
vn -0.004535 -0.996220 0.086750
vn 0.001524 -0.996252 0.086484
vn 0.004444 -0.999053 0.043280
vn -0.005408 -0.999209 0.039394
vn -0.012353 -0.999807 0.015306
vn -0.023797 -0.999141 0.033913
vn -0.002742 -0.999992 0.002742
vn 0.000000 -1.000000 0.000000
vn 1.000000 0.000000 0.000000
vn 1.000000 0.000000 0.000000
vn 1.000000 0.000000 0.000000
vn 1.000000 0.000000 0.000000
vn 0.028766 0.998758 0.040685
vn 0.014004 0.999753 0.017237
vn 0.056423 0.996811 0.056423
vn 0.126418 0.977429 0.169264
vn -0.053219 0.942585 0.329698
vn 0.033231 0.929093 0.368351
vn 0.047513 0.797278 0.601740
vn -0.126207 0.848099 0.514587
vn -0.005402 0.999971 0.005401
vn -0.019768 0.999526 0.023619
vn -0.102886 0.989358 0.102886
vn -0.023619 0.999526 0.019768
vn 0.137322 0.989329 -0.048695
vn 0.022884 0.999708 -0.007756
vn 0.008811 0.999941 -0.006321
vn 0.057709 0.997531 -0.040012
vn 0.000000 0.991945 -0.126672
vn 0.199857 0.959226 -0.199857
vn 0.160667 0.940429 -0.299633
vn 0.000000 0.953470 -0.301488
vn -0.137322 0.989329 -0.048695
vn -0.276183 0.955117 -0.107121
vn -0.192537 0.971615 -0.137458
vn -0.057709 0.997531 -0.040012
vn -0.527012 0.849858 0.000000
vn -0.296151 0.955141 0.000000
vn -0.296151 0.955141 0.000000
vn -0.527012 0.849858 0.000000
vn -0.839098 0.543980 0.000000
vn -0.771825 0.635836 0.000000
vn -0.771825 0.635835 0.000000
vn -0.839098 0.543980 0.000000
vn -1.000000 0.000000 0.000000
vn -1.000000 0.000000 0.000000
vn -1.000000 0.000000 0.000000
vn -1.000000 0.000000 0.000000
vn 0.839098 -0.543980 0.000000
vn 0.771825 -0.635835 0.000000
vn 0.771825 -0.635836 0.000000
vn 0.839098 -0.543980 0.000000
vn 0.297284 -0.954789 0.000000
vn 0.000000 -1.000000 0.000000
vn 0.000000 -1.000000 0.000000
vn 0.297284 -0.954789 0.000000
vn 0.272085 -0.956407 0.106088
vn 0.199957 -0.976611 0.079041
vn 0.191514 -0.977764 0.085439
vn 0.190021 -0.972240 0.136536
vn -0.198358 -0.959848 0.198358
vn -0.000000 -0.992060 0.125762
vn 0.000000 -0.954170 0.299264
vn -0.159408 -0.941415 0.297199
vn -0.022104 -0.999728 0.007461
vn -0.055838 -0.998374 0.011445
vn -0.050015 -0.998061 0.037058
vn -0.008568 -0.999945 0.006079
vn 0.019330 -0.999550 -0.022941
vn 0.005152 -0.999973 -0.005152
vn 0.022941 -0.999550 -0.019330
vn 0.098357 -0.990279 -0.098357
vn -0.056095 -0.896410 -0.439662
vn 0.061157 -0.907284 -0.416048
vn 0.121700 -0.851126 -0.510659
vn -0.054811 -0.797793 -0.600435
vn -0.012353 -0.999807 -0.015306
vn -0.023797 -0.999141 -0.033913
vn -0.081624 -0.984648 -0.154290
vn -0.042270 -0.998212 -0.042270
vn 1.000000 0.000000 0.000000
vn 1.000000 0.000000 0.000000
vn 1.000000 0.000000 0.000000
vn 1.000000 0.000000 0.000000
vn 0.000000 1.000000 0.000000
vn 0.000000 1.000000 0.000000
vn 0.000000 1.000000 0.000000
vn 0.000000 1.000000 0.000000
vn 0.000000 1.000000 0.000000
vn 0.000000 1.000000 0.000000
vn 0.000000 1.000000 0.000000
vn 0.000000 1.000000 0.000000
vn 0.000000 1.000000 0.000000
vn 0.000000 1.000000 0.000000
vn 0.000000 1.000000 0.000000
vn 0.000000 1.000000 0.000000
vn 0.020047 0.999662 0.016577
vn 0.001245 0.999998 0.001245
vn 0.008811 0.999941 0.006321
vn 0.057709 0.997531 0.040012
vn 0.000000 0.939158 0.343486
vn 0.107121 0.955117 0.276183
vn 0.160667 0.940429 0.299633
vn 0.000000 0.953470 0.301488
vn -0.020047 0.999662 0.016577
vn -0.078937 0.993749 0.078937
vn -0.192537 0.971615 0.137458
vn -0.057709 0.997531 0.040012
vn -0.075286 0.971247 -0.225858
vn -0.077053 0.994045 -0.077053
vn -0.225858 0.971247 -0.075286
vn -0.283960 0.915824 -0.283960
vn -0.209712 0.543819 -0.812577
vn -0.191549 0.631202 -0.751594
vn -0.237675 0.308671 -0.920995
vn -0.237727 0.308234 -0.921128
vn -1.000000 0.000000 0.000000
vn -1.000000 0.000000 0.000000
vn -1.000000 0.000000 0.000000
vn -1.000000 0.000000 0.000000
vn 0.838527 -0.544813 0.007197
vn 0.483233 -0.487236 0.727384
vn 0.191549 -0.631202 0.751594
vn 0.209712 -0.543819 0.812577
vn 0.080474 -0.973878 0.212334
vn 0.000643 -0.951802 0.306712
vn 0.000311 -0.955053 0.296434
vn 0.200020 -0.959330 0.199192
vn 0.072795 -0.994599 -0.073990
vn 0.019044 -0.999674 -0.016984
vn 0.048949 -0.998114 -0.037060
vn 0.087581 -0.993795 -0.068565
vn -0.106053 -0.956092 -0.273204
vn -0.000000 -0.940242 -0.340507
vn -0.000000 -0.954170 -0.299264
vn -0.159408 -0.941415 -0.297199
vn -0.001245 -0.999998 -0.001245
vn -0.019479 -0.999679 -0.016226
vn -0.050015 -0.998061 -0.037058
vn -0.008568 -0.999945 -0.006079
vn 0.000000 -1.000000 0.000000
vn 0.000000 -1.000000 0.000000
vn 0.000000 -1.000000 0.000000
vn 0.000000 -1.000000 0.000000
vn 0.000000 -1.000000 0.000000
vn 0.000000 -1.000000 0.000000
vn 0.000000 -1.000000 0.000000
vn 0.000000 -1.000000 0.000000
vn 0.000000 -1.000000 0.000000
vn 0.000000 -1.000000 0.000000
vn 0.000000 -1.000000 0.000000
vn 0.000000 -1.000000 0.000000
vn 1.000000 0.000000 0.000000
vn 1.000000 0.000000 0.000000
vn 1.000000 0.000000 0.000000
vn 1.000000 0.000000 0.000000
vn 0.553405 0.832912 0.000000
vn 0.364139 0.931345 0.000000
vn 0.252110 0.962083 -0.104104
vn 0.415539 0.888215 -0.195965
vn -0.142395 0.989810 0.000000
vn 0.030413 0.999537 -0.000000
vn 0.069848 0.967823 -0.241744
vn -0.263945 0.886993 -0.378916
vn -0.303832 0.952726 -0.000000
vn -0.469064 0.883164 0.000000
vn -0.359628 0.922010 -0.143407
vn -0.175550 0.982445 -0.063127
vn 0.000000 1.000000 0.000000
vn 0.000000 1.000000 0.000000
vn 0.000000 1.000000 0.000000
vn 0.000000 1.000000 0.000000
vn 0.000000 0.999531 -0.030635
vn 0.007756 0.999708 -0.022884
vn 0.000000 1.000000 0.000000
vn 0.000000 1.000000 0.000000
vn 0.000000 1.000000 0.000000
vn -0.001245 0.999998 -0.001245
vn 0.000000 1.000000 0.000000
vn 0.000000 1.000000 0.000000
vn -0.075286 0.971247 0.225858
vn -0.077053 0.994045 0.077053
vn 0.000000 1.000000 0.000000
vn 0.000000 1.000000 0.000000
vn -0.209713 0.543816 0.812579
vn -0.191549 0.631203 0.751592
vn -0.000000 1.000000 0.000000
vn -0.000000 1.000000 0.000000
vn -1.000000 0.000000 0.000000
vn -1.000000 0.000000 0.000000
vn -1.000000 0.000000 0.000000
vn -1.000000 0.000000 0.000000
vn 0.000000 -1.000000 0.000000
vn 0.000000 -1.000000 0.000000
vn 0.191549 -0.631203 -0.751592
vn 0.209713 -0.543816 -0.812579
vn 0.150508 -0.976612 -0.153547
vn -0.099171 -0.950433 -0.294691
vn -0.077053 -0.994045 -0.077053
vn 0.000321 -0.988244 -0.152886
vn 0.000285 -0.999997 0.002230
vn 0.000000 -0.999999 0.001301
vn 0.000000 -0.999999 0.001301
vn -0.000325 -1.000000 0.000976
vn -0.007461 -0.999728 0.022104
vn 0.000000 -0.999563 0.029560
vn 0.000000 -1.000000 0.000000
vn 0.000000 -1.000000 0.000000
vn 0.000000 -1.000000 0.000000
vn 0.000000 -1.000000 0.000000
vn 0.000000 -1.000000 0.000000
vn 0.000000 -1.000000 0.000000
vn 0.463968 -0.885852 -0.000000
vn 0.325928 -0.945395 0.000000
vn 0.256865 -0.960968 0.102763
vn 0.354979 -0.924019 0.142053
vn -0.036063 -0.999349 0.000000
vn 0.137758 -0.990466 0.000000
vn 0.264971 -0.882733 0.388037
vn -0.084931 -0.964474 0.250153
vn -0.356515 -0.934290 -0.000000
vn -0.552642 -0.833419 -0.000000
vn -0.405595 -0.893867 0.191035
vn -0.272432 -0.949249 0.157185
vn 1.000000 0.000000 0.000000
vn 1.000000 0.000000 0.000000
vn 1.000000 0.000000 0.000000
vn 1.000000 0.000000 0.000000
vn 0.265784 0.964033 0.000000
vn 0.034755 0.999396 0.000000
vn 0.025880 0.999626 -0.008883
vn 0.154868 0.986379 -0.055435
vn -0.007699 0.999943 0.007458
vn 0.142070 0.989856 0.000889
vn 0.224735 0.948150 -0.224735
vn -0.002966 0.990142 -0.140033
vn -0.235482 0.965611 0.110197
vn -0.383099 0.917099 0.110293
vn -0.368174 0.925128 -0.092662
vn -0.275593 0.961160 -0.014850
vn 0.004727 0.990460 -0.137718
vn -0.045879 0.992734 -0.111239
vn -0.087948 0.992251 -0.087767
vn 0.000197 0.998196 -0.060035
vn 0.024133 0.999695 -0.005233
vn 0.084371 0.995214 -0.049301
vn 0.117834 0.992852 -0.018998
vn 0.064030 0.997717 -0.021458
vn 0.357475 0.931657 -0.065007
vn 0.370906 0.928604 -0.011107
vn 0.290733 0.950131 -0.112807
vn 0.315043 0.933920 -0.168940
vn -0.389778 0.896087 -0.212370
vn -0.221569 0.940424 -0.257895
vn -0.211994 0.945486 -0.247215
vn -0.325767 0.926293 -0.189361
vn 0.000000 1.000000 0.000000
vn -0.040094 0.999166 -0.007678
vn -0.024222 0.999673 -0.008210
vn 0.000000 1.000000 0.000000
vn -1.000000 0.000000 0.000000
vn -1.000000 0.000000 0.000000
vn -1.000000 0.000000 0.000000
vn -1.000000 0.000000 0.000000
vn 0.000000 -1.000000 0.000000
vn 0.023397 -0.999695 0.007897
vn 0.038486 -0.999233 0.007206
vn 0.000000 -1.000000 0.000000
vn 0.225401 -0.933790 0.277904
vn 0.395341 -0.890835 0.223872
vn 0.325730 -0.926014 0.190783
vn 0.212243 -0.943792 0.253395
vn -0.369215 -0.929257 0.012692
vn -0.362217 -0.929214 0.073209
vn -0.312559 -0.934982 0.167679
vn -0.287628 -0.951207 0.111695
vn -0.084537 -0.995179 0.049731
vn -0.023901 -0.999700 0.005333
vn -0.062750 -0.997810 0.020934
vn -0.127738 -0.990590 0.049129
vn 0.046420 -0.992719 0.111154
vn -0.004517 -0.990595 0.136752
vn -0.000189 -0.998221 0.059624
vn 0.087350 -0.992356 0.087180
vn 0.378167 -0.918735 -0.113645
vn 0.305432 -0.937656 -0.165866
vn 0.281150 -0.959562 0.013979
vn 0.365436 -0.926424 0.090527
vn -0.141038 -0.990004 -0.000889
vn 0.008119 -0.999936 -0.007858
vn 0.003082 -0.990303 0.138887
vn -0.223098 -0.948923 0.223098
vn -0.033601 -0.999435 0.000000
vn -0.067089 -0.997747 0.000000
vn -0.063883 -0.997874 0.012894
vn -0.025061 -0.999649 0.008547
vn 1.000000 0.000000 0.000000
vn 1.000000 0.000000 0.000000
vn 1.000000 0.000000 0.000000
vn 1.000000 0.000000 0.000000
vn 0.004722 0.999978 0.004722
vn 0.000000 1.000000 0.000000
vn 0.001349 0.999998 0.001349
vn 0.022050 0.999591 0.018219
vn -0.062167 0.968216 0.242268
vn 0.051089 0.983299 0.174679
vn 0.110361 0.944171 0.310421
vn -0.057780 0.918859 0.390334
vn -0.008079 0.999060 -0.042594
vn -0.100500 0.994271 -0.036388
vn -0.122134 0.990784 0.058573
vn -0.021755 0.999579 0.019186
vn -0.057703 0.997891 0.029725
vn 0.053615 0.998128 -0.029425
vn 0.094675 0.995501 0.003777
vn 0.003276 0.999470 0.032384
vn 0.076952 0.994061 0.076952
vn 0.000000 0.998684 0.051287
vn 0.000101 0.992909 0.118880
vn 0.063383 0.990982 0.118053
vn 0.542491 0.835754 0.084957
vn 0.371658 0.926946 0.051390
vn 0.330753 0.942675 0.044339
vn 0.568615 0.821867 0.034804
vn -0.279579 0.953739 0.110531
vn -0.061861 0.997981 0.014378
vn -0.062814 0.997908 -0.015309
vn -0.441019 0.880978 -0.171405
vn -0.112717 0.993627 0.000000
vn -0.422762 0.906241 -0.000000
vn -0.245306 0.965603 -0.086231
vn -0.084379 0.996023 -0.028610
vn -1.000000 0.000000 0.000000
vn -1.000000 0.000000 0.000000
vn -1.000000 0.000000 0.000000
vn -1.000000 0.000000 0.000000
vn 0.080087 -0.996404 0.027655
vn 0.104324 -0.994338 0.020191
vn 0.107504 -0.994205 0.000000
vn 0.107504 -0.994205 0.000000
vn 0.069899 -0.996512 -0.045582
vn 0.287329 -0.949965 -0.122507
vn 0.448804 -0.880772 0.151047
vn 0.068412 -0.997388 0.023184
vn -0.467293 -0.881847 -0.063109
vn -0.538627 -0.838043 -0.086975
vn -0.566308 -0.822791 -0.048065
vn -0.500228 -0.865321 -0.031480
vn 0.000000 -0.998702 -0.050936
vn -0.076328 -0.994157 -0.076328
vn -0.062829 -0.991144 -0.116990
vn -0.000102 -0.993022 -0.117927
vn -0.052580 -0.998188 0.029245
vn 0.057772 -0.997895 -0.029468
vn -0.002891 -0.999470 -0.032429
vn -0.095395 -0.995432 -0.003792
vn 0.102972 -0.994049 0.035538
vn 0.006792 -0.999029 0.043533
vn 0.020306 -0.999628 -0.018194
vn 0.113692 -0.992113 -0.052784
vn -0.076757 -0.968523 -0.236795
vn 0.074030 -0.957943 -0.277245
vn 0.059617 -0.920285 -0.386679
vn -0.109236 -0.945426 -0.306981
vn 0.000000 -1.000000 0.000000
vn -0.004384 -0.999981 -0.004384
vn -0.021242 -0.999616 -0.017776
vn -0.001349 -0.999998 -0.001349
vn 1.000000 0.000000 0.000000
vn 1.000000 0.000000 0.000000
vn 1.000000 0.000000 0.000000
vn 1.000000 0.000000 0.000000
vn 0.004722 0.999978 -0.004722
vn 0.000000 1.000000 0.000000
vn 0.000000 1.000000 0.000000
vn 0.000000 1.000000 0.000000
vn 0.000000 0.964032 -0.265784
vn 0.055435 0.986379 -0.154868
vn 0.008883 0.999626 -0.025880
vn 0.000000 0.999396 -0.034755
vn -0.033552 0.999371 0.011522
vn -0.023406 0.999561 -0.018183
vn -0.001906 0.999998 -0.000791
vn -0.011199 0.999896 0.009045
vn -0.000000 0.989938 0.141499
vn -0.075568 0.987154 0.140772
vn -0.076569 0.987323 0.139035
vn 0.000000 0.986392 0.164413
vn 0.027297 0.999469 0.017782
vn 0.086791 0.994280 0.062240
vn 0.034752 0.998792 0.034752
vn 0.011199 0.999896 0.009045
vn 0.042477 0.997229 -0.061072
vn 0.017233 0.999635 -0.020790
vn 0.001318 0.999998 -0.001318
vn 0.006691 0.999934 -0.009326
vn -0.042477 0.997229 -0.061072
vn -0.051530 0.988111 -0.144847
vn -0.008210 0.999673 -0.024222
vn -0.006691 0.999934 -0.009326
vn 0.000000 1.000000 0.000000
vn 0.000000 1.000000 0.000000
vn 0.000000 1.000000 0.000000
vn 0.000000 1.000000 0.000000
vn -1.000000 0.000000 0.000000
vn -1.000000 0.000000 0.000000
vn -1.000000 0.000000 0.000000
vn -1.000000 0.000000 0.000000
vn 0.000000 -1.000000 0.000000
vn 0.000000 -1.000000 0.000000
vn 0.000000 -1.000000 0.000000
vn 0.000000 -1.000000 0.000000
vn 0.012057 -0.998169 0.059280
vn 0.039480 -0.997798 0.053299
vn 0.006434 -0.999938 0.009069
vn 0.007897 -0.999695 0.023397
vn -0.016865 -0.999654 0.020200
vn -0.039480 -0.997798 0.053299
vn -0.006434 -0.999938 0.009069
vn -0.001318 -0.999998 0.001318
vn -0.086839 -0.994299 -0.061868
vn -0.026836 -0.999487 -0.017481
vn -0.010888 -0.999901 -0.008869
vn -0.033856 -0.998853 -0.033856
vn 0.074894 -0.987387 -0.139493
vn 0.000000 -0.990099 -0.140371
vn 0.000000 -0.987517 -0.157513
vn 0.049129 -0.990590 -0.127738
vn 0.022747 -0.999588 0.017491
vn 0.032614 -0.999400 -0.011699
vn 0.010888 -0.999901 -0.008869
vn 0.001906 -0.999998 0.000791
vn -0.012894 -0.997874 0.063883
vn -0.000000 -0.997747 0.067089
vn -0.000000 -0.999435 0.033601
vn -0.008547 -0.999649 0.025061
vn 0.000000 -1.000000 0.000000
vn -0.004384 -0.999981 0.004384
vn 0.000000 -1.000000 0.000000
vn 0.000000 -1.000000 0.000000
vn 1.000000 0.000000 0.000000
vn 1.000000 0.000000 0.000000
vn 1.000000 0.000000 0.000000
vn 1.000000 0.000000 0.000000
vn 0.000000 1.000000 0.000000
vn 0.000000 1.000000 0.000000
vn 0.000000 1.000000 0.000000
vn 0.000000 1.000000 0.000000
vn -0.212492 0.480556 -0.850830
vn -0.162312 0.813061 -0.559094
vn -0.082357 0.925631 -0.369356
vn -0.176928 0.747387 -0.640397
vn -0.623987 0.781434 0.000000
vn -0.623988 0.781434 -0.000000
vn -0.335297 0.942112 0.000000
vn -0.335297 0.942112 0.000000
vn 0.000000 1.000000 0.000000
vn -0.162311 0.813062 0.559093
vn -0.082358 0.925630 0.369358
vn 0.000000 1.000000 0.000000
vn -0.145740 0.978529 0.145740
vn -0.024848 0.999267 0.029115
vn -0.076579 0.991241 0.107597
vn -0.239154 0.911487 0.334661
vn -0.498162 0.854634 -0.146407
vn -0.568260 0.822819 0.007017
vn -0.528111 0.848091 0.042912
vn -0.562894 0.808817 -0.170193
vn -0.145427 0.987995 -0.052121
vn -0.188818 0.981341 -0.036304
vn -0.380785 0.917279 -0.116627
vn -0.294351 0.948448 -0.117490
vn 0.000000 1.000000 0.000000
vn -0.004397 0.999981 -0.004397
vn -0.017233 0.999635 -0.020790
vn -0.001318 0.999998 -0.001318
vn 0.000000 0.000000 -1.000000
vn 0.000000 0.000000 -1.000000
vn 0.000000 0.000000 -1.000000
vn 0.000000 0.000000 -1.000000
vn 0.004194 -0.999982 0.004194
vn 0.000000 -1.000000 0.000000
vn 0.001318 -0.999998 0.001318
vn 0.016865 -0.999654 0.020200
vn 0.287867 -0.956078 0.055203
vn 0.214281 -0.973083 0.084809
vn 0.291359 -0.949493 0.116507
vn 0.381750 -0.916515 0.119448
vn 0.563453 -0.826114 -0.007492
vn 0.494951 -0.857095 0.142870
vn 0.566386 -0.808262 0.160994
vn 0.527032 -0.848531 -0.047240
vn 0.123364 -0.978760 -0.163739
vn 0.145547 -0.978587 -0.145547
vn 0.235383 -0.914489 -0.329098
vn 0.124923 -0.976888 -0.173447
vn 0.162311 -0.813062 -0.559093
vn 0.000000 -1.000000 0.000000
vn 0.000000 -1.000000 0.000000
vn 0.082358 -0.925630 -0.369358
vn 0.623988 -0.781434 0.000000
vn 0.623988 -0.781434 0.000000
vn 0.335297 -0.942112 0.000000
vn 0.335297 -0.942112 0.000000
vn 0.162311 -0.813061 0.559094
vn 0.421170 -0.678999 0.601312
vn 0.245399 -0.862484 0.442607
vn 0.082357 -0.925631 0.369356
vn 0.000000 -1.000000 0.000000
vn 0.000000 -1.000000 0.000000
vn 0.000000 -1.000000 0.000000
vn 0.000000 -1.000000 0.000000
vn 0.000000 0.000000 1.000000
vn 0.000000 0.000000 1.000000
vn 0.000000 0.000000 1.000000
vn 0.000000 0.000000 1.000000
vn 0.000000 1.000000 0.000000
vn 0.000000 1.000000 0.000000
vn 0.000000 1.000000 0.000000
vn 0.000000 1.000000 0.000000
vn 0.000000 1.000000 0.000000
vn 0.000000 1.000000 0.000000
vn -0.001245 0.999998 0.001245
vn -0.008811 0.999941 0.006321
vn 0.000000 1.000000 0.000000
vn 0.000000 1.000000 0.000000
vn -0.022884 0.999708 -0.007756
vn -0.008811 0.999941 -0.006321
vn 0.000000 1.000000 0.000000
vn 0.000000 1.000000 0.000000
vn 0.000000 1.000000 0.000000
vn 0.000000 1.000000 0.000000
vn 0.180360 0.867553 0.463489
vn 0.088696 0.965971 0.242968
vn 0.076579 0.991241 0.107597
vn 0.239154 0.911487 0.334661
vn 0.167755 0.980640 -0.101014
vn 0.373298 0.912874 0.165254
vn 0.559017 0.818273 0.133898
vn 0.508223 0.860602 -0.032776
vn 0.019762 0.983803 -0.178162
vn 0.095978 0.966496 -0.238063
vn 0.278303 0.956073 -0.092045
vn 0.212110 0.953952 -0.212098
vn 0.000000 0.999474 -0.032426
vn 0.000000 0.969110 -0.246627
vn 0.051530 0.988111 -0.144847
vn 0.008210 0.999673 -0.024222
vn 0.000000 0.000000 -1.000000
vn 0.000000 0.000000 -1.000000
vn 0.000000 0.000000 -1.000000
vn 0.000000 0.000000 -1.000000
vn -0.012057 -0.998169 0.059280
vn 0.000000 -0.998046 0.062484
vn 0.000000 -0.999510 0.031288
vn -0.007897 -0.999695 0.023397
vn -0.286604 -0.952208 0.105634
vn -0.104139 -0.957710 0.268230
vn -0.023607 -0.981008 0.192526
vn -0.211955 -0.954022 0.211935
vn -0.558459 -0.817243 -0.142260
vn -0.375184 -0.909025 -0.181414
vn -0.160213 -0.984837 0.066544
vn -0.515043 -0.857137 0.006851
vn -0.124923 -0.976888 -0.173447
vn -0.143339 -0.926437 -0.348091
vn -0.178556 -0.870824 -0.458022
vn -0.235383 -0.914489 -0.329098
vn 0.000000 -0.999999 0.001301
vn 0.223875 -0.972458 -0.064844
vn 0.077380 -0.994094 -0.076087
vn 0.000000 -0.999999 0.001301
vn 0.022104 -0.999728 0.007461
vn 0.297284 -0.954789 0.000000
vn 0.297284 -0.954789 0.000000
vn 0.008568 -0.999945 0.006079
vn 0.001245 -0.999996 -0.002546
vn 0.077380 -0.994094 0.076087
vn 0.226752 -0.971015 0.075584
vn 0.008568 -0.999945 -0.006079
vn 0.000000 -1.000000 0.000000
vn 0.000000 -1.000000 0.000000
vn 0.000000 -1.000000 0.000000
vn 0.000000 -1.000000 0.000000
vn 0.000000 0.000000 1.000000
vn 0.000000 0.000000 1.000000
vn 0.000000 0.000000 1.000000
vn 0.000000 0.000000 1.000000
vn 0.000000 1.000000 0.000000
vn 0.000000 1.000000 0.000000
vn 0.000000 1.000000 0.000000
vn 0.000000 1.000000 0.000000
vn -0.232051 0.944619 0.232051
vn -0.137458 0.971615 0.192537
vn -0.107121 0.955117 0.276183
vn -0.160667 0.940429 0.299633
vn -0.232051 0.944619 -0.232051
vn -0.299633 0.940429 -0.160667
vn -0.199857 0.959226 -0.199857
vn -0.160667 0.940429 -0.299633
vn 0.000000 1.000000 0.000000
vn -0.006321 0.999941 -0.008811
vn -0.007756 0.999708 -0.022884
vn 0.000000 1.000000 0.000000
vn 0.076788 0.995910 -0.047610
vn 0.028949 0.999162 -0.028949
vn 0.051976 0.996018 -0.072435
vn 0.072660 0.994706 -0.072660
vn 0.113985 0.991093 0.068859
vn 0.117112 0.991084 0.063542
vn 0.118053 0.990982 0.063383
vn 0.091671 0.991561 0.091671
vn 0.144847 0.988111 -0.051530
vn 0.246743 0.969081 0.000124
vn 0.040908 0.999162 0.000975
vn 0.034475 0.999337 -0.011686
vn 0.000000 1.000000 0.000000
vn 0.004397 0.999981 -0.004397
vn 0.003950 0.999988 0.002836
vn 0.000557 1.000000 0.000557
vn 0.000000 0.000000 -1.000000
vn 0.000000 0.000000 -1.000000
vn 0.000000 0.000000 -1.000000
vn 0.000000 0.000000 -1.000000
vn -0.003842 -0.999989 -0.002727
vn -0.004194 -0.999982 0.004194
vn 0.000000 -1.000000 0.000000
vn -0.000557 -1.000000 -0.000557
vn -0.039498 -0.999219 -0.000988
vn -0.063412 -0.997987 -0.000932
vn -0.059280 -0.998169 0.012057
vn -0.033286 -0.999383 0.011226
vn -0.116990 -0.991144 -0.062829
vn -0.156443 -0.986471 -0.049003
vn -0.137227 -0.989067 -0.053995
vn -0.090418 -0.991791 -0.090418
vn -0.051747 -0.996011 0.072695
vn -0.028207 -0.999204 0.028207
vn -0.076446 -0.995918 0.047985
vn -0.090299 -0.991812 0.090299
vn 0.007461 -0.999728 0.022104
vn 0.005184 -0.999946 0.009009
vn -0.000325 -1.000000 0.000325
vn 0.000000 -1.000000 0.000000
vn 0.198358 -0.959848 0.198358
vn 0.297199 -0.941415 0.159408
vn 0.229888 -0.945676 0.229888
vn 0.159408 -0.941415 0.297199
vn 0.106053 -0.956092 -0.273204
vn 0.136497 -0.972010 -0.191222
vn 0.229888 -0.945676 -0.229888
vn 0.159408 -0.941415 -0.297199
vn 0.000000 -1.000000 0.000000
vn 0.000000 -1.000000 0.000000
vn 0.000000 -1.000000 0.000000
vn 0.000000 -1.000000 0.000000
vn 0.000000 0.000000 1.000000
vn 0.000000 0.000000 1.000000
vn 0.000000 0.000000 1.000000
vn 0.000000 0.000000 1.000000
vn 0.000000 1.000000 0.000000
vn 0.000000 1.000000 0.000000
vn 0.000000 1.000000 0.000000
vn 0.000000 1.000000 0.000000
vn 0.232051 0.944619 0.232051
vn 0.137458 0.971615 0.192537
vn 0.078937 0.993749 0.078937
vn 0.192537 0.971615 0.137458
vn 0.232051 0.944619 -0.232051
vn 0.299633 0.940429 -0.160667
vn 0.276183 0.955117 -0.107121
vn 0.192537 0.971615 -0.137458
vn 0.000000 1.000000 0.000000
vn 0.006321 0.999941 -0.008811
vn 0.001245 0.999998 -0.001245
vn 0.000000 1.000000 0.000000
vn -0.063383 0.990982 -0.118053
vn -0.063542 0.991084 -0.117112
vn -0.068859 0.991093 -0.113985
vn -0.091671 0.991561 -0.091671
vn -0.062202 0.991208 0.116780
vn -0.076952 0.994061 0.076952
vn -0.112591 0.991829 0.059993
vn -0.075522 0.993737 0.082356
vn 0.140772 0.987154 -0.075568
vn 0.105675 0.988971 -0.103770
vn 0.075443 0.987427 -0.138914
vn 0.092016 0.991497 -0.092016
vn 0.081991 0.987332 0.135841
vn 0.109195 0.988005 0.109195
vn 0.075568 0.987154 0.140772
vn 0.076569 0.987323 0.139035
vn 0.000000 0.000000 -1.000000
vn 0.000000 0.000000 -1.000000
vn 0.000000 0.000000 -1.000000
vn 0.000000 0.000000 -1.000000
vn -0.074894 -0.987387 -0.139493
vn -0.107656 -0.988342 -0.107656
vn -0.061868 -0.994299 -0.086839
vn -0.049129 -0.990590 -0.127738
vn -0.074899 -0.987628 0.137775
vn -0.104117 -0.989306 0.102146
vn -0.139493 -0.987387 0.074894
vn -0.091275 -0.991634 0.091275
vn 0.111704 -0.991952 -0.059603
vn 0.076328 -0.994157 -0.076328
vn 0.061656 -0.991366 -0.115723
vn 0.075245 -0.993810 -0.081733
vn 0.051747 -0.996011 0.072695
vn 0.041169 -0.993377 0.107275
vn 0.062829 -0.991144 0.116990
vn 0.090299 -0.991812 0.090299
vn -0.001245 -0.999998 0.001245
vn -0.006079 -0.999945 0.008568
vn 0.000000 -1.000000 0.000000
vn 0.000000 -1.000000 0.000000
vn -0.273204 -0.956092 0.106052
vn -0.297199 -0.941415 0.159408
vn -0.229888 -0.945676 0.229888
vn -0.191222 -0.972010 0.136497
vn -0.185388 -0.965019 -0.185388
vn -0.136497 -0.972010 -0.191222
vn -0.229888 -0.945676 -0.229888
vn -0.191222 -0.972010 -0.136497
vn 0.000000 -1.000000 0.000000
vn 0.000000 -1.000000 0.000000
vn 0.000000 -1.000000 0.000000
vn 0.000000 -1.000000 0.000000
vn 0.000000 0.000000 1.000000
vn 0.000000 0.000000 1.000000
vn 0.000000 0.000000 1.000000
vn 0.000000 0.000000 1.000000
vn 0.000000 1.000000 0.000000
vn 0.000000 1.000000 0.000000
vn 0.000000 1.000000 0.000000
vn 0.000000 1.000000 0.000000
vn 0.000000 1.000000 0.000000
vn 0.000000 1.000000 0.000000
vn 0.000000 1.000000 0.000000
vn 0.000000 1.000000 0.000000
vn 0.000000 1.000000 0.000000
vn 0.000000 1.000000 0.000000
vn 0.000000 1.000000 0.000000
vn -0.001619 0.999997 0.001619
vn 0.000000 1.000000 0.000000
vn 0.000000 1.000000 0.000000
vn -0.039824 0.999207 0.000000
vn -0.029752 0.999506 -0.010084
vn 0.010128 0.999646 -0.024614
vn 0.001872 0.999991 -0.003727
vn 0.002870 0.999960 -0.008468
vn 0.017523 0.998437 -0.053075
vn 0.115455 0.993312 -0.001317
vn 0.110899 0.992074 -0.059084
vn 0.075886 0.994225 -0.075886
vn 0.048290 0.998831 0.002198
vn -0.124906 0.990821 -0.051690
vn -0.058046 0.997758 -0.033312
vn -0.090305 0.994343 0.055925
vn -0.143921 0.989412 -0.018706
vn -0.062240 0.994280 0.086791
vn -0.086697 0.992455 0.086697
vn -0.086791 0.994280 0.062240
vn -0.034752 0.998792 0.034752
vn 0.000000 0.000000 -1.000000
vn 0.000000 0.000000 -1.000000
vn 0.000000 0.000000 -1.000000
vn 0.000000 0.000000 -1.000000
vn 0.086839 -0.994299 -0.061868
vn 0.107656 -0.988342 -0.107656
vn 0.061868 -0.994299 -0.086839
vn 0.033856 -0.998853 -0.033856
vn 0.089091 -0.994518 -0.054745
vn 0.058081 -0.997726 0.034209
vn 0.124244 -0.990884 0.052077
vn 0.142098 -0.989793 -0.010881
vn -0.075270 -0.994318 0.075270
vn -0.110295 -0.992164 0.058694
vn -0.114786 -0.993390 0.001020
vn -0.048594 -0.998817 -0.001586
vn -0.002761 -0.999963 0.008180
vn -0.001782 -0.999992 0.003637
vn -0.010014 -0.999657 0.024181
vn -0.017089 -0.998505 0.051924
vn 0.038428 -0.999261 -0.000000
vn 0.000000 -1.000000 0.000000
vn 0.000000 -1.000000 0.000000
vn 0.028739 -0.999540 0.009700
vn 0.000000 -1.000000 0.000000
vn 0.000000 -1.000000 0.000000
vn 0.000000 -1.000000 0.000000
vn 0.001619 -0.999997 -0.001619
vn 0.000000 -1.000000 0.000000
vn 0.000000 -1.000000 0.000000
vn 0.000000 -1.000000 0.000000
vn 0.000000 -1.000000 0.000000
vn 0.000000 -1.000000 0.000000
vn 0.000000 -1.000000 0.000000
vn 0.000000 -1.000000 0.000000
vn 0.000000 -1.000000 0.000000
vn 0.000000 0.000000 1.000000
vn 0.000000 0.000000 1.000000
vn 0.000000 0.000000 1.000000
vn 0.000000 0.000000 1.000000
vn 0.000000 1.000000 0.000000
vn 0.000000 1.000000 0.000000
vn 0.000000 1.000000 0.000000
vn 0.000000 1.000000 0.000000
vn 0.000000 1.000000 0.000000
vn 0.000000 1.000000 0.000000
vn 0.000000 1.000000 0.000000
vn 0.000000 1.000000 0.000000
vn -0.183371 0.949890 0.253148
vn -0.053197 0.995722 0.075546
vn -0.072499 0.980222 0.184143
vn -0.195048 0.894990 0.401186
vn -0.459967 0.857728 -0.229638
vn -0.542907 0.839793 -0.000000
vn -0.438229 0.898863 0.000000
vn -0.445368 0.839828 -0.310382
vn -0.022500 0.999190 -0.033368
vn -0.055010 0.995440 -0.077931
vn -0.072566 0.980205 -0.184208
vn -0.019307 0.998965 -0.041194
vn -0.271584 0.937824 0.216166
vn -0.229102 0.954444 0.191176
vn -0.172638 0.975996 0.132767
vn -0.228703 0.923572 0.307751
vn -0.350239 0.925259 -0.145702
vn -0.378634 0.924071 0.052236
vn -0.162817 0.986515 0.016713
vn -0.236803 0.948845 -0.208847
vn -0.007152 0.999926 -0.009849
vn -0.045455 0.996839 -0.065163
vn -0.055435 0.986379 -0.154868
vn -0.008883 0.999626 -0.025880
vn 0.000000 0.000000 -1.000000
vn 0.000000 0.000000 -1.000000
vn 0.000000 0.000000 -1.000000
vn 0.000000 0.000000 -1.000000
vn 0.012894 -0.997874 0.063883
vn 0.042646 -0.997455 0.057134
vn 0.006911 -0.999930 0.009608
vn 0.008547 -0.999649 0.025061
vn 0.162833 -0.986497 -0.017577
vn 0.377934 -0.924205 -0.054879
vn 0.347452 -0.926706 0.143154
vn 0.235765 -0.949642 0.206386
vn 0.167898 -0.981116 -0.096030
vn 0.146210 -0.989146 0.014613
vn 0.266909 -0.941376 -0.206326
vn 0.227625 -0.956257 -0.183738
vn 0.015487 -0.997107 0.074415
vn 0.051442 -0.996255 0.069502
vn 0.021966 -0.999223 0.032719
vn 0.018377 -0.999050 0.039517
vn 0.446464 -0.894801 -0.000000
vn 0.546268 -0.837611 0.000000
vn 0.456932 -0.859126 0.230469
vn 0.447905 -0.836672 0.315216
vn 0.116416 -0.955594 -0.270716
vn 0.118638 -0.959053 -0.257180
vn 0.180205 -0.951463 -0.249490
vn 0.189826 -0.899052 -0.394553
vn 0.000000 -1.000000 0.000000
vn 0.000000 -1.000000 0.000000
vn 0.000000 -1.000000 0.000000
vn 0.000000 -1.000000 0.000000
vn 0.000000 -1.000000 0.000000
vn 0.000000 -1.000000 0.000000
vn 0.000000 -1.000000 0.000000
vn 0.000000 -1.000000 0.000000
vn 0.000000 0.000000 1.000000
vn 0.000000 0.000000 1.000000
vn 0.000000 0.000000 1.000000
vn 0.000000 0.000000 1.000000
vn 0.000000 1.000000 0.000000
vn 0.000000 1.000000 0.000000
vn 0.000000 1.000000 0.000000
vn 0.000000 1.000000 0.000000
vn 0.000000 1.000000 0.000000
vn 0.000000 1.000000 0.000000
vn 0.000000 1.000000 0.000000
vn 0.000000 1.000000 0.000000
vn 0.185316 0.860262 0.474982
vn 0.070095 0.975039 0.210680
vn 0.055400 0.991319 0.119238
vn 0.194539 0.924684 0.327284
vn 0.374742 0.852984 -0.363299
vn 0.276726 0.960949 -0.000000
vn 0.531142 0.847283 0.000000
vn 0.492698 0.822351 -0.284583
vn 0.008441 0.999469 -0.031485
vn 0.070095 0.975039 -0.210680
vn 0.055400 0.991319 -0.119238
vn 0.007168 0.999848 -0.015885
vn 0.155117 0.963694 0.217332
vn 0.045455 0.996839 0.065163
vn 0.018219 0.999591 0.022050
vn 0.089860 0.991892 0.089860
vn 0.335022 0.924939 -0.179580
vn 0.338208 0.941072 0.000000
vn 0.384386 0.923172 0.000000
vn 0.309910 0.943120 -0.120336
vn 0.007152 0.999926 -0.009849
vn 0.045455 0.996839 -0.065163
vn 0.018219 0.999591 -0.022050
vn 0.001349 0.999998 -0.001349
vn 0.000000 0.000000 -1.000000
vn 0.000000 0.000000 -1.000000
vn 0.000000 0.000000 -1.000000
vn 0.000000 0.000000 -1.000000
vn -0.017776 -0.999616 0.021242
vn -0.042646 -0.997455 0.057134
vn -0.006911 -0.999930 0.009608
vn -0.001349 -0.999998 0.001349
vn -0.381320 -0.924443 -0.000000
vn -0.335624 -0.941996 -0.000000
vn -0.332462 -0.926109 0.178302
vn -0.306595 -0.944357 0.119117
vn -0.017776 -0.999616 -0.021242
vn -0.042646 -0.997455 -0.057134
vn -0.077996 -0.991714 -0.102081
vn -0.085499 -0.992663 -0.085499
vn -0.045828 -0.994832 0.090606
vn -0.018338 -0.997794 0.063804
vn -0.008143 -0.999632 0.025858
vn -0.006118 -0.999914 0.011602
vn -0.546430 -0.837505 0.000000
vn -0.300292 -0.953847 -0.000000
vn -0.390367 -0.844304 0.367103
vn -0.497447 -0.819816 0.283634
vn -0.121078 -0.943761 -0.307660
vn -0.117798 -0.940451 -0.318866
vn -0.188793 -0.865589 -0.463803
vn -0.190590 -0.930626 -0.312427
vn 0.000000 -1.000000 0.000000
vn 0.000000 -1.000000 0.000000
vn 0.000000 -1.000000 0.000000
vn 0.000000 -1.000000 0.000000
vn 0.000000 -1.000000 0.000000
vn 0.000000 -1.000000 0.000000
vn 0.000000 -1.000000 0.000000
vn 0.000000 -1.000000 0.000000
vn 0.000000 0.000000 1.000000
vn 0.000000 0.000000 1.000000
vn 0.000000 0.000000 1.000000
vn 0.000000 0.000000 1.000000
vn 0.000000 1.000000 0.000000
vn 0.000000 1.000000 0.000000
vn 0.000000 1.000000 0.000000
vn 0.000000 1.000000 0.000000
vn 0.000000 1.000000 0.000000
vn 0.000000 1.000000 0.000000
vn 0.000000 1.000000 0.000000
vn 0.000000 1.000000 0.000000
vn 0.017237 0.999753 0.014004
vn 0.002346 0.999994 0.002346
vn 0.000000 1.000000 0.000000
vn 0.000442 1.000000 0.000442
vn 0.105039 0.993747 -0.037866
vn 0.181359 0.983417 -0.000000
vn 0.019816 0.999804 -0.000000
vn 0.014267 0.999883 -0.005550
vn 0.000000 1.000000 0.000000
vn 0.002346 0.999994 -0.002346
vn 0.000000 1.000000 0.000000
vn 0.000000 1.000000 0.000000
vn 0.000000 1.000000 0.000000
vn 0.000000 1.000000 0.000000
vn 0.000000 1.000000 0.000000
vn 0.000000 1.000000 0.000000
vn 0.000000 1.000000 0.000000
vn 0.000000 1.000000 0.000000
vn 0.000000 1.000000 0.000000
vn 0.000000 1.000000 0.000000
vn 0.000000 1.000000 0.000000
vn 0.000000 1.000000 0.000000
vn 0.000000 1.000000 0.000000
vn 0.000000 1.000000 0.000000
vn 0.000000 0.000000 -1.000000
vn 0.000000 0.000000 -1.000000
vn 0.000000 0.000000 -1.000000
vn 0.000000 0.000000 -1.000000
vn 0.000000 -1.000000 0.000000
vn 0.000000 -1.000000 0.000000
vn 0.000000 -1.000000 0.000000
vn 0.000000 -1.000000 0.000000
vn 0.000000 -1.000000 0.000000
vn 0.000000 -1.000000 0.000000
vn 0.000000 -1.000000 0.000000
vn 0.000000 -1.000000 0.000000
vn 0.000000 -1.000000 0.000000
vn 0.000000 -1.000000 0.000000
vn 0.000000 -1.000000 0.000000
vn 0.000000 -1.000000 0.000000
vn 0.000000 -1.000000 0.000000
vn -0.001477 -0.999998 0.001477
vn 0.000000 -1.000000 0.000000
vn 0.000000 -1.000000 0.000000
vn -0.014355 -0.999897 -0.000000
vn -0.156922 -0.987611 0.000000
vn -0.090451 -0.995357 0.032895
vn -0.009920 -0.999941 0.004436
vn 0.000000 -1.000000 0.000000
vn -0.001477 -0.999998 -0.001477
vn -0.015306 -0.999807 -0.012353
vn 0.000000 -1.000000 0.000000
vn 0.000000 -1.000000 0.000000
vn 0.000000 -1.000000 0.000000
vn 0.000000 -1.000000 0.000000
vn 0.000000 -1.000000 0.000000
vn 0.000000 -1.000000 0.000000
vn 0.000000 -1.000000 0.000000
vn 0.000000 -1.000000 0.000000
vn 0.000000 -1.000000 0.000000
vn 0.000000 0.000000 1.000000
vn 0.000000 0.000000 1.000000
vn 0.000000 0.000000 1.000000
vn 0.000000 0.000000 1.000000
vn 0.000000 1.000000 0.000000
vn 0.000000 1.000000 0.000000
vn 0.000000 1.000000 0.000000
vn 0.000000 1.000000 0.000000
vn 0.000000 1.000000 0.000000
vn 0.000000 1.000000 0.000000
vn 0.000000 1.000000 0.000000
vn 0.000000 1.000000 0.000000
vn 0.000000 1.000000 0.000000
vn 0.000000 1.000000 0.000000
vn 0.000000 1.000000 0.000000
vn 0.000000 1.000000 0.000000
vn 0.000000 1.000000 0.000000
vn 0.000000 1.000000 0.000000
vn 0.000000 1.000000 0.000000
vn 0.000000 1.000000 0.000000
vn 0.000000 1.000000 0.000000
vn 0.000000 1.000000 0.000000
vn 0.000000 1.000000 0.000000
vn 0.000000 1.000000 0.000000
vn 0.000000 1.000000 0.000000
vn 0.000000 1.000000 0.000000
vn 0.000000 1.000000 0.000000
vn 0.000000 1.000000 0.000000
vn 0.000000 1.000000 0.000000
vn 0.000000 1.000000 0.000000
vn 0.000000 1.000000 0.000000
vn 0.000000 1.000000 0.000000
vn 0.000000 1.000000 0.000000
vn 0.000000 1.000000 0.000000
vn 0.000000 1.000000 0.000000
vn 0.004154 0.999983 0.004154
vn 0.006321 0.999941 0.008811
vn 0.001245 0.999998 0.001245
vn 0.016577 0.999662 0.020047
vn 0.040012 0.997531 0.057709
vn -0.000000 0.999531 0.030635
vn 0.007756 0.999708 0.022884
vn 0.048694 0.989329 0.137322
vn -0.000000 0.972615 0.232421
vn -0.006321 0.999941 0.008811
vn -0.007756 0.999708 0.022884
vn -0.048694 0.989329 0.137322
vn -0.040012 0.997531 0.057709
vn 0.000000 1.000000 0.000000
vn -0.001245 0.999998 0.001245
vn -0.016577 0.999662 0.020047
vn -0.004154 0.999983 0.004154
vn 0.000000 1.000000 0.000000
vn 0.000000 1.000000 0.000000
vn 0.000000 1.000000 0.000000
vn 0.000000 1.000000 0.000000
vn 0.000000 1.000000 0.000000
vn 0.000000 1.000000 0.000000
vn 0.000000 1.000000 0.000000
vn 0.000000 1.000000 0.000000
vn -0.000000 1.000000 -0.000000
vn -0.000000 1.000000 -0.000000
vn -0.000000 1.000000 -0.000000
vn -0.000000 1.000000 -0.000000
vn 0.000000 1.000000 -0.000000
vn 0.000000 1.000000 -0.000000
vn 0.000000 1.000000 -0.000000
vn 0.000000 1.000000 -0.000000
vn -1.000000 0.000000 0.000000
vn -1.000000 0.000000 0.000000
vn -1.000000 0.000000 0.000000
vn -1.000000 0.000000 0.000000
vn 0.000000 -1.000000 0.000000
vn -0.000000 -1.000000 0.000000
vn -0.000000 -1.000000 -0.000000
vn 0.000000 -1.000000 -0.000000
vn 0.000000 -1.000000 0.000000
vn -0.000000 -1.000000 -0.000000
vn 0.000000 -1.000000 0.000000
vn 0.000000 -1.000000 0.000000
vn 0.000000 -1.000000 0.000000
vn 0.000000 -1.000000 0.000000
vn 0.000325 -1.000000 -0.000325
vn 0.000325 -1.000000 -0.000976
vn 0.000000 -1.000000 0.000000
vn 0.000000 -1.000000 0.000000
vn 0.000000 -0.999999 -0.001301
vn 0.000000 -0.999999 -0.001301
vn 0.001245 -0.999997 -0.001895
vn 0.000325 -1.000000 -0.000325
vn 0.004168 -0.999980 -0.004825
vn 0.017102 -0.999625 -0.021362
vn 0.007461 -0.999728 -0.022104
vn 0.005754 -0.999944 -0.008893
vn 0.034955 -0.998236 -0.047999
vn 0.011446 -0.998374 -0.055838
vn -0.007461 -0.999728 -0.022104
vn 0.000000 -0.999563 -0.029560
vn 0.000000 -0.998255 -0.059043
vn -0.011446 -0.998374 -0.055838
vn -0.001245 -0.999998 -0.001245
vn -0.006079 -0.999945 -0.008568
vn -0.037058 -0.998061 -0.050015
vn -0.016226 -0.999679 -0.019479
vn 0.000000 -1.000000 0.000000
vn 0.000000 -1.000000 0.000000
vn -0.003962 -0.999984 -0.003962
vn 0.000000 -1.000000 0.000000
vn 0.000000 -1.000000 0.000000
vn 0.000000 -1.000000 0.000000
vn 0.000000 -1.000000 0.000000
vn 0.000000 -1.000000 0.000000
vn 0.000000 -1.000000 0.000000
vn 0.000000 -1.000000 0.000000
vn 0.000000 -1.000000 0.000000
vn 0.000000 -1.000000 0.000000
vn 0.000000 -1.000000 0.000000
vn 0.000000 -1.000000 0.000000
vn 0.000000 -1.000000 0.000000
vn 0.000000 -1.000000 0.000000
vn 0.000000 -1.000000 0.000000
vn 0.000000 -1.000000 0.000000
vn 0.000000 -1.000000 0.000000
vn 0.000000 -1.000000 0.000000
vn 0.000000 -1.000000 0.000000
vn 0.000000 -1.000000 0.000000
vn 0.000000 -1.000000 0.000000
vn 0.000000 -1.000000 0.000000
vn 0.000000 -1.000000 0.000000
vn 0.000000 -1.000000 0.000000
vn 0.000000 -1.000000 0.000000
vn 0.000000 -1.000000 0.000000
vn 0.000000 -1.000000 0.000000
vn 0.000000 -1.000000 0.000000
vn 0.000000 -1.000000 0.000000
vn 0.000000 -1.000000 0.000000
vn 1.000000 0.000000 0.000000
vn 1.000000 0.000000 0.000000
vn 1.000000 0.000000 0.000000
vn 1.000000 0.000000 0.000000
vn 0.000000 1.000000 0.000000
vn 0.000000 1.000000 0.000000
vn 0.000000 1.000000 0.000000
vn 0.000000 1.000000 0.000000
vn 0.000000 1.000000 0.000000
vn 0.000000 1.000000 0.000000
vn 0.000442 1.000000 0.000442
vn 0.003917 0.999981 0.004801
vn 0.008441 0.999469 0.031485
vn 0.000000 1.000000 0.000000
vn 0.000000 1.000000 0.000000
vn 0.007168 0.999848 0.015885
vn 0.000000 1.000000 0.000000
vn 0.000000 1.000000 0.000000
vn 0.004637 0.998997 0.044544
vn -0.004138 0.998976 0.045042
vn -0.008220 0.999901 0.011456
vn 0.000000 1.000000 0.000000
vn 0.000000 1.000000 0.000000
vn -0.010629 0.999484 0.030297
vn 0.000000 1.000000 0.000000
vn 0.000000 1.000000 0.000000
vn -0.001619 0.999997 0.001619
vn 0.000000 1.000000 0.000000
vn 0.000000 1.000000 0.000000
vn 0.000000 1.000000 0.000000
vn 0.000000 1.000000 0.000000
vn 0.000000 1.000000 0.000000
vn 0.137322 0.989329 0.048695
vn 0.022884 0.999708 0.007756
vn 0.030635 0.999531 -0.000000
vn 0.232421 0.972615 -0.000000
vn 0.301488 0.953470 -0.000000
vn 0.299633 0.940429 0.160667
vn 0.276183 0.955117 0.107121
vn 0.343486 0.939158 0.000000
vn 0.000000 0.991945 0.126672
vn 0.199858 0.959226 0.199857
vn 0.126672 0.991945 -0.000000
vn 0.000000 1.000000 -0.000000
vn -0.301488 0.953470 -0.000000
vn -0.299633 0.940429 0.160667
vn -0.199858 0.959226 0.199857
vn -0.126672 0.991945 -0.000000
vn -0.137322 0.989329 0.048695
vn -0.276183 0.955117 0.107121
vn -0.343486 0.939158 -0.000000
vn -0.232421 0.972615 -0.000000
vn 0.000000 1.000000 0.000000
vn 0.000000 1.000000 0.000000
vn -0.022884 0.999708 0.007756
vn -0.030635 0.999531 0.000000
vn -0.527012 0.849858 0.000000
vn -0.296151 0.955141 0.000000
vn -0.296151 0.955141 0.000000
vn -0.527012 0.849858 0.000000
vn -0.623987 0.781435 0.000000
vn -0.623988 0.781434 0.000000
vn -0.335297 0.942112 0.000000
vn -0.335297 0.942112 0.000000
vn -0.839098 0.543980 0.000000
vn -0.771825 0.635835 0.000000
vn -0.771825 0.635835 0.000000
vn -0.839098 0.543980 0.000000
vn -1.000000 0.000000 0.000000
vn -1.000000 0.000000 0.000000
vn -1.000000 0.000000 0.000000
vn -1.000000 0.000000 0.000000
vn 0.839098 -0.543980 0.000000
vn 0.771825 -0.635836 0.000000
vn 0.771825 -0.635835 0.000000
vn 0.839098 -0.543980 0.000000
vn 0.335297 -0.942112 0.000000
vn 0.623988 -0.781434 0.000000
vn 0.623988 -0.781434 0.000000
vn 0.335297 -0.942112 0.000000
vn 0.297284 -0.954789 0.000000
vn 0.000000 -1.000000 0.000000
vn 0.000000 -1.000000 0.000000
vn 0.297284 -0.954789 0.000000
vn 0.022104 -0.999728 -0.007461
vn 0.297284 -0.954789 0.000000
vn 0.297284 -0.954789 0.000000
vn 0.029560 -0.999563 0.000000
vn 0.272085 -0.956407 -0.106088
vn 0.199957 -0.976611 -0.079041
vn 0.253915 -0.967227 -0.000000
vn 0.340384 -0.940287 0.000000
vn 0.198358 -0.959848 -0.198358
vn 0.297199 -0.941415 -0.159408
vn 0.299264 -0.954170 -0.000000
vn 0.125762 -0.992060 -0.000000
vn -0.198358 -0.959848 -0.198358
vn 0.000000 -0.992060 -0.125762
vn -0.000000 -1.000000 0.000000
vn -0.125762 -0.992060 0.000000
vn -0.273204 -0.956092 -0.106052
vn -0.297199 -0.941415 -0.159408
vn -0.299264 -0.954170 -0.000000
vn -0.340507 -0.940242 -0.000000
vn -0.022104 -0.999728 -0.007461
vn -0.055838 -0.998374 -0.011445
vn -0.059043 -0.998255 0.000000
vn -0.029560 -0.999563 0.000000
vn 0.000000 -1.000000 0.000000
vn 0.000000 -1.000000 0.000000
vn 0.000000 -1.000000 0.000000
vn 0.000000 -1.000000 0.000000
vn 0.000000 -1.000000 0.000000
vn 0.000000 -1.000000 0.000000
vn 0.000000 -1.000000 0.000000
vn 0.001619 -0.999997 -0.001619
vn 0.000000 -1.000000 0.000000
vn 0.000000 -1.000000 0.000000
vn 0.007904 -0.999907 -0.011141
vn 0.009908 -0.999532 -0.028946
vn 0.000000 -1.000000 0.000000
vn 0.000000 -1.000000 0.000000
vn 0.002980 -0.999121 -0.041818
vn -0.005408 -0.999209 -0.039394
vn 0.000000 -1.000000 0.000000
vn 0.000000 -1.000000 0.000000
vn -0.008143 -0.999632 -0.025858
vn -0.006118 -0.999914 -0.011602
vn 0.000000 -1.000000 0.000000
vn 0.000000 -1.000000 0.000000
vn -0.002742 -0.999992 -0.002742
vn 0.000000 -1.000000 0.000000
vn 0.000000 -1.000000 0.000000
vn 0.000000 -1.000000 0.000000
vn 0.000000 -1.000000 0.000000
vn 0.000000 -1.000000 0.000000
vn 1.000000 0.000000 0.000000
vn 1.000000 0.000000 0.000000
vn 1.000000 0.000000 0.000000
vn 1.000000 0.000000 0.000000
vn 0.105039 0.993747 0.037866
vn 0.039213 0.998858 0.027293
vn 0.004801 0.999981 0.003917
vn 0.014267 0.999883 0.005550
vn 0.274380 0.928019 0.251985
vn 0.158478 0.980666 0.114803
vn 0.252110 0.962083 0.104105
vn 0.415539 0.888215 0.195965
vn 0.374742 0.852984 0.363299
vn 0.286422 0.803866 0.521309
vn 0.364731 0.839122 0.403542
vn 0.492698 0.822351 0.284583
vn -0.196041 0.814000 0.546784
vn 0.060203 0.838840 0.541039
vn 0.069849 0.967823 0.241744
vn -0.263945 0.886993 0.378916
vn -0.459966 0.857728 0.229638
vn -0.332850 0.886654 0.321025
vn -0.333265 0.826798 0.453143
vn -0.445368 0.839828 0.310382
vn -0.075137 0.995775 0.052786
vn -0.247604 0.952485 0.177385
vn -0.359628 0.922010 0.143407
vn -0.175550 0.982444 0.063127
vn 0.000000 1.000000 0.000000
vn 0.000000 1.000000 0.000000
vn -0.011456 0.999901 0.008220
vn -0.029752 0.999506 0.010084
vn 0.020047 0.999662 -0.016577
vn 0.001245 0.999998 -0.001245
vn 0.000000 1.000000 0.000000
vn 0.004154 0.999983 -0.004154
vn 0.040012 0.997531 -0.057709
vn 0.137458 0.971615 -0.192537
vn 0.078937 0.993749 -0.078937
vn 0.016577 0.999662 -0.020047
vn 0.000000 0.939158 -0.343486
vn 0.107121 0.955117 -0.276183
vn 0.048695 0.989329 -0.137322
vn 0.000000 0.972615 -0.232421
vn -0.040012 0.997531 -0.057709
vn -0.137458 0.971614 -0.192537
vn -0.107121 0.955117 -0.276183
vn -0.048695 0.989329 -0.137322
vn -0.020047 0.999662 -0.016577
vn -0.078937 0.993749 -0.078937
vn -0.016577 0.999662 -0.020047
vn -0.004154 0.999983 -0.004154
vn 0.000000 1.000000 0.000000
vn 0.000000 1.000000 0.000000
vn -0.001245 0.999998 -0.001245
vn 0.000000 1.000000 0.000000
vn -0.527013 0.849857 0.000000
vn -0.296151 0.955141 0.000000
vn -0.225858 0.971247 0.075286
vn -0.283960 0.915824 0.283960
vn -0.623988 0.781434 0.000000
vn -0.623988 0.781434 0.000000
vn -0.335297 0.942112 0.000000
vn -0.335297 0.942112 0.000000
vn -0.839098 0.543980 0.000000
vn -0.771825 0.635835 0.000000
vn -0.771825 0.635835 0.000000
vn -0.839098 0.543980 0.000000
vn -1.000000 0.000000 0.000000
vn -1.000000 0.000000 0.000000
vn -1.000000 0.000000 0.000000
vn -1.000000 0.000000 0.000000
vn 0.838526 -0.544813 -0.007197
vn 0.483233 -0.487236 -0.727384
vn 0.771825 -0.635835 0.000000
vn 0.839098 -0.543980 0.000000
vn 0.335297 -0.942112 0.000000
vn 0.623988 -0.781434 0.000000
vn 0.421170 -0.678999 -0.601313
vn 0.245399 -0.862484 -0.442607
vn 0.297284 -0.954789 0.000000
vn 0.000000 -1.000000 0.000000
vn -0.075286 -0.971247 -0.225858
vn 0.227057 -0.970969 -0.075264
vn 0.001245 -0.999998 0.001245
vn 0.297284 -0.954789 0.000000
vn 0.297284 -0.954789 0.000000
vn 0.000000 -1.000000 0.000000
vn 0.072698 -0.994613 0.073893
vn 0.018816 -0.999696 0.015930
vn 0.003637 -0.999987 0.003637
vn 0.016256 -0.999654 0.020694
vn 0.106052 -0.956092 0.273204
vn 0.136497 -0.972010 0.191222
vn 0.085397 -0.977285 0.193963
vn 0.079001 -0.976112 0.202394
vn -0.106052 -0.956092 0.273204
vn 0.000000 -0.940242 0.340507
vn 0.000000 -0.966606 0.256267
vn -0.079001 -0.976112 0.202394
vn -0.074948 -0.994367 0.074948
vn -0.068549 -0.993567 0.090147
vn -0.037058 -0.998061 0.050015
vn -0.016226 -0.999679 0.019479
vn -0.001245 -0.999998 0.001245
vn -0.019479 -0.999679 0.016226
vn -0.003962 -0.999984 0.003962
vn 0.000000 -1.000000 0.000000
vn 0.011141 -0.999907 -0.007904
vn 0.000000 -1.000000 0.000000
vn 0.000000 -1.000000 0.000000
vn 0.028739 -0.999540 -0.009700
vn 0.245038 -0.953515 -0.175400
vn 0.248398 -0.962465 -0.109364
vn 0.256865 -0.960968 -0.102763
vn 0.354979 -0.924019 -0.142053
vn 0.330717 -0.827507 -0.453716
vn 0.327574 -0.889599 -0.318291
vn 0.456932 -0.859125 -0.230469
vn 0.447905 -0.836672 -0.315216
vn -0.070748 -0.832152 -0.550016
vn 0.194018 -0.811512 -0.551185
vn 0.264971 -0.882733 -0.388037
vn -0.084931 -0.964474 -0.250153
vn -0.364545 -0.842731 -0.396121
vn -0.295782 -0.801413 -0.519856
vn -0.390368 -0.844304 -0.367103
vn -0.497447 -0.819816 -0.283634
vn -0.149666 -0.977893 -0.146031
vn -0.261841 -0.934831 -0.239856
vn -0.405595 -0.893867 -0.191035
vn -0.272432 -0.949249 -0.157185
vn -0.002742 -0.999992 -0.002742
vn -0.031987 -0.999249 -0.021869
vn -0.090451 -0.995357 -0.032895
vn -0.009920 -0.999941 -0.004436
vn 1.000000 0.000000 0.000000
vn 1.000000 0.000000 0.000000
vn 1.000000 0.000000 0.000000
vn 1.000000 0.000000 0.000000
vn 0.017237 0.999753 -0.014004
vn 0.039213 0.998858 -0.027293
vn 0.004801 0.999981 -0.003917
vn 0.000442 1.000000 -0.000442
vn 0.274380 0.928019 -0.251985
vn 0.158478 0.980666 -0.114803
vn 0.056423 0.996811 -0.056423
vn 0.126418 0.977429 -0.169264
vn 0.185316 0.860262 -0.474982
vn 0.286422 0.803866 -0.521309
vn 0.364731 0.839122 -0.403542
vn 0.194539 0.924684 -0.327284
vn -0.196041 0.814000 -0.546784
vn 0.060202 0.838840 -0.541039
vn 0.047513 0.797278 -0.601740
vn -0.126207 0.848099 -0.514587
vn -0.183371 0.949890 -0.253148
vn -0.332850 0.886654 -0.321025
vn -0.333265 0.826798 -0.453143
vn -0.195048 0.894990 -0.401186
vn -0.075137 0.995775 -0.052786
vn -0.247604 0.952485 -0.177385
vn -0.102886 0.989358 -0.102886
vn -0.023619 0.999526 -0.019768
vn 0.000000 1.000000 0.000000
vn 0.000000 1.000000 0.000000
vn -0.011456 0.999901 -0.008220
vn -0.001619 0.999997 -0.001619
vn -0.000467 1.000000 -0.000467
vn 0.000000 1.000000 0.000000
vn -0.001558 0.999998 -0.001558
vn -0.007780 0.999923 -0.009659
vn -0.017783 0.998393 -0.053804
vn -0.002910 0.999959 -0.008587
vn -0.002371 0.999992 -0.003305
vn -0.015001 0.999613 -0.023424
vn 0.002910 0.999959 -0.008587
vn 0.000000 0.999934 -0.011497
vn 0.000000 0.996981 -0.077650
vn 0.017783 0.998393 -0.053804
vn 0.007780 0.999923 -0.009659
vn 0.000467 1.000000 -0.000467
vn 0.002371 0.999992 -0.003305
vn 0.015001 0.999613 -0.023424
vn 0.000000 1.000000 0.000000
vn 0.000000 1.000000 0.000000
vn 0.001558 0.999998 -0.001558
vn 0.002300 0.999995 0.002300
vn 0.014348 0.999001 0.042316
vn 0.000000 1.000000 0.000000
vn 0.000000 1.000000 0.000000
vn 0.011695 0.999799 0.016295
vn 0.000000 1.000000 0.000000
vn 0.000000 1.000000 0.000000
vn 0.000000 0.998395 0.056629
vn -0.014348 0.999001 0.042316
vn -0.002300 0.999995 0.002300
vn 0.000000 1.000000 0.000000
vn 0.000000 1.000000 0.000000
vn -0.011695 0.999799 0.016295
vn -0.000000 1.000000 0.000000
vn -0.000000 1.000000 0.000000
vn 0.000000 1.000000 0.000000
vn 0.000000 1.000000 0.000000
vn -1.000000 0.000000 0.000000
vn -1.000000 0.000000 0.000000
vn -1.000000 0.000000 0.000000
vn -1.000000 0.000000 0.000000
vn 0.000000 -1.000000 -0.000000
vn 0.000000 -1.000000 -0.000000
vn 0.000000 -1.000000 -0.000000
vn 0.000000 -1.000000 -0.000000
vn 0.000000 -1.000000 0.000000
vn 0.000000 -1.000000 0.000000
vn 0.002055 -0.999996 -0.002055
vn 0.011098 -0.999823 -0.015208
vn 0.000000 -1.000000 0.000000
vn 0.000000 -1.000000 0.000000
vn 0.013865 -0.999097 -0.040152
vn 0.000000 -0.998542 -0.053986
vn 0.000000 -1.000000 0.000000
vn 0.000000 -1.000000 0.000000
vn -0.013865 -0.999097 -0.040152
vn -0.011098 -0.999823 -0.015208
vn 0.000000 -1.000000 0.000000
vn 0.000000 -1.000000 0.000000
vn -0.002055 -0.999996 -0.002055
vn -0.001486 -0.999998 0.001486
vn -0.002281 -0.999992 0.003214
vn -0.000467 -1.000000 0.000467
vn -0.007630 -0.999927 0.009390
vn -0.014750 -0.999626 0.023045
vn 0.000000 -0.999939 0.011093
vn -0.002799 -0.999962 0.008294
vn -0.017343 -0.998463 0.052638
vn 0.000000 -0.997093 0.076189
vn 0.002281 -0.999992 0.003214
vn 0.002799 -0.999962 0.008294
vn 0.017343 -0.998463 0.052638
vn 0.014750 -0.999626 0.023045
vn 0.000000 -1.000000 0.000000
vn 0.000467 -1.000000 0.000467
vn 0.007630 -0.999927 0.009390
vn 0.001486 -0.999998 0.001486
vn 0.011141 -0.999907 0.007904
vn 0.000000 -1.000000 0.000000
vn 0.000000 -1.000000 0.000000
vn 0.001619 -0.999997 0.001619
vn 0.116708 -0.989193 0.088746
vn 0.067043 -0.996516 0.049610
vn 0.022941 -0.999550 0.019330
vn 0.098357 -0.990279 0.098357
vn 0.330717 -0.827507 0.453716
vn 0.327574 -0.889599 0.318291
vn 0.180205 -0.951463 0.249490
vn 0.189826 -0.899052 0.394553
vn -0.070747 -0.832152 0.550016
vn 0.194018 -0.811512 0.551185
vn 0.121700 -0.851126 0.510660
vn -0.054811 -0.797793 0.600435
vn -0.364545 -0.842731 0.396121
vn -0.295782 -0.801413 0.519856
vn -0.188793 -0.865589 0.463803
vn -0.190590 -0.930626 0.312427
vn -0.149666 -0.977893 0.146031
vn -0.261841 -0.934831 0.239856
vn -0.148550 -0.977438 0.150160
vn -0.145342 -0.978648 0.145342
vn -0.002742 -0.999992 0.002742
vn -0.031987 -0.999249 0.021869
vn -0.015306 -0.999807 0.012353
vn 0.000000 -1.000000 0.000000
vn 1.000000 0.000000 0.000000
vn 1.000000 0.000000 0.000000
vn 1.000000 0.000000 0.000000
vn 1.000000 0.000000 0.000000
vn 0.000000 1.000000 0.000000
vn 0.000000 1.000000 0.000000
vn 0.000000 1.000000 0.000000
vn 0.000000 1.000000 0.000000
vn 0.000000 1.000000 0.000000
vn 0.000000 1.000000 0.000000
vn 0.000000 1.000000 0.000000
vn 0.000000 1.000000 0.000000
vn 0.007152 0.999926 0.009849
vn 0.000000 1.000000 0.000000
vn 0.000000 1.000000 0.000000
vn 0.001349 0.999998 0.001349
vn -0.009547 0.999925 -0.007688
vn -0.000460 1.000000 -0.000460
vn 0.005389 0.999659 0.025569
vn -0.042799 0.998934 0.017271
vn -0.071667 0.994851 -0.071667
vn -0.051249 0.996129 -0.071419
vn -0.028543 0.999185 -0.028543
vn -0.073055 0.996417 -0.042608
vn 0.000000 0.990690 -0.136137
vn -0.062618 0.991325 -0.115558
vn -0.065080 0.991358 -0.113906
vn 0.000000 0.993087 -0.117384
vn 0.079366 0.992891 -0.088701
vn 0.067924 0.991334 -0.112438
vn 0.062618 0.991325 -0.115558
vn 0.062520 0.991228 -0.116443
vn -0.066327 0.996974 -0.040548
vn -0.024920 0.998766 -0.042969
vn -0.008259 0.998258 -0.058412
vn -0.066070 0.996987 -0.040636
vn -0.051287 0.998684 0.000000
vn -0.076952 0.994061 -0.076952
vn -0.117229 0.991027 -0.064215
vn -0.118397 0.992966 -0.000426
vn 0.076952 0.994061 -0.076952
vn 0.000000 0.998684 -0.051287
vn 0.000000 1.000000 0.000000
vn 0.051287 0.998684 0.000000
vn 0.138008 0.990431 0.000000
vn 0.117112 0.991084 -0.063542
vn 0.118053 0.990982 -0.063383
vn 0.118980 0.992897 -0.000000
vn 0.344032 0.908669 0.236564
vn 0.154308 0.986959 0.045834
vn 0.295064 0.951089 0.091468
vn 0.472560 0.862009 0.183381
vn 0.340776 0.866929 0.363739
vn 0.263005 0.830730 0.490628
vn 0.382708 0.840874 0.382708
vn 0.495681 0.824081 0.274211
vn -0.263005 0.830730 0.490628
vn 0.000000 0.863523 0.504309
vn -0.015571 0.962890 0.269445
vn -0.341473 0.875672 0.341460
vn -0.463489 0.867553 0.180360
vn -0.334661 0.911487 0.239154
vn -0.382709 0.840874 0.382708
vn -0.490654 0.830704 0.263039
vn -0.032571 0.999196 0.023376
vn -0.107597 0.991241 0.076579
vn -0.242968 0.965971 0.088696
vn -0.084379 0.996023 0.028610
vn -1.000000 0.000000 0.000000
vn -1.000000 0.000000 0.000000
vn -1.000000 0.000000 0.000000
vn -1.000000 0.000000 0.000000
vn 0.080087 -0.996404 -0.027655
vn 0.104324 -0.994338 -0.020191
vn 0.042579 -0.998647 -0.029851
vn 0.030400 -0.999292 -0.022184
vn 0.378919 -0.844299 -0.378919
vn 0.329098 -0.914489 -0.235383
vn 0.458022 -0.870824 -0.178556
vn 0.486345 -0.833853 -0.261068
vn 0.000000 -0.865942 -0.500145
vn 0.261028 -0.833885 -0.486313
vn 0.338880 -0.877685 -0.338866
vn 0.017174 -0.962085 -0.272209
vn -0.378919 -0.844299 -0.378919
vn -0.261028 -0.833885 -0.486314
vn -0.338429 -0.868047 -0.363262
vn -0.492005 -0.826675 -0.273020
vn -0.190444 -0.974477 -0.118852
vn -0.338207 -0.911804 -0.232873
vn -0.466946 -0.865431 -0.181634
vn -0.365210 -0.920262 -0.140501
vn -0.116990 -0.991144 0.062829
vn -0.129728 -0.991224 0.025416
vn -0.142396 -0.989802 -0.003839
vn -0.118028 -0.993010 0.000000
vn 0.000000 -0.998702 0.050936
vn -0.076328 -0.994157 0.076328
vn -0.050936 -0.998702 0.000000
vn 0.000000 -1.000000 0.000000
vn 0.116166 -0.991188 0.063661
vn 0.076328 -0.994157 0.076328
vn 0.050936 -0.998702 0.000000
vn 0.117456 -0.993078 0.000413
vn 0.024393 -0.998826 0.041853
vn 0.092196 -0.994360 0.052420
vn 0.110943 -0.993765 0.011071
vn 0.004822 -0.998430 0.055801
vn -0.040603 -0.993555 0.105826
vn -0.039847 -0.996519 0.073230
vn -0.078209 -0.993100 0.087385
vn -0.061973 -0.991385 0.115393
vn 0.040603 -0.993555 0.105826
vn 0.000000 -0.991571 0.129564
vn 0.000000 -0.993197 0.116445
vn 0.064028 -0.991489 0.113357
vn 0.027812 -0.999226 0.027812
vn 0.051031 -0.996120 0.071695
vn 0.099729 -0.992230 0.074395
vn 0.090954 -0.995141 0.037707
vn 0.000460 -1.000000 0.000460
vn 0.009281 -0.999929 0.007539
vn 0.042179 -0.998981 -0.016075
vn -0.005154 -0.999680 -0.024774
vn 0.000000 -1.000000 0.000000
vn 0.000000 -1.000000 0.000000
vn -0.006911 -0.999930 -0.009608
vn -0.001349 -0.999998 -0.001349
vn 0.000000 -1.000000 0.000000
vn 0.000000 -1.000000 0.000000
vn 0.000000 -1.000000 0.000000
vn 0.000000 -1.000000 0.000000
vn 0.000000 -1.000000 0.000000
vn 0.000000 -1.000000 0.000000
vn 0.000000 -1.000000 0.000000
vn 0.000000 -1.000000 0.000000
vn 1.000000 0.000000 0.000000
vn 1.000000 0.000000 0.000000
vn 1.000000 0.000000 0.000000
vn 1.000000 0.000000 0.000000
vn 0.000000 1.000000 0.000000
vn 0.000000 1.000000 0.000000
vn 0.000000 1.000000 0.000000
vn 0.000000 1.000000 0.000000
vn 0.065163 0.996839 0.045455
vn 0.009849 0.999926 0.007152
vn 0.025880 0.999626 0.008883
vn 0.154868 0.986379 0.055435
vn 0.335021 0.924939 0.179580
vn 0.259776 0.930071 0.259776
vn 0.217332 0.963694 0.155117
vn 0.309910 0.943120 0.120336
vn -0.041266 0.934183 0.354400
vn 0.169594 0.926054 0.337136
vn 0.219619 0.948505 0.228269
vn -0.018510 0.987594 0.155932
vn -0.400931 0.880590 0.252617
vn -0.353314 0.884883 0.303564
vn -0.269850 0.892576 0.361233
vn -0.286565 0.919991 0.267391
vn -0.251257 0.945639 0.206487
vn -0.282500 0.933023 0.222850
vn -0.355160 0.907672 0.223590
vn -0.252600 0.945450 0.205711
vn 0.029729 0.999161 -0.028165
vn 0.096240 0.994874 0.031029
vn 0.055967 0.995156 0.080821
vn 0.023966 0.995494 0.091743
vn 0.004691 0.999944 -0.009453
vn 0.069999 0.997055 -0.031338
vn 0.035358 0.996143 -0.080311
vn 0.037512 0.992165 -0.119166
vn 0.030760 0.998067 -0.054007
vn -0.047164 0.994674 0.091652
vn -0.021984 0.999726 -0.007983
vn 0.038146 0.994054 -0.101985
vn 0.022999 0.995525 0.091652
vn 0.019134 0.997052 0.074309
vn 0.036227 0.998650 0.037238
vn 0.034463 0.998781 0.035347
vn 0.154811 0.986536 0.052720
vn 0.124999 0.990292 0.060801
vn 0.055957 0.995541 0.075943
vn 0.043791 0.998364 0.036772
vn 0.522512 0.852621 -0.004383
vn 0.368389 0.927714 0.060297
vn 0.359346 0.931817 0.050865
vn 0.439133 0.898381 0.008598
vn 0.196278 0.938198 -0.285060
vn 0.274974 0.929272 -0.246664
vn 0.493443 0.860441 -0.127107
vn 0.389723 0.912600 -0.123603
vn -0.444535 0.842006 -0.305639
vn -0.113748 0.957681 -0.264402
vn -0.178502 0.919924 -0.349110
vn -0.425286 0.850168 -0.310397
vn -0.284878 0.952248 -0.109857
vn -0.420762 0.887228 -0.189172
vn -0.526874 0.808364 -0.262587
vn -0.469171 0.851682 -0.233487
vn -0.032571 0.999196 -0.023376
vn -0.121366 0.990334 -0.067153
vn -0.051238 0.998505 -0.019016
vn -0.004601 0.999979 -0.004601
vn -1.000000 0.000000 0.000000
vn -1.000000 0.000000 0.000000
vn -1.000000 0.000000 0.000000
vn -1.000000 0.000000 0.000000
vn 0.004111 -0.999983 0.004111
vn 0.033206 -0.999411 0.008642
vn 0.042579 -0.998647 0.029851
vn 0.030400 -0.999292 0.022184
vn 0.533863 -0.805772 0.256365
vn 0.419283 -0.888656 0.185723
vn 0.289646 -0.950467 0.112775
vn 0.475077 -0.847853 0.235473
vn 0.128150 -0.963468 0.235173
vn 0.459728 -0.837514 0.295330
vn 0.437126 -0.841924 0.316361
vn 0.187996 -0.914434 0.358425
vn -0.505732 -0.853970 0.122353
vn -0.281268 -0.930322 0.235349
vn -0.204608 -0.933606 0.294135
vn -0.404146 -0.903861 0.140361
vn -0.372549 -0.925941 -0.061972
vn -0.543116 -0.839534 0.014398
vn -0.437693 -0.899001 -0.014930
vn -0.360012 -0.931670 -0.048803
vn -0.055577 -0.995553 -0.076060
vn -0.118330 -0.991199 -0.059347
vn -0.063674 -0.997833 -0.016582
vn -0.042547 -0.998455 -0.035743
vn -0.004261 -0.992020 -0.126011
vn -0.044202 -0.993566 -0.104270
vn -0.033418 -0.998843 -0.034593
vn -0.035362 -0.998705 -0.036583
vn 0.022017 -0.999727 0.007883
vn 0.022119 -0.996674 -0.078431
vn -0.048287 -0.998784 0.009909
vn -0.037757 -0.994146 0.101232
vn -0.068160 -0.997202 0.030711
vn -0.004490 -0.999947 0.009211
vn -0.036589 -0.992288 0.118432
vn -0.034362 -0.996261 0.079262
vn -0.057859 -0.995088 -0.080323
vn -0.095998 -0.994856 -0.032328
vn -0.029081 -0.999183 0.028056
vn -0.026154 -0.995469 -0.091419
vn 0.273132 -0.937234 -0.216777
vn 0.051192 -0.994889 -0.087034
vn 0.156023 -0.974282 -0.162578
vn 0.242219 -0.948565 -0.203850
vn 0.271586 -0.893130 -0.358553
vn 0.351610 -0.886586 -0.300559
vn 0.399422 -0.881055 -0.253386
vn 0.287870 -0.919533 -0.267562
vn -0.168122 -0.927268 -0.334529
vn 0.043218 -0.934870 -0.352349
vn 0.019471 -0.987634 -0.155566
vn -0.217847 -0.949274 -0.226762
vn -0.215804 -0.964185 -0.154194
vn -0.257431 -0.931375 -0.257431
vn -0.332462 -0.926109 -0.178302
vn -0.306595 -0.944357 -0.119117
vn -0.009608 -0.999930 -0.006911
vn -0.057134 -0.997455 -0.042646
vn -0.063883 -0.997874 -0.012894
vn -0.025061 -0.999649 -0.008547
vn 0.000000 -1.000000 0.000000
vn 0.000000 -1.000000 0.000000
vn 0.000000 -1.000000 0.000000
vn 0.000000 -1.000000 0.000000
vn 1.000000 0.000000 0.000000
vn 1.000000 0.000000 0.000000
vn 1.000000 0.000000 0.000000
vn 1.000000 0.000000 0.000000
vn 0.000000 1.000000 0.000000
vn 0.000000 1.000000 0.000000
vn 0.000000 1.000000 0.000000
vn 0.000000 1.000000 0.000000
vn 0.065163 0.996839 -0.045455
vn 0.009849 0.999926 -0.007152
vn 0.001349 0.999998 -0.001349
vn 0.022050 0.999591 -0.018219
vn 0.155117 0.963694 -0.217332
vn 0.259776 0.930071 -0.259776
vn 0.217331 0.963694 -0.155117
vn 0.089860 0.991892 -0.089860
vn 0.000000 0.941072 -0.338208
vn 0.179580 0.924939 -0.335021
vn 0.120336 0.943120 -0.309910
vn 0.000000 0.923172 -0.384386
vn -0.155117 0.963694 -0.217332
vn -0.263335 0.930460 -0.254751
vn -0.180443 0.925059 -0.334226
vn -0.120336 0.943120 -0.309910
vn -0.144622 0.989049 -0.029445
vn -0.232247 0.961581 -0.146364
vn -0.104241 0.990691 -0.087551
vn -0.104685 0.994503 0.001964
vn -0.140772 0.987154 0.075568
vn -0.140460 0.990085 0.001344
vn -0.161217 0.986880 0.008734
vn -0.139035 0.987323 0.076569
vn 0.000000 1.000000 -0.000000
vn -0.060172 0.998188 0.000059
vn -0.092016 0.991497 0.092016
vn -0.000000 0.998184 0.060231
vn 0.140772 0.987154 0.075568
vn 0.141499 0.989938 0.000000
vn 0.060231 0.998185 -0.000000
vn 0.092016 0.991497 0.092016
vn 0.095409 0.995438 -0.000000
vn 0.119665 0.992814 -0.000000
vn 0.117834 0.992852 0.018998
vn 0.064030 0.997717 0.021458
vn 0.020790 0.999635 -0.017233
vn 0.061072 0.997229 -0.042477
vn 0.023069 0.999711 -0.006689
vn 0.011585 0.999931 0.002164
vn 0.244060 0.938546 -0.244060
vn 0.203131 0.968350 -0.145038
vn 0.083612 0.992984 -0.083612
vn 0.145038 0.968350 -0.203131
vn 0.000000 0.932454 -0.361290
vn 0.000000 0.948328 -0.317293
vn 0.168903 0.933939 -0.315009
vn 0.112807 0.950131 -0.290733
vn -0.244060 0.938546 -0.244060
vn -0.168903 0.933939 -0.315009
vn -0.112807 0.950131 -0.290733
vn -0.145038 0.968350 -0.203131
vn -0.020790 0.999635 -0.017233
vn -0.061072 0.997229 -0.042477
vn -0.203131 0.968350 -0.145038
vn -0.083612 0.992984 -0.083612
vn 0.000000 1.000000 0.000000
vn -0.009326 0.999934 -0.006691
vn -0.001318 0.999998 -0.001318
vn 0.000000 1.000000 0.000000
vn -1.000000 0.000000 0.000000
vn -1.000000 0.000000 0.000000
vn -1.000000 0.000000 0.000000
vn -1.000000 0.000000 0.000000
vn 0.000000 -1.000000 0.000000
vn 0.001318 -0.999998 0.001318
vn 0.009069 -0.999938 0.006434
vn 0.000000 -1.000000 0.000000
vn 0.095346 -0.992800 0.072503
vn 0.053299 -0.997798 0.039480
vn 0.020200 -0.999654 0.016865
vn 0.079526 -0.993656 0.079526
vn 0.167598 -0.935021 0.312484
vn 0.241814 -0.939708 0.241814
vn 0.143968 -0.968817 0.201661
vn 0.111695 -0.951207 0.287628
vn -0.167598 -0.935021 0.312484
vn -0.000000 -0.949099 0.314977
vn -0.000000 -0.933643 0.358206
vn -0.111695 -0.951207 0.287628
vn -0.201661 -0.968817 0.143968
vn -0.241814 -0.939708 0.241814
vn -0.143968 -0.968817 0.201661
vn -0.195426 -0.961050 0.195426
vn -0.022300 -0.999731 0.006433
vn -0.053299 -0.997798 0.039480
vn -0.020200 -0.999654 0.016865
vn -0.011220 -0.999935 -0.002016
vn -0.157513 -0.987517 -0.000000
vn -0.093529 -0.995617 -0.000000
vn -0.062750 -0.997810 -0.020934
vn -0.127738 -0.990590 -0.049129
vn -0.059813 -0.998210 0.000000
vn -0.140371 -0.990099 -0.000000
vn -0.139493 -0.987387 -0.074894
vn -0.091275 -0.991634 -0.091275
vn 0.059754 -0.998213 -0.000059
vn 0.000000 -1.000000 0.000000
vn 0.000000 -0.998210 -0.059813
vn 0.091275 -0.991634 -0.091275
vn 0.155668 -0.987798 -0.004787
vn 0.139343 -0.990243 -0.001334
vn 0.139493 -0.987387 -0.074894
vn 0.130058 -0.990402 -0.046775
vn 0.127993 -0.989071 0.073184
vn 0.135671 -0.990396 0.026617
vn 0.102213 -0.994760 -0.002029
vn 0.099701 -0.991524 0.083306
vn 0.179165 -0.926228 0.331664
vn 0.260828 -0.931762 0.252562
vn 0.154194 -0.964185 0.215804
vn 0.119117 -0.944357 0.306596
vn -0.178302 -0.926109 0.332462
vn 0.000000 -0.941996 0.335624
vn 0.000000 -0.924443 0.381320
vn -0.119117 -0.944357 0.306596
vn -0.215804 -0.964185 0.154194
vn -0.257431 -0.931375 0.257431
vn -0.154194 -0.964185 0.215804
vn -0.209090 -0.955281 0.209090
vn -0.009608 -0.999930 0.006911
vn -0.057134 -0.997455 0.042646
vn -0.021242 -0.999616 0.017776
vn -0.001349 -0.999998 0.001349
vn 0.000000 -1.000000 0.000000
vn 0.000000 -1.000000 0.000000
vn 0.000000 -1.000000 0.000000
vn 0.000000 -1.000000 0.000000
vn 1.000000 0.000000 0.000000
vn 1.000000 0.000000 0.000000
vn 1.000000 0.000000 0.000000
vn 1.000000 0.000000 0.000000
vn 0.000000 1.000000 0.000000
vn 0.000000 1.000000 0.000000
vn 0.000000 1.000000 0.000000
vn 0.000000 1.000000 0.000000
vn 0.000000 1.000000 0.000000
vn 0.000000 1.000000 0.000000
vn 0.000000 1.000000 0.000000
vn 0.000000 1.000000 0.000000
vn 0.000000 1.000000 0.000000
vn 0.000000 1.000000 0.000000
vn 0.000000 1.000000 0.000000
vn 0.000000 1.000000 0.000000
vn 0.000000 1.000000 0.000000
vn 0.000000 1.000000 0.000000
vn 0.000000 1.000000 0.000000
vn 0.000000 1.000000 0.000000
vn 0.000000 1.000000 0.000000
vn 0.000000 1.000000 0.000000
vn 0.000000 1.000000 0.000000
vn 0.000000 1.000000 0.000000
vn 0.000000 1.000000 0.000000
vn 0.000000 1.000000 0.000000
vn 0.000000 1.000000 0.000000
vn 0.000000 1.000000 0.000000
vn 0.000000 1.000000 0.000000
vn -0.002836 0.999988 0.003950
vn -0.000557 1.000000 0.000557
vn 0.000000 1.000000 0.000000
vn 0.000000 0.999905 0.013748
vn -0.003481 0.999941 0.010267
vn 0.000000 1.000000 0.000000
vn 0.000000 1.000000 0.000000
vn 0.000000 1.000000 0.000000
vn 0.002836 0.999988 0.003950
vn 0.003481 0.999941 0.010267
vn 0.000000 1.000000 0.000000
vn 0.000000 1.000000 0.000000
vn 0.000557 1.000000 0.000557
vn 0.000000 1.000000 0.000000
vn 0.000000 1.000000 0.000000
vn 0.000000 1.000000 0.000000
vn 0.000000 1.000000 0.000000
vn 0.000000 1.000000 0.000000
vn 0.000000 1.000000 0.000000
vn 0.000000 1.000000 0.000000
vn 0.000000 1.000000 0.000000
vn 0.000000 1.000000 0.000000
vn 0.000000 1.000000 0.000000
vn 0.000000 1.000000 0.000000
vn 0.000000 1.000000 0.000000
vn 0.000000 1.000000 0.000000
vn 0.000000 1.000000 0.000000
vn 0.000000 1.000000 0.000000
vn 0.000000 1.000000 0.000000
vn 0.000000 1.000000 0.000000
vn 0.000000 1.000000 0.000000
vn 0.000000 1.000000 0.000000
vn 0.000000 1.000000 0.000000
vn 0.000000 1.000000 0.000000
vn 0.000000 1.000000 0.000000
vn 0.000000 1.000000 0.000000
vn 0.000000 1.000000 0.000000
vn 0.000000 1.000000 0.000000
vn 0.000000 1.000000 0.000000
vn -1.000000 0.000000 0.000000
vn -1.000000 0.000000 0.000000
vn -1.000000 0.000000 0.000000
vn -1.000000 0.000000 0.000000
vn 0.000000 -1.000000 0.000000
vn 0.000000 -1.000000 0.000000
vn 0.000000 -1.000000 0.000000
vn 0.000000 -1.000000 0.000000
vn 0.000000 -1.000000 0.000000
vn 0.000000 -1.000000 0.000000
vn 0.000000 -1.000000 0.000000
vn 0.000000 -1.000000 0.000000
vn 0.000000 -1.000000 0.000000
vn 0.000000 -1.000000 0.000000
vn 0.000000 -1.000000 0.000000
vn 0.000000 -1.000000 0.000000
vn 0.000000 -1.000000 0.000000
vn 0.000000 -1.000000 0.000000
vn 0.000000 -1.000000 0.000000
vn 0.000000 -1.000000 0.000000
vn 0.000000 -1.000000 0.000000
vn 0.000000 -1.000000 0.000000
vn 0.000000 -1.000000 0.000000
vn 0.000000 -1.000000 0.000000
vn 0.000000 -1.000000 0.000000
vn 0.000000 -1.000000 0.000000
vn 0.000000 -1.000000 0.000000
vn 0.000000 -1.000000 0.000000
vn -0.000557 -1.000000 -0.000557
vn 0.000000 -1.000000 0.000000
vn 0.000000 -1.000000 0.000000
vn 0.000000 -1.000000 0.000000
vn -0.003334 -0.999945 -0.009902
vn -0.002727 -0.999989 -0.003842
vn 0.000000 -1.000000 0.000000
vn 0.000000 -1.000000 0.000000
vn 0.003334 -0.999945 -0.009902
vn 0.000000 -0.999912 -0.013235
vn 0.000000 -1.000000 0.000000
vn 0.000000 -1.000000 0.000000
vn 0.000557 -1.000000 -0.000557
vn 0.002727 -0.999989 -0.003842
vn 0.000000 -1.000000 0.000000
vn 0.000000 -1.000000 0.000000
vn 0.000000 -1.000000 0.000000
vn 0.000000 -1.000000 0.000000
vn 0.000000 -1.000000 0.000000
vn 0.000000 -1.000000 0.000000
vn 0.000000 -1.000000 0.000000
vn 0.000000 -1.000000 0.000000
vn 0.000000 -1.000000 0.000000
vn 0.000000 -1.000000 0.000000
vn 0.000000 -1.000000 0.000000
vn 0.000000 -1.000000 0.000000
vn 0.000000 -1.000000 0.000000
vn 0.000000 -1.000000 0.000000
vn 0.000000 -1.000000 0.000000
vn 0.000000 -1.000000 0.000000
vn 0.000000 -1.000000 0.000000
vn 0.000000 -1.000000 0.000000
vn 0.000000 -1.000000 0.000000
vn 0.000000 -1.000000 0.000000
vn 0.000000 -1.000000 0.000000
vn 0.000000 -1.000000 0.000000
vn 0.000000 -1.000000 0.000000
vn 0.000000 -1.000000 0.000000
vn 0.000000 -1.000000 0.000000
vn 0.000000 -1.000000 0.000000
vn 1.000000 0.000000 0.000000
vn 1.000000 0.000000 0.000000
vn 1.000000 0.000000 0.000000
vn 1.000000 0.000000 0.000000
vn 0.059280 -0.998169 0.012057
vn 0.087236 -0.996047 0.016768
vn 0.201773 -0.973750 0.105347
vn 0.193480 -0.975682 0.103005
vn 0.439360 -0.898311 0.000000
vn 0.352263 -0.925566 0.138705
vn 0.173447 -0.976888 -0.124923
vn 0.348091 -0.926437 -0.143339
vn 0.028823 -0.999169 -0.028823
vn 0.012354 -0.999847 -0.012354
vn 0.000000 1.000000 0.000000
vn 0.000000 1.000000 0.000000
vn 0.000000 1.000000 0.000000
vn 0.000000 1.000000 0.000000
vn 0.000000 1.000000 0.000000
vn 0.000000 1.000000 0.000000
vn 0.201661 -0.968817 0.143968
vn 0.195426 -0.961050 0.195426
vn -0.123364 -0.978760 -0.163739
vn -0.150867 -0.978310 -0.141950
vn 0.055838 -0.998374 0.011445
vn 0.048949 -0.998114 0.037060
vn 0.055838 -0.998374 -0.011445
vn 0.059043 -0.998255 0.000000
vn 0.149911 0.988514 0.019168
vn 0.182353 0.982828 0.028231
vn 0.208924 0.977352 0.033660
vn 0.142237 0.988339 0.054358
vn -0.095347 -0.992800 0.072503
vn -0.079526 -0.993656 0.079526
vn -0.270192 -0.962806 -0.000000
vn -0.213216 -0.973413 0.083701
vn -0.218897 -0.971886 -0.086729
vn -0.225403 -0.970908 -0.080815
vn -0.196081 -0.980131 -0.029933
vn -0.183566 -0.981440 -0.055485
vn -0.128947 -0.991628 -0.006855
vn -0.200422 -0.979167 -0.032608
vn 0.067270 -0.993769 0.088872
vn 0.034695 -0.998257 0.047740
vn 0.185388 -0.965019 -0.185388
vn 0.190021 -0.972240 -0.136536
vn 0.091671 0.991561 -0.091671
vn 0.068859 0.991093 -0.113985
vn 0.016609 0.998131 0.058808
vn 0.051114 0.998681 -0.004924
vn 0.139035 0.987323 -0.076569
vn 0.135841 0.987332 -0.081991
vn 0.139035 0.987323 0.076569
vn 0.164413 0.986391 0.000000
vn 0.086697 0.992455 0.086697
vn 0.062241 0.994280 0.086791
vn -0.136497 -0.972010 0.191222
vn -0.085397 -0.977285 0.193963
vn -0.072660 0.994706 -0.072660
vn -0.051976 0.996018 -0.072435
vn -0.116551 0.991098 -0.064352
vn -0.114478 0.993380 -0.009500
vn -0.202394 -0.976112 0.079001
vn -0.193963 -0.977285 0.085397
vn -0.202394 -0.976112 -0.079001
vn -0.256267 -0.966606 0.000000
vn -0.074948 -0.994367 -0.074948
vn -0.090147 -0.993567 -0.068549
vn 0.039158 0.996553 -0.073131
vn 0.048842 0.995930 -0.075752
vn -0.109195 0.988005 0.109195
vn -0.081991 0.987332 0.135841
vn -0.053482 0.994579 0.089179
vn -0.074943 0.990092 0.118751
vn -0.146154 0.989092 0.018318
vn -0.143913 0.988493 0.046583
vn -0.122794 0.992334 0.013966
vn -0.142135 0.989801 -0.009530
vn 0.136459 -0.989430 -0.049065
vn 0.143993 -0.989574 -0.002995
vn 0.076686 -0.997055 -0.000000
vn 0.073491 -0.997189 0.014580
vn 0.067043 -0.996516 -0.049610
vn 0.073491 -0.997189 -0.014580
vn -0.067924 0.991334 -0.112438
vn -0.101740 0.992054 -0.074007
vn -0.148177 0.988860 -0.014123
vn -0.191398 0.979470 0.063293
vn 0.230024 -0.962230 0.145613
vn 0.209090 -0.955281 0.209090
vn 0.389400 -0.880034 -0.271861
vn 0.350274 -0.909550 -0.223667
vn 0.245038 -0.953515 0.175400
vn 0.237839 -0.941735 0.237839
vn 0.049610 -0.996516 -0.067043
vn 0.088746 -0.989193 -0.116708
vn 0.138812 -0.952588 -0.270753
vn 0.229315 -0.924953 -0.303110
vn -0.096703 -0.970850 -0.219314
vn -0.154194 -0.964185 -0.215804
vn -0.102081 -0.991714 0.077996
vn -0.085499 -0.992663 0.085499
vn -0.288580 -0.957456 -0.000000
vn -0.227757 -0.969534 0.090170
vn -0.219314 -0.970850 -0.096703
vn -0.227757 -0.969534 -0.090170
vn -0.045827 -0.994832 -0.090606
vn -0.083489 -0.983719 -0.159145
vn -0.133518 -0.989196 0.060535
vn -0.042270 -0.998212 0.042270
vn -0.190738 -0.981641 0.000000
vn -0.188724 -0.981590 0.029392
vn -0.133518 -0.989196 -0.060535
vn -0.188724 -0.981590 -0.029392
vn 0.000000 1.000000 0.000000
vn 0.000000 1.000000 0.000000
vn 0.000000 1.000000 0.000000
vn 0.000000 1.000000 0.000000
vn 0.000000 1.000000 0.000000
vn 0.000000 1.000000 0.000000
vn 0.000000 1.000000 0.000000
vn 0.000000 1.000000 0.000000
vn 0.000000 1.000000 0.000000
vn 0.000000 1.000000 0.000000
vn 0.000000 1.000000 0.000000
vn 0.000000 1.000000 0.000000
vn 0.000000 1.000000 0.000000
vn 0.000000 1.000000 0.000000
vn 0.000000 1.000000 0.000000
vn 0.000000 1.000000 0.000000
vn 0.000000 1.000000 0.000000
vn 0.000000 1.000000 0.000000
vn 0.000000 1.000000 0.000000
vn 0.000000 1.000000 0.000000
vn 0.000000 1.000000 0.000000
vn 0.000000 1.000000 0.000000
vn 0.000000 1.000000 0.000000
vn 0.000000 1.000000 0.000000
vn 0.000000 1.000000 0.000000
vn 0.000000 1.000000 0.000000
vn 0.000000 1.000000 0.000000
vn 0.000000 1.000000 0.000000
vn 0.000000 1.000000 0.000000
vn 0.000000 1.000000 0.000000
vn 0.000000 1.000000 0.000000
vn 0.000000 1.000000 0.000000
vn 0.000000 0.000000 -1.000000
vn 0.000000 0.000000 -1.000000
vn 0.000000 -1.000000 0.000000
vn 0.000000 -1.000000 0.000000
vn 0.000000 -1.000000 0.000000
vn 0.000000 -1.000000 0.000000
vn 0.000000 -1.000000 0.000000
vn 0.000000 -1.000000 0.000000
vn 0.000000 -1.000000 0.000000
vn 0.000000 -1.000000 0.000000
vn 0.000000 -1.000000 0.000000
vn 0.000000 -1.000000 0.000000
vn 0.000000 -1.000000 0.000000
vn 0.000000 -1.000000 0.000000
vn 0.000000 -1.000000 0.000000
vn 0.000000 -1.000000 0.000000
vn 0.000000 -1.000000 0.000000
vn 0.000000 -1.000000 0.000000
vn 0.000000 -1.000000 0.000000
vn 0.000000 -1.000000 0.000000
vn 0.000000 -1.000000 0.000000
vn 0.000000 -1.000000 0.000000
vn 0.000000 -1.000000 0.000000
vn 0.000000 -1.000000 0.000000
vn 0.000000 -1.000000 0.000000
vn 0.000000 -1.000000 0.000000
vn 0.000000 -1.000000 0.000000
vn 0.000000 -1.000000 0.000000
vn 0.000000 -1.000000 0.000000
vn 0.000000 -1.000000 0.000000
vn 0.000000 -1.000000 0.000000
vn 0.000000 -1.000000 0.000000
vn 0.000000 -1.000000 0.000000
vn 0.000000 -1.000000 0.000000
vn 0.000000 0.000000 1.000000
vn 0.000000 0.000000 1.000000
vn 0.067270 -0.993769 -0.088872
vn 0.079001 -0.976112 -0.202394
vn 0.085397 -0.977285 -0.193963
vn 0.000000 -0.966606 -0.256267
vn -0.079001 -0.976112 -0.202394
vn -0.085397 -0.977285 -0.193963
vn -0.068549 -0.993567 -0.090147
vn -0.335297 0.942112 0.000000
vn 0.000000 1.000000 0.000000
vn -0.623988 0.781434 0.000000
vn -0.771825 0.635835 0.000000
vn -0.839098 0.543980 0.000000
vn -1.000000 0.000000 0.000000
vn -1.000000 0.000000 0.000000
vn 0.191514 -0.977764 -0.085439
vn -0.193963 -0.977285 -0.085397
vn 0.015335 -0.997121 -0.074265
vn 0.001524 -0.996252 -0.086484
vn -0.004535 -0.996220 -0.086750
vn -0.018338 -0.997794 -0.063804
vn 0.087581 -0.993795 0.068565
vn 0.185388 -0.965020 0.185388
vn -0.185388 -0.965020 0.185388
vn -0.090147 -0.993567 0.068549
vn 0.116708 -0.989193 -0.088746
vn 0.237839 -0.941735 -0.237839
vn -0.148550 -0.977438 -0.150160
vn -0.145342 -0.978648 -0.145342
vn -0.176928 0.747388 0.640397
vn -0.212492 0.480556 0.850830
vn -0.237675 0.308671 0.920995
vn -0.237728 0.308234 0.921128
vn -1.000000 0.000000 0.000000
vn -1.000000 0.000000 0.000000
vn 0.011445 -0.998374 0.055838
vn 0.000000 -0.998255 0.059043
vn -0.011445 -0.998374 0.055838
vn 0.248398 -0.962465 0.109364
vn -0.016122 0.995010 -0.098469
vn 0.000000 0.994956 -0.100315
vn 0.016122 0.995010 -0.098469
vn 0.029851 -0.998647 -0.042579
vn 0.020191 -0.994338 -0.104324
vn 0.000000 -0.994205 -0.107504
vn -0.020191 -0.994338 -0.104324
vn -0.029851 -0.998647 -0.042579
vn 0.088746 -0.989193 0.116708
vn 0.118638 -0.959054 0.257180
vn 0.116416 -0.955594 0.270716
vn 0.061157 -0.907284 0.416048
vn -0.056095 -0.896410 0.439662
vn -0.117798 -0.940451 0.318866
vn -0.121078 -0.943761 0.307660
vn -0.081624 -0.984648 0.154290
vn -0.083490 -0.983719 0.159145
vn -0.015922 0.995148 -0.097095
vn -0.000000 0.995093 -0.098943
vn 0.015922 0.995148 -0.097095
vn -0.113985 0.991093 -0.068859
vn 0.113985 0.991093 -0.068859
vn 0.163739 -0.978760 -0.123364
vn -0.174327 -0.977813 -0.116151
vn -0.135300 0.990215 -0.034175
vn -0.135300 0.990215 -0.034175
vn 0.029153 0.998771 -0.040094
vn 0.011371 -0.998351 -0.056266
vn -0.003612 -0.998380 -0.056790
vn -0.310826 0.920265 0.237696
vn -0.145390 0.981985 0.120690
vn 0.001574 0.990578 0.136944
vn 0.063542 0.991084 0.117112
vn 0.068859 0.991093 0.113985
vn 0.077841 0.993922 0.077841
vn -0.180300 -0.981621 -0.062541
vn 0.305798 -0.923583 -0.231263
vn 0.312297 -0.891327 -0.328643
vn -0.209090 -0.955281 -0.209090
vn -0.102081 -0.991714 -0.077996
vn -0.081971 0.989676 0.117564
vn 0.082874 0.994503 -0.064006
vn 0.091059 -0.995689 0.017643
vn 0.305056 -0.936730 -0.171691
vn 0.204757 -0.974653 0.090149
vn -0.204757 -0.974653 0.090149
vn 0.247524 -0.965617 0.079474
vn -0.219314 -0.970850 0.096703
vn -0.135841 0.987332 0.081991
vn 0.135841 0.987332 0.081991
vn 0.072503 -0.992800 0.095347
vn 0.090150 -0.974653 0.204757
vn 0.083701 -0.973413 0.213216
vn 0.000000 -0.962806 0.270192
vn -0.083701 -0.973413 0.213216
vn -0.090150 -0.974653 0.204757
vn -0.072503 -0.992800 0.095347
vn 0.077996 -0.991714 0.102081
vn 0.096703 -0.970850 0.219314
vn 0.090170 -0.969534 0.227757
vn 0.000000 -0.957456 0.288580
vn -0.090170 -0.969534 0.227757
vn -0.096703 -0.970850 0.219314
vn -0.077996 -0.991714 0.102081
vn 0.000000 1.000000 0.000000
vn 0.000000 1.000000 0.000000
vn 0.000000 1.000000 0.000000
vn 0.000000 1.000000 0.000000
vn 0.000000 1.000000 0.000000
vn 0.000000 1.000000 0.000000
vn 0.000000 1.000000 0.000000
vn 0.000000 1.000000 0.000000
vn 0.000000 1.000000 0.000000
vn 0.000000 1.000000 0.000000
vn 0.000000 1.000000 0.000000
vn 0.000000 1.000000 0.000000
vn -0.001864 0.999996 0.001864
vn -0.009045 0.999896 0.011199
vn -0.017782 0.999469 0.027297
vn -0.021458 0.997717 0.064030
vn -0.018998 0.992852 0.117834
vn -0.000000 0.992814 0.119665
vn -0.000000 0.995438 0.095409
vn 0.021458 0.997717 0.064030
vn 0.018997 0.992852 0.117834
vn 0.017782 0.999469 0.027297
vn 0.009045 0.999896 0.011199
vn 0.001864 0.999996 0.001864
vn 0.000000 1.000000 0.000000
vn 0.000000 1.000000 0.000000
vn 0.000000 1.000000 0.000000
vn 0.000000 1.000000 0.000000
vn 0.000000 1.000000 0.000000
vn 0.000000 1.000000 0.000000
vn 0.000000 1.000000 0.000000
vn 0.000000 1.000000 0.000000
vn 0.000000 1.000000 0.000000
vn 0.000000 1.000000 0.000000
vn 0.000000 1.000000 0.000000
vn 0.000000 1.000000 0.000000
vn -1.000000 0.000000 0.000000
vn -1.000000 0.000000 0.000000
vn 0.000000 -1.000000 0.000000
vn 0.000000 -1.000000 0.000000
vn 0.000000 -1.000000 0.000000
vn 0.000000 -1.000000 0.000000
vn 0.000000 -1.000000 0.000000
vn 0.000000 -1.000000 0.000000
vn 0.000000 -1.000000 0.000000
vn 0.000000 -1.000000 0.000000
vn 0.000000 -1.000000 0.000000
vn 0.000000 -1.000000 0.000000
vn 0.000000 -1.000000 0.000000
vn 0.000000 -1.000000 0.000000
vn -0.001777 -0.999997 -0.001777
vn -0.008869 -0.999901 -0.010888
vn -0.017481 -0.999487 -0.026836
vn -0.020934 -0.997810 -0.062750
vn 0.000000 -0.995616 -0.093529
vn 0.020934 -0.997810 -0.062750
vn 0.017481 -0.999487 -0.026836
vn 0.008869 -0.999901 -0.010888
vn 0.001777 -0.999997 -0.001777
vn 0.000000 -1.000000 0.000000
vn 0.000000 -1.000000 0.000000
vn 0.000000 -1.000000 0.000000
vn 0.000000 -1.000000 0.000000
vn 0.000000 -1.000000 0.000000
vn 0.000000 -1.000000 0.000000
vn 0.000000 -1.000000 0.000000
vn 0.000000 -1.000000 0.000000
vn 0.000000 -1.000000 0.000000
vn 0.000000 -1.000000 0.000000
vn 0.000000 -1.000000 0.000000
vn 0.000000 -1.000000 0.000000
vn 1.000000 0.000000 0.000000
vn 1.000000 0.000000 0.000000
vn 0.000000 0.000000 0.000000
vn 0.000000 0.000000 0.000000
vn 0.000000 0.000000 0.000000
vn 0.000000 0.000000 0.000000
vn 0.000000 0.000000 0.000000
vn 0.000000 0.000000 0.000000
vn 0.000000 0.000000 0.000000
vn 0.000000 0.000000 0.000000
vn 0.000000 0.000000 0.000000
vn 0.000000 0.000000 0.000000
vn 0.000000 0.000000 0.000000
vn 0.000000 0.000000 0.000000
vn 0.000000 0.000000 0.000000
vn 0.000000 0.000000 0.000000
vn 0.000000 0.000000 0.000000
vn 0.000000 0.000000 0.000000
vn 0.000000 0.000000 0.000000
vn 0.000000 0.000000 0.000000
vn 0.000000 0.000000 0.000000
vn 0.000000 0.000000 0.000000
vn 0.000000 0.000000 0.000000
vn 0.000000 0.000000 0.000000
vn 0.000000 0.000000 0.000000
vn 0.000000 0.000000 0.000000
vn 0.000000 0.000000 0.000000
vn 0.000000 0.000000 0.000000
vn 0.000000 0.000000 0.000000
vn 0.000000 0.000000 0.000000
vn 0.000000 0.000000 0.000000
vn 0.000000 0.000000 0.000000
vn 0.000000 0.000000 0.000000
vn 0.000000 0.000000 0.000000
vn 0.000000 0.000000 0.000000
vn 0.000000 0.000000 0.000000
vn 0.000000 0.000000 0.000000
vn 0.000000 0.000000 0.000000
vn 0.000000 0.000000 0.000000
vn 0.000000 0.000000 0.000000
vn 0.000000 0.000000 0.000000
vn 0.000000 0.000000 0.000000
vn 0.000000 0.000000 0.000000
vn 0.000000 0.000000 0.000000
vn 0.000000 0.000000 0.000000
vn 0.000000 0.000000 0.000000
vn 0.000000 0.000000 0.000000
vn 0.000000 0.000000 0.000000
vn 0.000000 0.000000 0.000000
vn 0.000000 0.000000 0.000000
vn 0.000000 0.000000 0.000000
vn 0.000000 0.000000 0.000000
vn 0.000000 0.000000 0.000000
vn 0.000000 0.000000 0.000000
vn 0.000000 0.000000 0.000000
vn 0.000000 0.000000 0.000000
vn 0.000000 0.000000 0.000000
vn 0.000000 0.000000 0.000000
vn 0.000000 0.000000 0.000000
vn 0.000000 0.000000 0.000000
vn 0.000000 0.000000 0.000000
vn 0.000000 0.000000 0.000000
vn 0.000000 0.000000 0.000000
vn 0.000000 0.000000 0.000000
vn 0.000000 0.000000 0.000000
vn 0.000000 0.000000 0.000000
vn 0.000000 0.000000 0.000000
vn 0.000000 0.000000 0.000000
vn 0.000000 0.000000 0.000000
vn 0.000000 0.000000 0.000000
vn 0.000000 0.000000 0.000000
vn 0.000000 0.000000 0.000000
vn 0.000000 0.000000 0.000000
vn 0.000000 0.000000 0.000000
vn 0.000000 0.000000 0.000000
vn 0.000000 0.000000 0.000000
vn 0.000000 0.000000 0.000000
vn 0.000000 0.000000 0.000000
vn 0.000000 0.000000 0.000000
vn 0.000000 0.000000 0.000000
vn 0.000000 0.000000 0.000000
vn 0.000000 0.000000 0.000000
vn 0.000000 0.000000 0.000000
vn 0.000000 0.000000 0.000000
vn 0.000000 0.000000 0.000000
vn 0.000000 0.000000 0.000000
vn 0.000000 0.000000 0.000000
vn 0.000000 0.000000 0.000000
vn 0.000000 0.000000 0.000000
vn 0.000000 0.000000 0.000000
vn 0.000000 0.000000 0.000000
vn 0.000000 0.000000 0.000000
vn 0.000000 0.000000 0.000000
vn 0.000000 0.000000 0.000000
vn 0.000000 0.000000 0.000000
vn 0.000000 0.000000 0.000000
vn 0.000000 0.000000 0.000000
vn 0.000000 0.000000 0.000000
vn 0.000000 0.000000 0.000000
vn 0.000000 0.000000 0.000000
vn 0.000000 0.000000 0.000000
vn 0.000000 0.000000 0.000000
vn 0.000000 0.000000 0.000000
vn 0.000000 0.000000 0.000000
vn 0.000000 0.000000 0.000000
vn 0.000000 0.000000 0.000000
vn 0.000000 0.000000 0.000000
vn 0.000000 0.000000 0.000000
vn 0.000000 0.000000 0.000000
vn 0.000000 0.000000 0.000000
vn 0.000000 0.000000 0.000000
vn 0.000000 0.000000 0.000000
vn 0.000000 0.000000 0.000000
vn 0.000000 0.000000 0.000000
vn 0.000000 0.000000 0.000000
vn 0.000000 0.000000 0.000000
vn 0.000000 0.000000 0.000000
vn 0.000000 0.000000 0.000000
vn 0.000000 0.000000 0.000000
vn 0.000000 0.000000 0.000000
vn 0.000000 0.000000 0.000000
vn 0.000000 0.000000 0.000000
vn 0.000000 0.000000 0.000000
vn 0.000000 0.000000 0.000000
vn 0.000000 0.000000 0.000000
vn 0.000000 0.000000 0.000000
vn 0.000000 0.000000 0.000000
vn 0.000000 0.000000 0.000000
vn 0.000000 0.000000 0.000000
vn 0.000000 0.000000 0.000000
vn 0.000000 0.000000 0.000000
vn 0.000000 0.000000 0.000000
vn 0.000000 0.000000 0.000000
vn 0.000000 0.000000 0.000000
vn 0.000000 0.000000 0.000000
vn 0.000000 0.000000 0.000000
vn 0.000000 0.000000 0.000000
vn 0.000000 0.000000 0.000000
vn 0.000000 0.000000 0.000000
vn 0.000000 0.000000 0.000000
vn 0.000000 0.000000 0.000000
vn 0.000000 0.000000 0.000000
vn 0.000000 0.000000 0.000000
vn 0.000000 0.000000 0.000000
vn 0.000000 0.000000 0.000000
vn 0.000000 0.000000 0.000000
vn 0.000000 0.000000 0.000000
vn 0.000000 0.000000 0.000000
vn 0.000000 0.000000 0.000000
vn 0.000000 0.000000 0.000000
vn 0.000000 0.000000 0.000000
vn 0.000000 0.000000 0.000000
vn 0.000000 0.000000 0.000000
vn 0.000000 0.000000 0.000000
vn 0.000000 0.000000 0.000000
vn 0.000000 0.000000 0.000000
vn 0.000000 0.000000 0.000000
vn 0.000000 0.000000 0.000000
vn 0.000000 0.000000 0.000000
vn 0.000000 0.000000 0.000000
vn 0.000000 0.000000 0.000000
vn 0.000000 0.000000 0.000000
vn 0.000000 0.000000 0.000000
vn 0.000000 0.000000 0.000000
vn 0.000000 0.000000 0.000000
vn 0.000000 0.000000 0.000000
vn 0.000000 0.000000 0.000000
vn 0.000000 0.000000 0.000000
vn 0.000000 0.000000 0.000000
vn 0.000000 0.000000 0.000000
vn 0.000000 0.000000 0.000000
vn 0.000000 0.000000 0.000000
vn 0.000000 0.000000 0.000000
vn 0.000000 0.000000 0.000000
vn 0.000000 0.000000 0.000000
vn 0.000000 0.000000 0.000000
vn 0.000000 0.000000 0.000000
vn 0.000000 0.000000 0.000000
vn 0.000000 0.000000 0.000000
vn 0.000000 0.000000 0.000000
vn 0.000000 0.000000 0.000000
vn 0.000000 0.000000 0.000000
vn 0.000000 0.000000 0.000000
vn 0.000000 0.000000 0.000000
vn 0.000000 0.000000 0.000000
vn 0.000000 0.000000 0.000000
vn 0.000000 0.000000 0.000000
vn 0.000000 0.000000 0.000000
vn 0.000000 0.000000 0.000000
vn 0.000000 0.000000 0.000000
vn 0.000000 0.000000 0.000000
vn 0.000000 0.000000 0.000000
vn 0.000000 0.000000 0.000000
vn 0.000000 0.000000 0.000000
vn 0.000000 0.000000 0.000000
vn 0.000000 0.000000 0.000000
vn 0.000000 0.000000 0.000000
vn 0.000000 0.000000 0.000000
vn 0.000000 0.000000 0.000000
vn 0.000000 0.000000 0.000000
vn 0.000000 0.000000 0.000000
vn 0.000000 0.000000 0.000000
vn 0.000000 0.000000 0.000000
vn 0.000000 0.000000 0.000000
vn 0.000000 0.000000 0.000000
vn 0.000000 0.000000 0.000000
vn 0.000000 0.000000 0.000000
vn 0.000000 0.000000 0.000000
vn 0.000000 0.000000 0.000000
vn 0.000000 0.000000 0.000000
vn 0.000000 0.000000 0.000000
vn 0.000000 0.000000 0.000000
vn 0.000000 0.000000 0.000000
vn 0.000000 0.000000 0.000000
vn 0.000000 0.000000 0.000000
vn 0.000000 0.000000 0.000000
vn 0.000000 0.000000 0.000000
vn 0.000000 0.000000 0.000000
vn 0.000000 0.000000 0.000000
vn 0.000000 0.000000 0.000000
vn 0.000000 0.000000 0.000000
vn 0.000000 0.000000 0.000000
vn 0.000000 0.000000 0.000000
vn 0.000000 0.000000 0.000000
vn 0.000000 0.000000 0.000000
vn 0.000000 0.000000 0.000000
vn 0.000000 0.000000 0.000000
vn 0.000000 0.000000 0.000000
vn 0.000000 0.000000 0.000000
vn 0.000000 0.000000 0.000000
vn 0.000000 0.000000 0.000000
vn 0.000000 0.000000 0.000000
vn 0.000000 0.000000 0.000000
vn 0.000000 0.000000 0.000000
vn 0.000000 0.000000 0.000000
vn 0.000000 0.000000 0.000000
vn 0.000000 0.000000 0.000000
vn 0.000000 0.000000 0.000000
vn 0.000000 0.000000 0.000000
vn 0.000000 0.000000 0.000000
vn 0.000000 0.000000 0.000000
vn 0.000000 0.000000 0.000000
vn 0.000000 0.000000 0.000000
vn 0.000000 0.000000 0.000000
vn 0.000000 0.000000 0.000000
vn 0.000000 0.000000 0.000000
vn 0.000000 0.000000 0.000000
vn 0.000000 0.000000 0.000000
vn 0.000000 0.000000 0.000000
vn 0.000000 0.000000 0.000000
vn 0.000000 0.000000 0.000000
vn 0.000000 0.000000 0.000000
vn 0.000000 0.000000 0.000000
vn 0.000000 0.000000 0.000000
vn 0.000000 0.000000 0.000000
vn 0.000000 0.000000 0.000000
vn 0.000000 0.000000 0.000000
vn 0.000000 0.000000 0.000000
vn 0.000000 0.000000 0.000000
vn 0.000000 0.000000 0.000000
vn 0.000000 0.000000 0.000000
vn 0.000000 0.000000 0.000000
vn 0.000000 0.000000 0.000000
vn 0.000000 0.000000 0.000000
vn 0.000000 0.000000 0.000000
vn 0.000000 0.000000 0.000000
vn 0.000000 0.000000 0.000000
vn 0.000000 0.000000 0.000000
vn 0.000000 0.000000 0.000000
vn 0.000000 0.000000 0.000000
vn 0.000000 0.000000 0.000000
vn 0.000000 0.000000 0.000000
vn 0.000000 0.000000 0.000000
vn 0.000000 0.000000 0.000000
vn 0.000000 0.000000 0.000000
vn 0.000000 0.000000 0.000000
vn 0.000000 0.000000 0.000000
vn 0.000000 0.000000 0.000000
vn 0.000000 0.000000 0.000000
vn 0.000000 0.000000 0.000000
vn 0.000000 0.000000 0.000000
vn 0.000000 0.000000 0.000000
vn 0.000000 0.000000 0.000000
vn 0.000000 0.000000 0.000000
vn 0.000000 0.000000 0.000000
vn 0.000000 0.000000 0.000000
vn 0.000000 0.000000 0.000000
vn 0.000000 0.000000 0.000000
vn 0.000000 0.000000 0.000000
vn 0.000000 0.000000 0.000000
vn 0.000000 0.000000 0.000000
vn 0.000000 0.000000 0.000000
vn 0.000000 0.000000 0.000000
vn 0.000000 0.000000 0.000000
vn 0.000000 0.000000 0.000000
vn 0.000000 0.000000 0.000000
vn 0.000000 0.000000 0.000000
vn 0.000000 0.000000 0.000000
vn 0.000000 0.000000 0.000000
vn 0.000000 0.000000 0.000000
vn 0.000000 0.000000 0.000000
vn 0.000000 0.000000 0.000000
vn 0.000000 0.000000 0.000000
vn 0.000000 0.000000 0.000000
vn 0.000000 0.000000 0.000000
vn 0.000000 0.000000 0.000000
vn 0.000000 0.000000 0.000000
vn 0.000000 0.000000 0.000000
vn 0.000000 0.000000 0.000000
vn 0.000000 0.000000 0.000000
vn 0.000000 0.000000 0.000000
vn 0.000000 0.000000 0.000000
vn 0.000000 0.000000 0.000000
vn 0.000000 0.000000 0.000000
vn 0.000000 0.000000 0.000000
vn 0.000000 0.000000 0.000000
vn 0.000000 0.000000 0.000000
vn 0.000000 0.000000 0.000000
vn 0.000000 0.000000 0.000000
vn 0.000000 0.000000 0.000000
vn 0.000000 0.000000 0.000000
vn 0.000000 0.000000 0.000000
vn 0.000000 0.000000 0.000000
vn 0.000000 0.000000 0.000000
vn 0.000000 0.000000 0.000000
vn 0.000000 0.000000 0.000000
vn 0.000000 0.000000 0.000000
vn 0.000000 0.000000 0.000000
vn 0.000000 0.000000 0.000000
vn 0.000000 0.000000 0.000000
vn 0.000000 0.000000 0.000000
vn 0.000000 0.000000 0.000000
vn 0.000000 0.000000 0.000000
vn 0.000000 0.000000 0.000000
vn 0.000000 0.000000 0.000000
vn 0.000000 0.000000 0.000000
vn 0.000000 0.000000 0.000000
vn 0.000000 0.000000 0.000000
vn 0.000000 0.000000 0.000000
vn 0.000000 0.000000 0.000000
vn 0.000000 0.000000 0.000000
vn 0.000000 0.000000 0.000000
vn 0.000000 0.000000 0.000000
vn 0.000000 0.000000 0.000000
vn 0.000000 0.000000 0.000000
vn 0.000000 0.000000 0.000000
vn 0.000000 0.000000 0.000000
vn 0.000000 0.000000 0.000000
vn 0.000000 0.000000 0.000000
vn 0.000000 0.000000 0.000000
vn 0.000000 0.000000 0.000000
vn 0.000000 0.000000 0.000000
vn 0.000000 0.000000 0.000000
vn 0.000000 0.000000 0.000000
vn 0.000000 0.000000 0.000000
vn 0.000000 0.000000 0.000000
vn 0.000000 0.000000 0.000000
vn 0.000000 0.000000 0.000000
vn 0.000000 0.000000 0.000000
vn 0.000000 0.000000 0.000000
vn 0.000000 0.000000 0.000000
vn 0.000000 0.000000 0.000000
vn 0.000000 0.000000 0.000000
vn 0.000000 0.000000 0.000000
vn 0.000000 0.000000 0.000000
vn 0.000000 0.000000 0.000000
vn 0.000000 0.000000 0.000000
vn 0.000000 0.000000 0.000000
vn 0.000000 0.000000 0.000000
vn 0.000000 0.000000 0.000000
vn 0.000000 0.000000 0.000000
vn 0.000000 0.000000 0.000000
vn 0.000000 0.000000 0.000000
vn 0.000000 0.000000 0.000000
vn 0.000000 0.000000 0.000000
vn 0.000000 0.000000 0.000000
vn 0.000000 0.000000 0.000000
vn 0.000000 0.000000 0.000000
vn 0.000000 0.000000 0.000000
vn 0.000000 0.000000 0.000000
vn 0.000000 0.000000 0.000000
vn 0.000000 0.000000 0.000000
vn 0.000000 0.000000 0.000000
vn 0.000000 0.000000 0.000000
vn 0.000000 0.000000 0.000000
vn 0.000000 0.000000 0.000000
vn 0.000000 0.000000 0.000000
vn 0.000000 0.000000 0.000000
vn 0.000000 0.000000 0.000000
vn 0.000000 0.000000 0.000000
vn 0.000000 0.000000 0.000000
vn 0.000000 0.000000 0.000000
vn 0.000000 0.000000 0.000000
vn 0.000000 0.000000 0.000000
vn 0.000000 0.000000 0.000000
vn 0.000000 0.000000 0.000000
vn 0.000000 0.000000 0.000000
vn 0.000000 0.000000 0.000000
vn 0.000000 0.000000 0.000000
vn 0.000000 0.000000 0.000000
vn 0.000000 0.000000 0.000000
vn 0.000000 0.000000 0.000000
vn 0.000000 0.000000 0.000000
vn 0.000000 0.000000 0.000000
vn 0.000000 0.000000 0.000000
vn 0.000000 0.000000 0.000000
vn 0.000000 0.000000 0.000000
vn 0.000000 0.000000 0.000000
vn 0.000000 0.000000 0.000000
vn 0.000000 0.000000 0.000000
vn 0.000000 0.000000 0.000000
vn 0.000000 0.000000 0.000000
vn 0.000000 0.000000 0.000000
vn 0.000000 0.000000 0.000000
vn 0.000000 0.000000 0.000000
vn 0.000000 0.000000 0.000000
vn 0.000000 0.000000 0.000000
vn 0.000000 0.000000 0.000000
vn 0.000000 0.000000 0.000000
vn 0.000000 0.000000 0.000000
vn 0.000000 0.000000 0.000000
vn 0.000000 0.000000 0.000000
vn 0.000000 0.000000 0.000000
vn 0.000000 0.000000 0.000000
vn 0.000000 0.000000 0.000000
vn 0.000000 0.000000 0.000000
vn 0.000000 0.000000 0.000000
vn 0.000000 0.000000 0.000000
vn 0.000000 0.000000 0.000000
vn 0.000000 0.000000 0.000000
vn 0.000000 0.000000 0.000000
vn 0.000000 0.000000 0.000000
vn 0.000000 0.000000 0.000000
vn 0.000000 0.000000 0.000000
vn 0.000000 0.000000 0.000000
vn 0.000000 0.000000 0.000000
vn 0.000000 0.000000 0.000000
vn 0.000000 0.000000 0.000000
vn 0.000000 0.000000 0.000000
vn 0.000000 0.000000 0.000000
vn 0.000000 0.000000 0.000000
vn 0.000000 0.000000 0.000000
vn 0.000000 0.000000 0.000000
vn 0.000000 0.000000 0.000000
vn 0.000000 0.000000 0.000000
vn 0.000000 0.000000 0.000000
vn 0.000000 0.000000 0.000000
vn 0.000000 0.000000 0.000000
vn 0.000000 0.000000 0.000000
vn 0.000000 0.000000 0.000000
vn 0.000000 0.000000 0.000000
vn 0.000000 0.000000 0.000000
vn 0.000000 0.000000 0.000000
vn 0.000000 0.000000 0.000000
vn 0.000000 0.000000 0.000000
vn 0.000000 0.000000 0.000000
vn 0.000000 0.000000 0.000000
vn 0.000000 0.000000 0.000000
vn 0.000000 0.000000 0.000000
vn 0.000000 0.000000 0.000000
vn 0.000000 0.000000 0.000000
vn 0.000000 0.000000 0.000000
vn 0.000000 0.000000 0.000000
vn 0.000000 0.000000 0.000000
vn 0.000000 0.000000 0.000000
vn 0.000000 0.000000 0.000000
vn 0.000000 0.000000 0.000000
vn 0.000000 0.000000 0.000000
vn 0.000000 0.000000 0.000000
vn 0.000000 0.000000 0.000000
vn 0.000000 0.000000 0.000000
vn 0.000000 0.000000 0.000000
vn 0.000000 0.000000 0.000000
vn 0.000000 0.000000 0.000000
vn 0.000000 0.000000 0.000000
vn 0.000000 0.000000 0.000000
vn 0.000000 0.000000 0.000000
vn 0.000000 0.000000 0.000000
vn 0.000000 0.000000 0.000000
vn 0.000000 0.000000 0.000000
vn 0.000000 0.000000 0.000000
vn 0.000000 0.000000 0.000000
vn 0.000000 0.000000 0.000000
vn 0.000000 0.000000 0.000000
vn 0.000000 0.000000 0.000000
vn 0.000000 0.000000 0.000000
vn 0.000000 0.000000 0.000000
vn 0.000000 0.000000 0.000000
vn 0.000000 0.000000 0.000000
vn 0.000000 0.000000 0.000000
vn 0.000000 0.000000 0.000000
vn 0.000000 0.000000 0.000000
vn 0.000000 0.000000 0.000000
vn 0.000000 0.000000 0.000000
vn 0.000000 0.000000 0.000000
vn 0.000000 0.000000 0.000000
vn 0.000000 0.000000 0.000000
vn 0.000000 0.000000 0.000000
vn 0.000000 0.000000 0.000000
vn 0.000000 0.000000 0.000000
vn 0.000000 0.000000 0.000000
vn 0.000000 0.000000 0.000000
vn 0.000000 0.000000 0.000000
vn 0.000000 0.000000 0.000000
vn 0.000000 0.000000 0.000000
vn 0.000000 0.000000 0.000000
vn 0.000000 0.000000 0.000000
vn 0.000000 0.000000 0.000000
vn 0.000000 0.000000 0.000000
vn 0.000000 0.000000 0.000000
vn 0.000000 0.000000 0.000000
vn 0.000000 0.000000 0.000000
vn 0.000000 0.000000 0.000000
vn 0.000000 0.000000 0.000000
vn 0.000000 0.000000 0.000000
vn 0.000000 0.000000 0.000000
vn 0.000000 0.000000 0.000000
vn 0.000000 0.000000 0.000000
vn 0.000000 0.000000 0.000000
vn 0.000000 0.000000 0.000000
vn 0.000000 0.000000 0.000000
vn 0.000000 0.000000 0.000000
vn 0.000000 0.000000 0.000000
vn 0.000000 0.000000 0.000000
vn 0.000000 0.000000 0.000000
vn 0.000000 0.000000 0.000000
vn 0.000000 0.000000 0.000000
vn 0.000000 0.000000 0.000000
vn 0.000000 0.000000 0.000000
vn 0.000000 0.000000 0.000000
vn 0.000000 0.000000 0.000000
vn 0.000000 0.000000 0.000000
vn 0.000000 0.000000 0.000000
vn 0.000000 0.000000 0.000000
vn 0.000000 0.000000 0.000000
vn 0.000000 0.000000 0.000000
vn 0.000000 0.000000 0.000000
vn 0.000000 0.000000 0.000000
vn 0.000000 0.000000 0.000000
vn 0.000000 0.000000 0.000000
vn 0.000000 0.000000 0.000000
vn 0.000000 0.000000 0.000000
vn 0.000000 0.000000 0.000000
vn 0.000000 0.000000 0.000000
vn 0.000000 0.000000 0.000000
vn 0.000000 0.000000 0.000000
vn 0.000000 0.000000 0.000000
vn 0.000000 0.000000 0.000000
vn 0.000000 0.000000 0.000000
vn 0.000000 0.000000 0.000000
vn 0.000000 0.000000 0.000000
vn 0.000000 0.000000 0.000000
vn 0.000000 0.000000 0.000000
vn 0.000000 0.000000 0.000000
vn 0.000000 0.000000 0.000000
vn 0.000000 0.000000 0.000000
vn 0.000000 0.000000 0.000000
vn 0.000000 0.000000 0.000000
vn 0.000000 0.000000 0.000000
vn 0.000000 0.000000 0.000000
vn 0.000000 0.000000 0.000000
vn 0.000000 0.000000 0.000000
vn 0.000000 0.000000 0.000000
vn 0.000000 0.000000 0.000000
vn 0.000000 0.000000 0.000000
vn 0.000000 0.000000 0.000000
vn 0.000000 0.000000 0.000000
vn 0.000000 0.000000 0.000000
vn 0.000000 0.000000 0.000000
vn 0.000000 0.000000 0.000000
vn 0.000000 0.000000 0.000000
vn 0.000000 0.000000 0.000000
vn 0.000000 0.000000 0.000000
vn 0.000000 0.000000 0.000000
vn 0.000000 0.000000 0.000000
vn 0.000000 0.000000 0.000000
vn 0.000000 0.000000 0.000000
vn 0.000000 0.000000 0.000000
vn 0.000000 0.000000 0.000000
vn 0.000000 0.000000 0.000000
vn 0.000000 0.000000 0.000000
vn 0.000000 0.000000 0.000000
vn 0.000000 0.000000 0.000000
vn 0.000000 0.000000 0.000000
vn 0.000000 0.000000 0.000000
vn 0.000000 0.000000 0.000000
vn 0.000000 0.000000 0.000000
vn 0.000000 0.000000 0.000000
vn 0.000000 0.000000 0.000000
vn 0.000000 0.000000 0.000000
vn 0.000000 0.000000 0.000000
vn 0.000000 0.000000 0.000000
vn 0.000000 0.000000 0.000000
vn 0.000000 0.000000 0.000000
vn 0.000000 0.000000 0.000000
vn 0.000000 0.000000 0.000000
vn 0.000000 0.000000 0.000000
vn 0.000000 0.000000 0.000000
vn 0.000000 0.000000 0.000000
vn 0.000000 0.000000 0.000000
vn 0.000000 0.000000 0.000000
vn 0.000000 0.000000 0.000000
vn 0.000000 0.000000 0.000000
vn 0.000000 0.000000 0.000000
vn 0.000000 0.000000 0.000000
vn 0.000000 0.000000 0.000000
vn 0.000000 0.000000 0.000000
vn 0.000000 0.000000 0.000000
vn 0.000000 0.000000 0.000000
vn 0.000000 0.000000 0.000000
vn 0.000000 0.000000 0.000000
vn 0.000000 0.000000 0.000000
vn 0.000000 0.000000 0.000000
vn 0.000000 0.000000 0.000000
vn 0.000000 0.000000 0.000000
vn 0.000000 0.000000 0.000000
vn 0.000000 0.000000 0.000000
vn 0.000000 0.000000 0.000000
vn 0.000000 0.000000 0.000000
vn 0.000000 0.000000 0.000000
vn 0.000000 0.000000 0.000000
vn 0.000000 0.000000 0.000000
vn 0.000000 0.000000 0.000000
vn 0.000000 0.000000 0.000000
vn 0.000000 0.000000 0.000000
vn 0.000000 0.000000 0.000000
vn 0.000000 0.000000 0.000000
vn 0.000000 0.000000 0.000000
vn 0.000000 0.000000 0.000000
vn 0.000000 0.000000 0.000000
vn 0.000000 0.000000 0.000000
vn 0.000000 0.000000 0.000000
vn 0.000000 0.000000 0.000000
vn 0.000000 0.000000 0.000000
vn 0.000000 0.000000 0.000000
vn 0.000000 0.000000 0.000000
vn 0.000000 0.000000 0.000000
vn 0.000000 0.000000 0.000000
vn 0.000000 0.000000 0.000000
vn 0.000000 0.000000 0.000000
vn 0.000000 0.000000 0.000000
vn 0.000000 0.000000 0.000000
vn 0.000000 0.000000 0.000000
vn 0.000000 0.000000 0.000000
vn 0.000000 0.000000 0.000000
vn 0.000000 0.000000 0.000000
vn 0.000000 0.000000 0.000000
vn 0.000000 0.000000 0.000000
vn 0.000000 0.000000 0.000000
vn 0.000000 0.000000 0.000000
vn 0.000000 0.000000 0.000000
vn 0.000000 0.000000 0.000000
vn 0.000000 0.000000 0.000000
vn 0.000000 0.000000 0.000000
vn 0.000000 0.000000 0.000000
vn 0.000000 0.000000 0.000000
vn 0.000000 0.000000 0.000000
vn 0.000000 0.000000 0.000000
vn 0.000000 0.000000 0.000000
vn 0.000000 0.000000 0.000000
vn 0.000000 0.000000 0.000000
vn 0.000000 0.000000 0.000000
vn 0.000000 0.000000 0.000000
vn 0.000000 0.000000 0.000000
vn 0.000000 0.000000 0.000000
vn 0.000000 0.000000 0.000000
vn 0.000000 0.000000 0.000000
vn 0.000000 0.000000 0.000000
vn 0.000000 0.000000 0.000000
vn 0.000000 0.000000 0.000000
vn 0.000000 0.000000 0.000000
vn 0.000000 0.000000 0.000000
vn 0.000000 0.000000 0.000000
vn 0.000000 0.000000 0.000000
vn 0.000000 0.000000 0.000000
vn 0.000000 0.000000 0.000000
vn 0.000000 0.000000 0.000000
vn 0.000000 0.000000 0.000000
vn 0.000000 0.000000 0.000000
vn 0.000000 0.000000 0.000000
vn 0.000000 0.000000 0.000000
vn 0.000000 0.000000 0.000000
vn 0.000000 0.000000 0.000000
vn 0.000000 0.000000 0.000000
vn 0.000000 0.000000 0.000000
vn 0.000000 0.000000 0.000000
vn 0.000000 0.000000 0.000000
vn 0.000000 0.000000 0.000000
vn 0.000000 0.000000 0.000000
vn 0.000000 0.000000 0.000000
vn 0.000000 0.000000 0.000000
vn 0.000000 0.000000 0.000000
vn 0.000000 0.000000 0.000000
vn 0.000000 0.000000 0.000000
vn 0.000000 0.000000 0.000000
vn 0.000000 0.000000 0.000000
vn 0.000000 0.000000 0.000000
vn 0.000000 0.000000 0.000000
vn 0.000000 0.000000 0.000000
vn 0.000000 0.000000 0.000000
vn 0.000000 0.000000 0.000000
vn 0.000000 0.000000 0.000000
vn 0.000000 0.000000 0.000000
vn 0.000000 0.000000 0.000000
vn 0.000000 0.000000 0.000000
vn 0.000000 0.000000 0.000000
vn 0.000000 0.000000 0.000000
vn 0.000000 0.000000 0.000000
vn 0.000000 0.000000 0.000000
vn 0.000000 0.000000 0.000000
vn 0.000000 0.000000 0.000000
vn 0.000000 0.000000 0.000000
vn 0.000000 0.000000 0.000000
vn 0.000000 0.000000 0.000000
vn 0.000000 0.000000 0.000000
vn 0.000000 0.000000 0.000000
vn 0.000000 0.000000 0.000000
vn 0.000000 0.000000 0.000000
vn 0.000000 0.000000 0.000000
vn 0.000000 0.000000 0.000000
vn 0.000000 0.000000 0.000000
vn 0.000000 0.000000 0.000000
vn 0.000000 0.000000 0.000000
vn 0.000000 0.000000 0.000000
vn 0.000000 0.000000 0.000000
vn 0.000000 0.000000 0.000000
vn 0.000000 0.000000 0.000000
vn 0.000000 0.000000 0.000000
vn 0.000000 0.000000 0.000000
vn 0.000000 0.000000 0.000000
vn 0.000000 0.000000 0.000000
vn 0.000000 0.000000 0.000000
vn 0.000000 0.000000 0.000000
vn 0.000000 0.000000 0.000000
vn 0.000000 0.000000 0.000000
vn 0.000000 0.000000 0.000000
vn 0.000000 0.000000 0.000000
vn 0.000000 0.000000 0.000000
vn 0.000000 0.000000 0.000000
vn 0.000000 0.000000 0.000000
vn 0.000000 0.000000 0.000000
vn 0.000000 0.000000 0.000000
vn 0.000000 0.000000 0.000000
vn 0.000000 0.000000 0.000000
vn 0.000000 0.000000 0.000000
vn 0.000000 0.000000 0.000000
vn 0.000000 0.000000 0.000000
vn 0.000000 0.000000 0.000000
vn 0.000000 0.000000 0.000000
vn 0.000000 0.000000 0.000000
vn 0.000000 0.000000 0.000000
vn 0.000000 0.000000 0.000000
vn 0.000000 0.000000 0.000000
vn 0.000000 0.000000 0.000000
vn 0.000000 0.000000 0.000000
vn 0.000000 0.000000 0.000000
vn 0.000000 0.000000 0.000000
vn 0.000000 0.000000 0.000000
vn 0.000000 0.000000 0.000000
vn 0.000000 0.000000 0.000000
vn 0.000000 0.000000 0.000000
vn 0.000000 0.000000 0.000000
vn 0.000000 0.000000 0.000000
vn 0.000000 0.000000 0.000000
vn 0.000000 0.000000 0.000000
vn 0.000000 0.000000 0.000000
vn 0.000000 0.000000 0.000000
vn 0.000000 0.000000 0.000000
vn 0.000000 0.000000 0.000000
vn 0.000000 0.000000 0.000000
vn 0.000000 0.000000 0.000000
vn 0.000000 0.000000 0.000000
vn 0.000000 0.000000 0.000000
vn 0.000000 0.000000 0.000000
vn 0.000000 0.000000 0.000000
vn 0.000000 0.000000 0.000000
vn 0.000000 0.000000 0.000000
vn 0.000000 0.000000 0.000000
vn 0.000000 0.000000 0.000000
vn 0.000000 0.000000 0.000000
vn 0.000000 0.000000 0.000000
vn 0.000000 0.000000 0.000000
vn 0.000000 0.000000 0.000000
vn 0.000000 0.000000 0.000000
vn 0.000000 0.000000 0.000000
vn 0.000000 0.000000 0.000000
vn 0.000000 0.000000 0.000000
vn 0.000000 0.000000 0.000000
vn 0.000000 0.000000 0.000000
vn 0.000000 0.000000 0.000000
vn 0.000000 0.000000 0.000000
vn 0.000000 0.000000 0.000000
vn 0.000000 0.000000 0.000000
vn 0.000000 0.000000 0.000000
vn 0.000000 0.000000 0.000000
vn 0.000000 0.000000 0.000000
vn 0.000000 0.000000 0.000000
vn 0.000000 0.000000 0.000000
vn 0.000000 0.000000 0.000000
vn 0.000000 0.000000 0.000000
vn 0.000000 0.000000 0.000000
vn 0.000000 0.000000 0.000000
vn 0.000000 0.000000 0.000000
vn 0.000000 0.000000 0.000000
vn 0.000000 0.000000 0.000000
vn 0.000000 0.000000 0.000000
vn 0.000000 0.000000 0.000000
vn 0.000000 0.000000 0.000000
vn 0.000000 0.000000 0.000000
vn 0.000000 0.000000 0.000000
vn 0.000000 0.000000 0.000000
vn 0.000000 0.000000 0.000000
vn 0.000000 0.000000 0.000000
vn 0.000000 0.000000 0.000000
vn 0.000000 0.000000 0.000000
vn 0.000000 0.000000 0.000000
vn 0.000000 0.000000 0.000000
vn 0.000000 0.000000 0.000000
vn 0.000000 0.000000 0.000000
vn 0.000000 0.000000 0.000000
vn 0.000000 0.000000 0.000000
vn 0.000000 0.000000 0.000000
vn 0.000000 0.000000 0.000000
vn 0.000000 0.000000 0.000000
vn 0.000000 0.000000 0.000000
vn 0.000000 0.000000 0.000000
vn 0.000000 0.000000 0.000000
vn 0.000000 0.000000 0.000000
vn 0.000000 0.000000 0.000000
vn 0.000000 0.000000 0.000000
vn 0.000000 0.000000 0.000000
vn 0.000000 0.000000 0.000000
vn 0.000000 0.000000 0.000000
vn 0.000000 0.000000 0.000000
vn 0.000000 0.000000 0.000000
vn 0.000000 0.000000 0.000000
vn 0.000000 0.000000 0.000000
vn 0.000000 0.000000 0.000000
vn 0.000000 0.000000 0.000000
vn 0.000000 0.000000 0.000000
vn 0.000000 0.000000 0.000000
vn 0.000000 0.000000 0.000000
vn 0.000000 0.000000 0.000000
vn 0.000000 0.000000 0.000000
vn 0.000000 0.000000 0.000000
vn 0.000000 0.000000 0.000000
vn 0.000000 0.000000 0.000000
vn 0.000000 0.000000 0.000000
vn 0.000000 0.000000 0.000000
vn 0.000000 0.000000 0.000000
vn 0.000000 0.000000 0.000000
vn 0.000000 0.000000 0.000000
vn 0.000000 0.000000 0.000000
vn 0.000000 0.000000 0.000000
vn 0.000000 0.000000 0.000000
vn 0.000000 0.000000 0.000000
vn 0.000000 0.000000 0.000000
vn 0.000000 0.000000 0.000000
vn 0.000000 0.000000 0.000000
vn 0.000000 0.000000 0.000000
vn 0.000000 0.000000 0.000000
vn 0.000000 0.000000 0.000000
vn 0.000000 0.000000 0.000000
vn 0.000000 0.000000 0.000000
vn 0.000000 0.000000 0.000000
vn 0.000000 0.000000 0.000000
vn 0.000000 0.000000 0.000000
vn 0.000000 0.000000 0.000000
vn 0.000000 0.000000 0.000000
vn 0.000000 0.000000 0.000000
vn 0.000000 0.000000 0.000000
vn 0.000000 0.000000 0.000000
vn 0.000000 0.000000 0.000000
vn 0.000000 0.000000 0.000000
vn 0.000000 0.000000 0.000000
vn 0.000000 0.000000 0.000000
vn 0.000000 0.000000 0.000000
vn 0.000000 0.000000 0.000000
vn 0.000000 0.000000 0.000000
vn 0.000000 0.000000 0.000000
vn 0.000000 0.000000 0.000000
vn 0.000000 0.000000 0.000000
vn 0.000000 0.000000 0.000000
vn 0.000000 0.000000 0.000000
vn 0.000000 0.000000 0.000000
vn 0.000000 0.000000 0.000000
vn 0.000000 0.000000 0.000000
vn 0.000000 0.000000 0.000000
vn 0.000000 0.000000 0.000000
vn 0.000000 0.000000 0.000000
vn 0.000000 0.000000 0.000000
vn 0.000000 0.000000 0.000000
vn 0.000000 0.000000 0.000000
vn 0.000000 0.000000 0.000000
vn 0.000000 0.000000 0.000000
vn 0.000000 0.000000 0.000000
vn 0.000000 0.000000 0.000000
vn 0.000000 0.000000 0.000000
vn 0.000000 0.000000 0.000000
vn 0.000000 0.000000 0.000000
vn 0.000000 0.000000 0.000000
vn 0.000000 0.000000 0.000000
vn 0.000000 0.000000 0.000000
vn 0.000000 0.000000 0.000000
vn 0.000000 0.000000 0.000000
vn 0.000000 0.000000 0.000000
vn 0.000000 0.000000 0.000000
vn 0.000000 0.000000 0.000000
vn 0.000000 0.000000 0.000000
vn 0.000000 0.000000 0.000000
vn 0.000000 0.000000 0.000000
vn 0.000000 0.000000 0.000000
vn 0.000000 0.000000 0.000000
vn 0.000000 0.000000 0.000000
vn 0.000000 0.000000 0.000000
vn 0.000000 0.000000 0.000000
vn 0.000000 0.000000 0.000000
vn 0.000000 0.000000 0.000000
vn 0.000000 0.000000 0.000000
vn 0.000000 0.000000 0.000000
vn 0.000000 0.000000 0.000000
vn 0.000000 0.000000 0.000000
vn 0.000000 0.000000 0.000000
vn 0.000000 0.000000 0.000000
vn 0.000000 0.000000 0.000000
vn 0.000000 0.000000 0.000000
vn 0.000000 0.000000 0.000000
vn 0.000000 0.000000 0.000000
vn 0.000000 0.000000 0.000000
vn 0.000000 0.000000 0.000000
vn 0.000000 0.000000 0.000000
vn 0.000000 0.000000 0.000000
vn 0.000000 0.000000 0.000000
vn 0.000000 0.000000 0.000000
vn 0.000000 0.000000 0.000000
vn 0.000000 0.000000 0.000000
vn 0.000000 0.000000 0.000000
vn 0.000000 0.000000 0.000000
vn 0.000000 0.000000 0.000000
vn 0.000000 0.000000 0.000000
vn 0.000000 0.000000 0.000000
vn 0.000000 0.000000 0.000000
vn 0.000000 0.000000 0.000000
vn 0.000000 0.000000 0.000000
vn 0.000000 0.000000 0.000000
vn 0.000000 0.000000 0.000000
vn 0.000000 0.000000 0.000000
vn 0.000000 0.000000 0.000000
vn 0.000000 0.000000 0.000000
vn 0.000000 0.000000 0.000000
vn 0.000000 0.000000 0.000000
vn 0.000000 0.000000 0.000000
vn 0.000000 0.000000 0.000000
vn 0.000000 0.000000 0.000000
vn 0.000000 0.000000 0.000000
vn 0.000000 0.000000 0.000000
vn 0.000000 0.000000 0.000000
vn 0.000000 0.000000 0.000000
vn 0.000000 0.000000 0.000000
vn 0.000000 0.000000 0.000000
vn 0.000000 0.000000 0.000000
vn 0.000000 0.000000 0.000000
vn 0.000000 0.000000 0.000000
vn 0.000000 0.000000 0.000000
vn 0.000000 0.000000 0.000000
vn 0.000000 0.000000 0.000000
vn 0.000000 0.000000 0.000000
vn 0.000000 0.000000 0.000000
vn 0.000000 0.000000 0.000000
vn 0.000000 0.000000 0.000000
vn 0.000000 0.000000 0.000000
vn 0.000000 0.000000 0.000000
vn 0.000000 0.000000 0.000000
vn 0.000000 0.000000 0.000000
vn 0.000000 0.000000 0.000000
vn 0.000000 0.000000 0.000000
vn 0.000000 0.000000 0.000000
vn 0.000000 0.000000 0.000000
vn 0.000000 0.000000 0.000000
vn 0.000000 0.000000 0.000000
vn 0.000000 0.000000 0.000000
vn 0.000000 0.000000 0.000000
vn 0.000000 0.000000 0.000000
vn 0.000000 0.000000 0.000000
vn 0.000000 0.000000 0.000000
vn 0.000000 0.000000 0.000000
vn 0.000000 0.000000 0.000000
vn 0.000000 0.000000 0.000000
vn 0.000000 0.000000 0.000000
vn 0.000000 0.000000 0.000000
vn 0.000000 0.000000 0.000000
vn 0.000000 0.000000 0.000000
vn 0.000000 0.000000 0.000000
vn 0.000000 0.000000 0.000000
vn 0.000000 0.000000 0.000000
vn 0.000000 0.000000 0.000000
vn 0.000000 0.000000 0.000000
vn 0.000000 0.000000 0.000000
vn 0.000000 0.000000 0.000000
vn 0.000000 0.000000 0.000000
vn 0.000000 0.000000 0.000000
vn 0.000000 0.000000 0.000000
vn 0.000000 0.000000 0.000000
vn 0.000000 0.000000 0.000000
vn 0.000000 0.000000 0.000000
vn 0.000000 0.000000 0.000000
vn 0.000000 0.000000 0.000000
vn 0.000000 0.000000 0.000000
vn 0.000000 0.000000 0.000000
vn 0.000000 0.000000 0.000000
vn 0.000000 0.000000 0.000000
vn 0.000000 0.000000 0.000000
vn 0.000000 0.000000 0.000000
vn 0.000000 0.000000 0.000000
vn 0.000000 0.000000 0.000000
vn 0.000000 0.000000 0.000000
vn 0.000000 0.000000 0.000000
vn 0.000000 0.000000 0.000000
vn 0.000000 0.000000 0.000000
vn 0.000000 0.000000 0.000000
vn 0.000000 0.000000 0.000000
vn 0.000000 0.000000 0.000000
vn 0.000000 0.000000 0.000000
vn 0.000000 0.000000 0.000000
vn 0.000000 0.000000 0.000000
vn 0.000000 0.000000 0.000000
vn 0.000000 0.000000 0.000000
vn 0.000000 0.000000 0.000000
vn 0.000000 0.000000 0.000000
vn 0.000000 0.000000 0.000000
vn 0.000000 0.000000 0.000000
vn 0.000000 0.000000 0.000000
vn 0.000000 0.000000 0.000000
vn 0.000000 0.000000 0.000000
vn 0.000000 0.000000 0.000000
vn 0.000000 0.000000 0.000000
vn 0.000000 0.000000 0.000000
vn 0.000000 0.000000 0.000000
vn 0.000000 0.000000 0.000000
vn 0.000000 0.000000 0.000000
vn 0.000000 0.000000 0.000000
vn 0.000000 0.000000 0.000000
vn 0.000000 0.000000 0.000000
vn 0.000000 0.000000 0.000000
vn 0.000000 0.000000 0.000000
vn 0.000000 0.000000 0.000000
vn 0.000000 0.000000 0.000000
vn 0.000000 0.000000 0.000000
vn 0.000000 0.000000 0.000000
vn 0.000000 0.000000 0.000000
vn 0.000000 0.000000 0.000000
vn 0.000000 0.000000 0.000000
vn 0.000000 0.000000 0.000000
vn 0.000000 0.000000 0.000000
vn 0.000000 0.000000 0.000000
vn 0.000000 0.000000 0.000000
vn 0.000000 0.000000 0.000000
vn 0.000000 0.000000 0.000000
vn 0.000000 0.000000 0.000000
vn 0.000000 0.000000 0.000000
vn 0.000000 0.000000 0.000000
vn 0.000000 0.000000 0.000000
vn 0.000000 0.000000 0.000000
vn 0.000000 0.000000 0.000000
vn 0.000000 0.000000 0.000000
vn 0.000000 0.000000 0.000000
vn 0.000000 0.000000 0.000000
vn 0.000000 0.000000 0.000000
vn 0.000000 0.000000 0.000000
vn 0.000000 0.000000 0.000000
vn 0.000000 0.000000 0.000000
vn 0.000000 0.000000 0.000000
vn 0.000000 0.000000 0.000000
vn 0.000000 0.000000 0.000000
vn 0.000000 0.000000 0.000000
vn 0.000000 0.000000 0.000000
vn 0.000000 0.000000 0.000000
vn 0.000000 0.000000 0.000000
vn 0.000000 0.000000 0.000000
vn 0.000000 0.000000 0.000000
vn 0.000000 0.000000 0.000000
vn 0.000000 0.000000 0.000000
vn 0.000000 0.000000 0.000000
vn 0.000000 0.000000 0.000000
vn 0.000000 0.000000 0.000000
vn 0.000000 0.000000 0.000000
vn 0.000000 0.000000 0.000000
vn 0.000000 0.000000 0.000000
vn 0.000000 0.000000 0.000000
vn 0.000000 0.000000 0.000000
vn 0.000000 0.000000 0.000000
vn 0.000000 0.000000 0.000000
vn 0.000000 0.000000 0.000000
vn 0.000000 0.000000 0.000000
vn 0.000000 0.000000 0.000000
vn 0.000000 0.000000 0.000000
vn 0.000000 0.000000 0.000000
vn 0.000000 0.000000 0.000000
vn 0.000000 0.000000 0.000000
vn 0.000000 0.000000 0.000000
vn 0.000000 0.000000 0.000000
vn 0.000000 0.000000 0.000000
vn 0.000000 0.000000 0.000000
vn 0.000000 0.000000 0.000000
vn 0.000000 0.000000 0.000000
vn 0.000000 0.000000 0.000000
vn 0.000000 0.000000 0.000000
vn 0.000000 0.000000 0.000000
vn 0.000000 0.000000 0.000000
vn 0.000000 0.000000 0.000000
vn 0.000000 0.000000 0.000000
vn 0.000000 0.000000 0.000000
vn 0.000000 0.000000 0.000000
vn 0.000000 0.000000 0.000000
vn 0.000000 0.000000 0.000000
vn 0.000000 0.000000 0.000000
vn 0.000000 0.000000 0.000000
vn 0.000000 0.000000 0.000000
vn 0.000000 0.000000 0.000000
vn 0.000000 0.000000 0.000000
vn 0.000000 0.000000 0.000000
vn 0.000000 0.000000 0.000000
vn 0.000000 0.000000 0.000000
vn 0.000000 0.000000 0.000000
vn 0.000000 0.000000 0.000000
vn 0.000000 0.000000 0.000000
vn 0.000000 0.000000 0.000000
vn 0.000000 0.000000 0.000000
vn 0.000000 0.000000 0.000000
vn 0.000000 0.000000 0.000000
vn 0.000000 0.000000 0.000000
vn 0.000000 0.000000 0.000000
vn 0.000000 0.000000 0.000000
vn 0.000000 0.000000 0.000000
vn 0.000000 0.000000 0.000000
vn 0.000000 0.000000 0.000000
vn 0.000000 0.000000 0.000000
vn 0.000000 0.000000 0.000000
vn 0.000000 0.000000 0.000000
vn 0.000000 0.000000 0.000000
vn 0.000000 0.000000 0.000000
vn 0.000000 0.000000 0.000000
vn 0.000000 0.000000 0.000000
vn 0.000000 0.000000 0.000000
vn 0.000000 0.000000 0.000000
vn 0.000000 0.000000 0.000000
vn 0.000000 0.000000 0.000000
vn 0.000000 0.000000 0.000000
vn 0.000000 0.000000 0.000000
vn 0.000000 0.000000 0.000000
vn 0.000000 0.000000 0.000000
vn 0.000000 0.000000 0.000000
vn 0.000000 0.000000 0.000000
vn 0.000000 0.000000 0.000000
vn 0.000000 0.000000 0.000000
vn 0.000000 0.000000 0.000000
vn 0.000000 0.000000 0.000000
vn 0.000000 0.000000 0.000000
vn 0.000000 0.000000 0.000000
vn 0.000000 0.000000 0.000000
vn 0.000000 0.000000 0.000000
vn 0.000000 0.000000 0.000000
vn 0.000000 0.000000 0.000000
vn 0.000000 0.000000 0.000000
vn 0.000000 0.000000 0.000000
vn 0.000000 0.000000 0.000000
vn 0.000000 0.000000 0.000000
vn 0.000000 0.000000 0.000000
vn 0.000000 0.000000 0.000000
vn 0.000000 0.000000 0.000000
vn 0.000000 0.000000 0.000000
vn 0.000000 0.000000 0.000000
vn 0.000000 0.000000 0.000000
vn 0.000000 0.000000 0.000000
vn 0.000000 0.000000 0.000000
vn 0.000000 0.000000 0.000000
vn 0.000000 0.000000 0.000000
vn 0.000000 0.000000 0.000000
vn 0.000000 0.000000 0.000000
vn 0.000000 0.000000 0.000000
vn 0.000000 0.000000 0.000000
vn 0.000000 0.000000 0.000000
vn 0.000000 0.000000 0.000000
vn 0.000000 0.000000 0.000000
vn 0.000000 0.000000 0.000000
vn 0.000000 0.000000 0.000000
vn 0.000000 0.000000 0.000000
vn 0.000000 0.000000 0.000000
vn 0.000000 0.000000 0.000000
vn 0.000000 0.000000 0.000000
vn 0.000000 0.000000 0.000000
vn 0.000000 0.000000 0.000000
vn 0.000000 0.000000 0.000000
vn 0.000000 0.000000 0.000000
vn 0.000000 0.000000 0.000000
vn 0.000000 0.000000 0.000000
vn 0.000000 0.000000 0.000000
vn 0.000000 0.000000 0.000000
vn 0.000000 0.000000 0.000000
vn 0.000000 0.000000 0.000000
vn 0.000000 0.000000 0.000000
vn 0.000000 0.000000 0.000000
vn 0.000000 0.000000 0.000000
vn 0.000000 0.000000 0.000000
vn 0.000000 0.000000 0.000000
vn 0.000000 0.000000 0.000000
vn 0.000000 0.000000 0.000000
vn 0.000000 0.000000 0.000000
vn 0.000000 0.000000 0.000000
vn 0.000000 0.000000 0.000000
vn 0.000000 0.000000 0.000000
vn 0.000000 0.000000 0.000000
vn 0.000000 0.000000 0.000000
vn 0.000000 0.000000 0.000000
vn 0.000000 0.000000 0.000000
vn 0.000000 0.000000 0.000000
vn 0.000000 0.000000 0.000000
vn 0.000000 0.000000 0.000000
vn 0.000000 0.000000 0.000000
vn 0.000000 0.000000 0.000000
vn 0.000000 0.000000 0.000000
vn 0.000000 0.000000 0.000000
vn 0.000000 0.000000 0.000000
vn 0.000000 0.000000 0.000000
vn 0.000000 0.000000 0.000000
vn 0.000000 0.000000 0.000000
vn 0.000000 0.000000 0.000000
vn 0.000000 0.000000 0.000000
vn 0.000000 0.000000 0.000000
vn 0.000000 0.000000 0.000000
vn 0.000000 0.000000 0.000000
vn 0.000000 0.000000 0.000000
vn 0.000000 0.000000 0.000000
vn 0.000000 0.000000 0.000000
vn 0.000000 0.000000 0.000000
vn 0.000000 0.000000 0.000000
vn 0.000000 0.000000 0.000000
vn 0.000000 0.000000 0.000000
vn 0.000000 0.000000 0.000000
vn 0.000000 0.000000 0.000000
vn 0.000000 0.000000 0.000000
vn 0.000000 0.000000 0.000000
vn 0.000000 0.000000 0.000000
vn 0.000000 0.000000 0.000000
vn 0.000000 0.000000 0.000000
vn 0.000000 0.000000 0.000000
vn 0.000000 0.000000 0.000000
vn 0.000000 0.000000 0.000000
vn 0.000000 0.000000 0.000000
vn 0.000000 0.000000 0.000000
vn 0.000000 0.000000 0.000000
vn 0.000000 0.000000 0.000000
vn 0.000000 0.000000 0.000000
vn 0.000000 0.000000 0.000000
vn 0.000000 0.000000 0.000000
vn 0.000000 0.000000 0.000000
vn 0.000000 0.000000 0.000000
vn 0.000000 0.000000 0.000000
vn 0.000000 0.000000 0.000000
vn 0.000000 0.000000 0.000000
vn 0.000000 0.000000 0.000000
vn 0.000000 0.000000 0.000000
vn 0.000000 0.000000 0.000000
vn 0.000000 0.000000 0.000000
vn 0.000000 0.000000 0.000000
vn 0.000000 0.000000 0.000000
vn 0.000000 0.000000 0.000000
vn 0.000000 0.000000 0.000000
vn 0.000000 0.000000 0.000000
vn 0.000000 0.000000 0.000000
vn 0.000000 0.000000 0.000000
vn 0.000000 0.000000 0.000000
vn 0.000000 0.000000 0.000000
vn 0.000000 0.000000 0.000000
vn 0.000000 0.000000 0.000000
vn 0.000000 0.000000 0.000000
vn 0.000000 0.000000 0.000000
vn 0.000000 0.000000 0.000000
vn 0.000000 0.000000 0.000000
vn 0.000000 0.000000 0.000000
vn 0.000000 0.000000 0.000000
vn 0.000000 0.000000 0.000000
vn 0.000000 0.000000 0.000000
vn 0.000000 0.000000 0.000000
vn 0.000000 0.000000 0.000000
vn 0.000000 0.000000 0.000000
vn 0.000000 0.000000 0.000000
vn 0.000000 0.000000 0.000000
vn 0.000000 0.000000 0.000000
vn 0.000000 0.000000 0.000000
vn 0.000000 0.000000 0.000000
vn 0.000000 0.000000 0.000000
vn 0.000000 0.000000 0.000000
vn 0.000000 0.000000 0.000000
vn 0.000000 0.000000 0.000000
vn 0.000000 0.000000 0.000000
vn 0.000000 0.000000 0.000000
vn 0.000000 0.000000 0.000000
vn 0.000000 0.000000 0.000000
vn 0.000000 0.000000 0.000000
vn 0.000000 0.000000 0.000000
vn 0.000000 0.000000 0.000000
vn 0.000000 0.000000 0.000000
vn 0.000000 0.000000 0.000000
vn 0.000000 0.000000 0.000000
vn 0.000000 0.000000 0.000000
vn 0.000000 0.000000 0.000000
vn 0.000000 0.000000 0.000000
vn 0.000000 0.000000 0.000000
vn 0.000000 0.000000 0.000000
vn 0.000000 0.000000 0.000000
vn 0.000000 0.000000 0.000000
vn 0.000000 0.000000 0.000000
vn 0.000000 0.000000 0.000000
vn 0.000000 0.000000 0.000000
vn 0.000000 0.000000 0.000000
vn 0.000000 0.000000 0.000000
vn 0.000000 0.000000 0.000000
vn 0.000000 0.000000 0.000000
vn 0.000000 0.000000 0.000000
vn 0.000000 0.000000 0.000000
vn 0.000000 0.000000 0.000000
vn 0.000000 0.000000 0.000000
vn 0.000000 0.000000 0.000000
vn 0.000000 0.000000 0.000000
vn 0.000000 0.000000 0.000000
vn 0.000000 0.000000 0.000000
vn 0.000000 0.000000 0.000000
vn 0.000000 0.000000 0.000000
vn 0.000000 0.000000 0.000000
vn 0.000000 0.000000 0.000000
vn 0.000000 0.000000 0.000000
vn 0.000000 0.000000 0.000000
vn 0.000000 0.000000 0.000000
vn 0.000000 0.000000 0.000000
vn 0.000000 0.000000 0.000000
vn 0.000000 0.000000 0.000000
vn 0.000000 0.000000 0.000000
s 1
g pCube1
usemtl set9
f 1/1/1 434/2430/2 416/3/3 3/2306/4
s 2
f 3/4/5 416/2304/6 808/5/7 809/2239/8
s 3
f 5/2435/9 429/2302/10 430/2432/11 7/2434/12
s 4
f 1451/2441/13 1452/12/14 1453/2439/15 1454/2440/16
s 5
f 2/2437/17 811/14/18 777/15/19 4/2245/20
s 6
f 810/2369/21 1/1/22 3/2306/23 809/6/24
s 2
f 9/17/25 596/2272/26 792/19/27 793/20/28
s 3
f 11/2405/29 10/2275/30 607/2270/31 608/2400/32
s 4
f 1456/2443/33 1455/26/34 1457/27/35 1458/2442/36
s 1
f 9/2277/37 12/2403/38 609/2398/39 596/18/40
s 2
f 13/29/41 509/2288/42 800/31/43 801/32/44
s 3
f 15/2421/45 14/2291/46 525/2286/47 526/2416/48
s 4
f 1460/2445/49 1459/38/50 1461/39/51 1462/2444/52
s 1
f 13/2293/53 16/2419/54 536/2414/55 509/30/56
s 2
f 17/41/57 558/2280/58 796/43/59 797/44/60
s 3
f 19/2413/61 18/2283/62 572/2278/63 573/2408/64
s 4
f 1464/2447/65 1463/50/66 1465/51/67 1466/2446/68
s 1
f 17/2285/69 20/2411/70 578/2406/71 558/42/72
s 2
f 21/53/73 457/2296/74 804/55/75 805/56/76
s 3
f 23/2429/77 22/2299/78 473/2294/79 474/2424/80
s 4
f 1468/2449/81 1467/62/82 1469/63/83 1470/2448/84
s 1
f 21/2301/85 24/2427/86 482/2422/87 457/54/88
s 2
f 25/65/89 680/2256/90 784/67/91 785/68/92
s 3
f 27/2389/93 26/2259/94 696/2254/95 697/2384/96
s 4
f 1472/2451/97 1471/74/98 1473/75/99 1474/2450/100
s 1
f 25/2261/101 28/2387/102 708/2382/103 680/66/104
s 2
f 29/77/105 628/78/106 788/79/107 789/80/108
s 3
f 31/2397/109 30/2267/110 643/2262/111 644/2390/112
s 4
f 1476/2453/113 1475/86/114 1477/87/115 1478/2452/116
s 1
f 29/2269/117 32/2395/118 627/2392/119 628/2264/120
s 2
f 33/89/121 736/2248/122 780/91/123 781/92/124
s 3
f 35/2381/125 34/2251/126 752/2246/127 753/2376/128
s 4
f 1480/2455/129 1479/98/130 1481/99/131 1482/2454/132
s 1
f 33/2253/133 36/2379/134 757/2374/135 736/90/136
s 2
f 38/101/137 744/102/138 1125/103/139 1126/104/140
f 39/105/141 688/106/142 1129/107/143 1130/108/144
f 40/109/145 636/110/146 1133/111/147 1134/112/148
f 41/113/149 604/114/150 1137/115/151 1138/116/152
s 39
f 2390/2456/153 2389/2457/154 2391/119/155 2392/120/156
s 2
f 43/121/157 517/122/158 1142/123/159 1143/124/160
f 44/125/161 465/126/162 1146/127/163 1147/128/164
f 45/2212/165 421/130/166 1150/131/167 1151/2207/168
s 43
f 1152/2337/169 46/134/170 45/129/171 1151/132/172
s 4
f 1483/2459/173 1484/2626/174 1485/136/175 1486/2458/176
s 45
f 481/137/177 47/138/178 1156/139/179 1157/140/180
s 4
f 1488/141/181 1487/2460/182 1489/2461/183 1490/2462/184
f 1492/145/185 1491/146/186 1493/147/187 1494/148/188
f 1496/149/189 1495/150/190 1497/151/191 1498/152/192
f 1500/153/193 1499/154/194 1501/155/195 1502/156/196
f 1504/2463/197 1503/2464/198 1505/159/199 1506/160/200
f 1508/161/201 1507/162/202 1509/163/203 1510/164/204
s 5
f 37/2214/205 50/2336/206 1162/167/207 1122/168/208
s 2
f 52/169/209 740/170/210 938/171/211 939/172/212
f 53/173/213 684/174/214 942/175/215 943/176/216
f 54/177/217 632/178/218 946/179/219 947/180/220
f 55/181/221 600/182/222 950/183/223 951/184/224
f 56/185/225 562/186/226 954/187/227 955/188/228
f 57/189/229 513/190/230 958/191/231 959/192/232
f 58/193/233 461/194/234 962/195/235 963/196/236
s 60
f 1512/2228/237 1511/198/238 1513/199/239 1514/2223/240
s 61
f 1515/2353/241 1516/202/242 1512/197/243 1514/200/244
s 4
f 1515/201/245 1517/203/246 1518/204/247 1516/2354/248
f 1520/205/249 1519/206/250 1521/207/251 1522/208/252
s 64
f 533/209/253 59/210/254 964/211/255 965/212/256
f 575/213/257 60/214/258 968/215/259 969/216/260
s 4
f 1524/217/261 1523/2465/262 1525/2466/263 1526/220/264
f 1528/221/265 1527/222/266 1529/223/267 1530/2678/268
s 68
f 707/225/269 62/226/270 976/227/271 977/228/272
s 4
f 1532/229/273 1531/230/274 1533/2467/275 1534/2468/276
s 5
f 51/2230/277 63/2352/278 982/235/279 935/236/280
s 2
f 65/237/281 738/238/282 855/239/283 856/240/284
f 66/241/285 682/242/286 859/243/287 860/244/288
f 67/245/289 630/246/290 863/247/291 864/248/292
f 68/249/293 598/250/294 867/251/295 868/252/296
f 69/253/297 560/254/298 871/255/299 872/256/300
f 70/257/301 511/258/302 875/259/303 876/260/304
f 71/261/305 459/262/306 879/263/307 880/264/308
f 72/2236/309 418/266/310 883/267/311 884/2231/312
s 6
f 885/2361/313 73/270/314 72/265/315 884/268/316
s 4
f 1535/2470/317 1536/271/318 1537/272/319 1538/2469/320
f 1540/273/321 1539/274/322 1541/275/323 1542/276/324
f 1544/2473/325 1543/278/326 1545/2471/327 1546/2472/328
s 64
f 577/281/329 74/282/330 890/283/331 891/284/332
s 4
f 1548/285/333 1547/286/334 1549/2662/335 1550/288/336
f 1552/289/337 1551/290/338 1553/291/339 1554/292/340
f 1556/293/341 1555/294/342 1557/295/343 1558/296/344
f 1560/297/345 1559/298/346 1561/299/347 1562/300/348
s 5
f 64/2238/349 75/2360/350 895/303/351 852/304/352
s 2
f 77/305/353 742/306/354 1036/307/355 1037/308/356
f 78/309/357 686/310/358 1040/311/359 1041/312/360
f 79/313/361 634/314/362 1044/315/363 1045/316/364
f 80/317/365 602/318/366 1048/319/367 1049/320/368
f 81/321/369 564/322/370 1052/323/371 1053/324/372
f 82/325/373 515/326/374 1056/327/375 1057/328/376
f 83/329/377 463/330/378 1060/331/379 1061/332/380
f 84/2220/381 419/334/382 1064/335/383 1065/2215/384
s 43
f 1066/2345/385 85/338/386 84/333/387 1065/336/388
s 4
f 1563/2475/389 1564/339/390 1565/340/391 1566/2474/392
f 1568/341/393 1567/342/394 1569/343/395 1570/344/396
f 1572/345/397 1571/346/398 1573/347/399 1574/348/400
f 1576/349/401 1575/350/402 1577/351/403 1578/352/404
f 1580/353/405 1579/354/406 1581/355/407 1582/356/408
s 68
f 649/357/409 86/358/410 1067/359/411 1068/360/412
f 705/361/413 87/362/414 1071/363/415 1072/364/416
f 755/365/417 88/366/418 1075/367/419 1076/368/420
s 5
f 76/2222/421 89/2344/422 1077/371/423 1033/372/424
s 2
f 91/373/425 748/374/426 1292/375/427 1293/376/428
f 92/377/429 692/378/430 1296/379/431 1297/380/432
f 93/381/433 639/382/434 1300/383/435 1301/384/436
s 39
f 2394/385/437 2393/386/438 2395/387/439 2396/388/440
s 2
f 94/389/441 568/390/442 1303/391/443 1304/392/444
f 95/393/445 521/394/446 1307/395/447 1308/396/448
f 96/397/449 469/398/450 1311/399/451 1312/400/452
f 97/2196/453 425/402/454 1315/403/455 1316/2191/456
s 43
f 1317/2321/457 98/406/458 97/401/459 1316/404/460
s 4
f 1583/2477/461 1584/407/462 1585/408/463 1586/2476/464
s 45
f 477/409/465 99/410/466 1320/411/467 1321/412/468
f 528/413/469 100/414/470 1324/415/471 1325/416/472
s 4
f 1588/417/473 1587/418/474 1589/419/475 1590/420/476
f 1592/421/477 1591/422/478 1593/423/479 1594/424/480
s 121
f 646/425/481 101/426/482 1327/427/483 1328/428/484
f 700/429/485 102/430/486 1331/431/487 1332/432/488
s 4
f 1596/433/489 1595/2478/490 1597/2479/491 1598/436/492
s 5
f 90/2198/493 104/2320/494 1336/439/495 1289/440/496
s 2
f 106/441/497 746/442/498 1202/443/499 1203/444/500
f 107/445/501 690/446/502 1206/447/503 1207/448/504
s 39
f 2398/449/505 2397/450/506 2399/2677/507 2400/452/508
f 2402/453/509 2401/454/510 2403/455/511 2404/456/512
f 2406/457/513 2405/458/514 2407/459/515 2408/460/516
s 2
f 108/461/517 519/462/518 1213/463/519 1214/464/520
f 109/465/521 467/466/522 1217/467/523 1218/468/524
f 110/2204/525 423/470/526 1221/471/527 1222/2199/528
s 43
f 1223/2329/529 111/474/530 110/469/531 1222/472/532
s 4
f 1599/2483/533 1600/2480/534 1601/2481/535 1602/2482/536
s 45
f 479/477/537 112/478/538 1227/479/539 1228/480/540
f 530/481/541 113/482/542 1231/483/543 1232/484/544
s 4
f 1604/485/545 1603/486/546 1605/487/547 1606/488/548
f 1608/489/549 1607/490/550 1609/491/551 1610/492/552
f 1612/493/553 1611/494/554 1613/495/555 1614/496/556
s 121
f 702/497/557 114/498/558 1235/499/559 1236/500/560
s 4
f 1616/501/561 1615/502/562 1617/503/563 1618/504/564
s 5
f 105/2206/565 115/2328/566 1239/507/567 1199/508/568
s 2
f 117/509/569 750/510/570 1384/511/571 1385/512/572
f 118/513/573 694/514/574 1388/515/575 1389/516/576
f 119/517/577 641/518/578 1392/519/579 1393/520/580
s 39
f 2410/521/581 2409/522/582 2411/2484/583 2412/2485/584
s 2
f 120/525/585 570/526/586 1400/527/587 1401/528/588
f 121/529/589 523/530/590 1404/531/591 1405/532/592
f 122/533/593 471/534/594 1408/535/595 1409/536/596
f 123/2188/597 427/538/598 1412/539/599 1413/2183/600
s 43
f 1414/2313/601 124/542/602 123/537/603 1413/540/604
s 4
f 1619/2487/605 1620/543/606 1621/544/607 1622/2486/608
f 1624/2488/609 1623/2489/610 1625/547/611 1626/548/612
f 1628/549/613 1627/2635/614 1629/551/615 1630/552/616
f 1632/553/617 1631/554/618 1633/555/619 1634/556/620
f 1636/557/621 1635/558/622 1637/559/623 1638/560/624
f 1640/561/625 1639/562/626 1641/563/627 1642/564/628
f 1644/2490/629 1643/2491/630 1645/567/631 1646/568/632
f 1648/569/633 1647/570/634 1649/571/635 1650/572/636
s 5
f 116/2190/637 128/2312/638 1415/575/639 1381/576/640
s 2
f 129/577/641 435/2300/642 806/579/643 807/580/644
f 882/581/645 130/582/646 437/583/647 881/584/648
s 60
f 1652/585/649 1651/586/650 1653/587/651 1654/588/652
s 2
f 1063/589/653 131/590/654 438/591/655 1062/592/656
f 1149/593/657 132/594/658 440/595/659 1148/596/660
f 1220/597/661 133/598/662 442/599/663 1219/600/664
f 1314/601/665 134/602/666 444/603/667 1313/604/668
f 1411/605/669 135/606/670 446/607/671 1410/608/672
s 3
f 137/2433/673 136/2303/674 448/2298/675 449/2428/676
s 4
f 1656/613/677 1655/614/678 1657/615/679 1658/616/680
s 45
f 138/617/681 1318/618/682 1319/619/683 451/620/684
f 139/621/685 1225/622/686 1226/623/687 453/624/688
f 140/625/689 1154/626/690 1155/627/691 455/628/692
s 4
f 1660/629/693 1659/630/694 1661/631/695 1662/632/696
f 1664/633/697 1663/634/698 1665/635/699 1666/636/700
f 1668/637/701 1667/638/702 1669/639/703 1670/640/704
f 1672/2493/705 1671/642/706 1673/643/707 1674/2492/708
s 1
f 129/2305/709 141/2431/710 456/2426/711 435/578/712
s 2
f 142/645/713 483/2292/714 802/647/715 803/648/716
f 878/649/717 143/650/718 485/651/719 877/652/720
f 961/653/721 144/654/722 487/655/723 960/656/724
f 1059/657/725 145/658/726 489/659/727 1058/660/728
f 1145/661/729 146/662/730 491/663/731 1144/664/732
f 1216/665/733 147/666/734 493/667/735 1215/668/736
f 1310/669/737 148/670/738 495/671/739 1309/672/740
f 1407/673/741 149/674/742 497/675/743 1406/676/744
s 3
f 151/2425/745 150/2295/746 499/2290/747 500/2420/748
s 4
f 1676/2494/749 1675/2495/750 1677/683/751 1678/684/752
s 45
f 503/685/753 153/686/754 1322/687/755 1323/688/756
f 505/689/757 154/690/758 1229/691/759 1230/692/760
f 507/693/761 155/694/762 1158/695/763 1159/696/764
s 4
f 1680/697/765 1679/698/766 1681/699/767 1682/700/768
f 1684/701/769 1683/702/770 1685/703/771 1686/704/772
f 1688/705/773 1687/706/774 1689/707/775 1690/708/776
f 1692/2497/777 1691/710/778 1693/711/779 1694/2496/780
s 1
f 142/2297/781 156/2423/782 508/2418/783 483/646/784
s 2
f 157/713/785 537/2284/786 798/715/787 799/716/788
f 874/717/789 158/718/790 539/719/791 873/720/792
f 957/721/793 159/722/794 541/723/795 956/724/796
f 1055/725/797 160/726/798 543/727/799 1054/728/800
f 1141/729/801 161/730/802 545/731/803 1140/732/804
s 39
f 2414/2498/805 2413/2499/806 2415/735/807 2416/2500/808
s 2
f 1306/737/809 163/738/810 547/739/811 1305/740/812
f 1403/741/813 164/742/814 549/743/815 1402/744/816
s 3
f 166/2417/817 165/2287/818 551/2282/819 552/2412/820
s 4
f 1696/749/821 1695/750/822 1697/751/823 1698/752/824
f 1700/753/825 1699/2501/826 1701/2502/827 1702/756/828
f 1704/757/829 1703/758/830 1705/759/831 1706/760/832
f 1708/761/833 1707/762/834 1709/763/835 1710/764/836
f 1712/765/837 1711/766/838 1713/767/839 1714/768/840
s 64
f 554/769/841 168/770/842 966/771/843 967/772/844
f 556/773/845 169/774/846 888/775/847 889/776/848
s 4
f 1716/2504/849 1715/778/850 1717/779/851 1718/2503/852
s 1
f 157/2289/853 170/2415/854 557/2410/855 537/714/856
s 2
f 171/781/857 579/2276/858 794/783/859 795/784/860
f 870/785/861 172/786/862 581/787/863 869/788/864
f 953/789/865 173/790/866 583/791/867 952/792/868
f 1051/793/869 174/794/870 585/795/871 1050/796/872
s 39
f 2418/797/873 2417/2505/874 2419/2506/875 2420/2507/876
f 2422/801/877 2421/802/878 2423/803/879 2424/804/880
f 2426/805/881 2425/2654/882 2427/807/883 2428/808/884
f 2430/2508/885 2429/2509/886 2431/811/887 2432/2510/888
s 3
f 179/2409/889 178/2279/890 589/2274/891 590/2404/892
s 4
f 1720/817/893 1719/818/894 1721/819/895 1722/820/896
f 1724/821/897 1723/822/898 1725/823/899 1726/824/900
f 1728/825/901 1727/826/902 1729/827/903 1730/828/904
f 1732/829/905 1731/830/906 1733/831/907 1734/832/908
f 1736/833/909 1735/834/910 1737/835/911 1738/836/912
s 64
f 592/837/913 180/838/914 970/839/915 971/840/916
f 594/841/917 181/842/918 892/843/919 893/844/920
s 4
f 1740/2512/921 1739/846/922 1741/847/923 1742/2511/924
s 1
f 171/2281/925 182/2407/926 595/2402/927 579/782/928
s 2
f 183/849/929 610/2268/930 790/851/931 791/852/932
f 866/853/933 184/854/934 612/855/935 865/856/936
f 949/857/937 185/858/938 614/859/939 948/860/940
f 1047/861/941 186/862/942 616/863/943 1046/864/944
f 1136/865/945 187/866/946 618/867/947 1135/868/948
s 39
f 2434/869/949 2433/870/950 2435/871/951 2436/872/952
f 2438/873/953 2437/874/954 2439/2513/955 2440/2514/956
s 2
f 1395/877/957 188/878/958 622/879/959 1394/880/960
s 3
f 190/2401/961 189/2271/962 624/2266/963 625/2396/964
s 4
f 1744/885/965 1743/886/966 1745/887/967 1746/888/968
f 1748/889/969 1747/890/970 1749/891/971 1750/892/972
f 1752/893/973 1751/894/974 1753/895/975 1754/896/976
f 1756/897/977 1755/898/978 1757/899/979 1758/900/980
f 1760/901/981 1759/902/982 1761/903/983 1762/904/984
f 1764/905/985 1763/906/986 1765/907/987 1766/908/988
f 1768/909/989 1767/910/990 1769/911/991 1770/912/992
f 1772/2516/993 1771/914/994 1773/915/995 1774/2515/996
s 1
f 183/2273/997 191/2399/998 626/2394/999 610/850/1000
s 2
f 192/917/1001 651/2260/1002 786/919/1003 787/920/1004
f 862/921/1005 193/922/1006 653/923/1007 861/924/1008
f 945/925/1009 194/926/1010 655/927/1011 944/928/1012
f 1043/929/1013 195/930/1014 657/931/1015 1042/932/1016
f 1132/933/1017 196/934/1018 659/935/1019 1131/936/1020
f 1209/937/1021 197/938/1022 661/939/1023 1208/940/1024
f 1299/941/1025 198/942/1026 663/943/1027 1298/944/1028
f 1391/945/1029 199/946/1030 665/947/1031 1390/948/1032
s 3
f 201/2391/1033 200/2263/1034 667/2258/1035 668/2388/1036
s 4
f 1776/2517/1037 1775/2518/1038 1777/955/1039 1778/956/1040
s 121
f 671/957/1041 203/958/1042 1329/959/1043 1330/960/1044
s 4
f 1780/2521/1045 1779/962/1046 1781/2519/1047 1782/2520/1048
f 1784/2522/1049 1783/2523/1050 1785/967/1051 1786/968/1052
s 68
f 676/969/1053 205/970/1054 1069/971/1055 1070/972/1056
f 678/973/1057 206/974/1058 974/975/1059 975/976/1060
s 4
f 1788/977/1061 1787/978/1062 1789/979/1063 1790/980/1064
f 1792/2525/1065 1791/982/1066 1793/983/1067 1794/2524/1068
s 1
f 192/2265/1069 207/2393/1070 679/2386/1071 651/918/1072
s 2
f 208/985/1073 709/2252/1074 782/987/1075 783/988/1076
f 858/989/1077 209/990/1078 711/991/1079 857/992/1080
f 941/993/1081 210/994/1082 713/995/1083 940/996/1084
f 1039/997/1085 211/998/1086 715/999/1087 1038/1000/1088
f 1128/1001/1089 212/1002/1090 717/1003/1091 1127/1004/1092
f 1205/1005/1093 213/1006/1094 719/1007/1095 1204/1008/1096
f 1295/1009/1097 214/1010/1098 721/1011/1099 1294/1012/1100
f 1387/1013/1101 215/1014/1102 723/1015/1103 1386/1016/1104
s 3
f 217/2385/1105 216/2255/1106 725/2250/1107 726/2380/1108
s 4
f 1796/1021/1109 1795/2681/1110 1797/1023/1111 1798/1024/1112
s 121
f 728/1025/1113 219/1026/1114 1333/1027/1115 1334/1028/1116
s 4
f 1800/1029/1117 1799/2526/1118 1801/2527/1119 1802/2528/1120
f 1804/2529/1121 1803/2530/1122 1805/1035/1123 1806/1036/1124
s 68
f 732/1037/1125 222/1038/1126 1073/1039/1127 1074/1040/1128
f 734/1041/1129 223/1042/1130 978/1043/1131 979/1044/1132
s 4
f 1808/1045/1133 1807/1046/1134 1809/1047/1135 1810/1048/1136
f 1812/2532/1137 1811/1050/1138 1813/1051/1139 1814/2531/1140
s 1
f 208/2257/1141 224/2383/1142 735/2378/1143 709/986/1144
s 2
f 225/1053/1145 758/2244/1146 778/1055/1147 779/1056/1148
f 854/1057/1149 226/1058/1150 760/1059/1151 853/1060/1152
f 937/1061/1153 227/1062/1154 762/1063/1155 936/1064/1156
f 1035/1065/1157 228/1066/1158 764/1067/1159 1034/1068/1160
f 1124/1069/1161 229/1070/1162 766/1071/1163 1123/1072/1164
f 1201/1073/1165 230/1074/1166 768/1075/1167 1200/1076/1168
f 1291/1077/1169 231/1078/1170 770/1079/1171 1290/1080/1172
f 1383/1081/1173 232/1082/1174 772/1083/1175 1382/1084/1176
s 3
f 234/2377/1177 233/2247/1178 774/2243/1179 775/2372/1180
s 4
f 1816/1089/1181 1815/1090/1182 1817/1091/1183 1818/1092/1184
f 1820/1093/1185 1819/1094/1186 1821/1095/1187 1822/1096/1188
f 1824/1097/1189 1823/1098/1190 1825/1099/1191 1826/1100/1192
f 1828/1101/1193 1827/1102/1194 1829/1103/1195 1830/1104/1196
f 1832/1105/1197 1831/1106/1198 1833/1107/1199 1834/1108/1200
f 1836/1109/1201 1835/1110/1202 1837/1111/1203 1838/1112/1204
f 1840/1113/1205 1839/1114/1206 1841/1115/1207 1842/1116/1208
f 1844/2534/1209 1843/1118/1210 1845/1119/1211 1846/2533/1212
s 1
f 225/2249/1213 235/2375/1214 776/2371/1215 758/1054/1216
s 2
f 237/1121/1217 759/1122/1218 813/1123/1219 814/1124/1220
f 238/1125/1221 737/1126/1222 815/1127/1223 816/1128/1224
f 239/1129/1225 710/1130/1226 817/1131/1227 818/1132/1228
f 240/1133/1229 681/1134/1230 819/1135/1231 820/1136/1232
f 241/1137/1233 652/1138/1234 821/1139/1235 822/1140/1236
f 242/1141/1237 629/1142/1238 823/1143/1239 824/1144/1240
f 243/1145/1241 611/1146/1242 825/1147/1243 826/1148/1244
f 244/1149/1245 597/1150/1246 827/1151/1247 828/1152/1248
f 245/1153/1249 580/1154/1250 829/1155/1251 830/1156/1252
f 246/1157/1253 559/1158/1254 831/1159/1255 832/1160/1256
f 247/1161/1257 538/1162/1258 833/1163/1259 834/1164/1260
f 248/1165/1261 510/1166/1262 835/1167/1263 836/1168/1264
f 249/1169/1265 484/1170/1266 837/1171/1267 838/1172/1268
f 250/1173/1269 458/1174/1270 839/1175/1271 840/1176/1272
f 251/1177/1273 436/1178/1274 841/1179/1275 842/1180/1276
f 252/2240/1277 417/1182/1278 843/1183/1279 844/2235/1280
s 6
f 845/2365/1281 253/1186/1282 252/1181/1283 844/1184/1284
s 4
f 1847/2536/1285 1848/1187/1286 1849/1188/1287 1850/2535/1288
f 1852/1189/1289 1851/1190/1290 1853/1191/1291 1854/1192/1292
f 1856/1193/1293 1855/1194/1294 1857/1195/1295 1858/1196/1296
f 1860/1197/1297 1859/1198/1298 1861/1199/1299 1862/1200/1300
f 1864/1201/1301 1863/1202/1302 1865/1203/1303 1866/1204/1304
f 1868/1205/1305 1867/1206/1306 1869/2537/1307 1870/2538/1308
f 1872/1209/1309 1871/1210/1310 1873/2539/1311 1874/2540/1312
f 1876/1213/1313 1875/1214/1314 1877/2657/1315 1878/1216/1316
f 1880/1217/1317 1879/1218/1318 1881/1219/1319 1882/1220/1320
f 1884/1221/1321 1883/1222/1322 1885/1223/1323 1886/1224/1324
f 1888/1225/1325 1887/1226/1326 1889/1227/1327 1890/1228/1328
f 1892/1229/1329 1891/1230/1330 1893/1231/1331 1894/1232/1332
f 1896/1233/1333 1895/1234/1334 1897/1235/1335 1898/1236/1336
f 1900/1237/1337 1899/1238/1338 1901/1239/1339 1902/1240/1340
f 1904/1241/1341 1903/1242/1342 1905/1243/1343 1906/1244/1344
f 1908/1245/1345 1907/1246/1346 1909/1247/1347 1910/1248/1348
s 5
f 236/2242/1349 254/2364/1350 851/1251/1351 812/1252/1352
s 2
f 898/1253/1353 256/1254/1354 761/1255/1355 897/1256/1356
f 257/1257/1357 739/1258/1358 899/1259/1359 900/1260/1360
f 902/1261/1361 258/1262/1362 712/1263/1363 901/1264/1364
f 259/1265/1365 683/1266/1366 903/1267/1367 904/1268/1368
f 906/1269/1369 260/1270/1370 654/1271/1371 905/1272/1372
f 261/1273/1373 631/1274/1374 907/1275/1375 908/1276/1376
f 910/1277/1377 262/1278/1378 613/1279/1379 909/1280/1380
f 263/1281/1381 599/1282/1382 911/1283/1383 912/1284/1384
f 914/1285/1385 264/1286/1386 582/1287/1387 913/1288/1388
f 265/1289/1389 561/1290/1390 915/1291/1391 916/1292/1392
f 918/1293/1393 266/1294/1394 540/1295/1395 917/1296/1396
f 267/1297/1397 512/1298/1398 919/1299/1399 920/1300/1400
f 922/1301/1401 268/1302/1402 486/1303/1403 921/1304/1404
f 269/1305/1405 460/1306/1406 923/1307/1407 924/1308/1408
s 60
f 1912/1309/1409 1911/1310/1410 1913/1311/1411 1914/1312/1412
f 1916/2232/1413 1915/1314/1414 1917/1315/1415 1918/2227/1416
s 61
f 1919/2357/1417 1920/1318/1418 1916/1313/1419 1918/1316/1420
s 4
f 1919/1317/1421 1921/1319/1422 1922/1320/1423 1920/2358/1424
f 1924/1321/1425 1923/1322/1426 1925/1323/1427 1926/1324/1428
f 1928/1325/1429 1927/1326/1430 1929/1327/1431 1930/1328/1432
f 1932/1329/1433 1931/1330/1434 1933/1331/1435 1934/1332/1436
s 64
f 534/1333/1437 270/1334/1438 925/1335/1439 926/1336/1440
f 555/1337/1441 271/1338/1442 927/1339/1443 928/1340/1444
f 576/1341/1445 272/1342/1446 929/1343/1447 930/1344/1448
f 593/1345/1449 273/1346/1450 931/1347/1451 932/1348/1452
s 4
f 1936/1349/1453 1935/2541/1454 1937/2542/1455 1938/1352/1456
f 1940/1353/1457 1939/1354/1458 1941/1355/1459 1942/1356/1460
f 1944/1357/1461 1943/1358/1462 1945/1359/1463 1946/1360/1464
f 1948/1361/1465 1947/1362/1466 1949/1363/1467 1950/1364/1468
f 1952/1365/1469 1951/1366/1470 1953/1367/1471 1954/1368/1472
f 1956/1369/1473 1955/1370/1474 1957/1371/1475 1958/1372/1476
f 1960/1373/1477 1959/1374/1478 1961/1375/1479 1962/1376/1480
f 1964/1377/1481 1963/1378/1482 1965/1379/1483 1966/1380/1484
s 5
f 255/2234/1485 275/2356/1486 934/1383/1487 896/1384/1488
s 2
f 985/1385/1489 277/1386/1490 763/1387/1491 984/1388/1492
f 278/1389/1493 741/1390/1494 986/1391/1495 987/1392/1496
f 989/1393/1497 279/1394/1498 714/1395/1499 988/1396/1500
f 280/1397/1501 685/1398/1502 990/1399/1503 991/1400/1504
f 993/1401/1505 281/1402/1506 656/1403/1507 992/1404/1508
f 282/1405/1509 633/1406/1510 994/1407/1511 995/1408/1512
f 997/1409/1513 283/1410/1514 615/1411/1515 996/1412/1516
f 284/1413/1517 601/1414/1518 998/1415/1519 999/1416/1520
f 1001/1417/1521 285/1418/1522 584/1419/1523 1000/1420/1524
f 286/1421/1525 563/1422/1526 1002/1423/1527 1003/1424/1528
f 1005/1425/1529 287/1426/1530 542/1427/1531 1004/1428/1532
f 288/1429/1533 514/1430/1534 1006/1431/1535 1007/1432/1536
f 1009/1433/1537 289/1434/1538 488/1435/1539 1008/1436/1540
f 290/1437/1541 462/1438/1542 1010/1439/1543 1011/1440/1544
s 60
f 1968/2544/1545 1967/1442/1546 1969/1443/1547 1970/2543/1548
f 1972/2224/1549 1971/1446/1550 1973/2545/1551 1974/2546/1552
s 61
f 1975/2548/1553 1976/1450/1554 1972/1445/1555 1974/2547/1556
s 4
f 1975/2741/1557 1977/1451/1558 1978/1452/1559 1976/2350/1560
f 1980/1453/1561 1979/1454/1562 1981/1455/1563 1982/1456/1564
f 1984/1457/1565 1983/1458/1566 1985/1459/1567 1986/1460/1568
f 1988/1461/1569 1987/1462/1570 1989/1463/1571 1990/1464/1572
f 1992/2648/1573 1991/1466/1574 1993/1467/1575 1994/1468/1576
s 64
f 553/1469/1577 291/1470/1578 1017/1471/1579 1018/1472/1580
f 574/1473/1581 292/1474/1582 1019/1475/1583 1020/1476/1584
s 4
f 1996/2549/1585 1995/2550/1586 1997/2551/1587 1998/1480/1588
f 2000/1481/1589 1999/1482/1590 2001/1483/1591 2002/1484/1592
f 2004/1485/1593 2003/1486/1594 2005/1487/1595 2006/1488/1596
s 68
f 650/1489/1597 294/1490/1598 1022/1491/1599 1023/1492/1600
f 677/1493/1601 295/1494/1602 1024/1495/1603 1025/1496/1604
f 706/1497/1605 296/1498/1606 1026/1499/1607 1027/1500/1608
f 733/1501/1609 297/1502/1610 1028/1503/1611 1029/1504/1612
f 756/1505/1613 298/1506/1614 1030/1507/1615 1031/1508/1616
s 4
f 2008/1509/1617 2007/1510/1618 2009/1511/1619 2010/1512/1620
s 5
f 276/2226/1621 299/2348/1622 1032/1515/1623 983/1516/1624
s 2
f 1080/1517/1625 301/1518/1626 765/1519/1627 1079/1520/1628
f 302/1521/1629 743/1522/1630 1081/1523/1631 1082/1524/1632
f 1084/1525/1633 303/1526/1634 716/1527/1635 1083/1528/1636
f 304/1529/1637 687/1530/1638 1085/1531/1639 1086/1532/1640
f 1088/1533/1641 305/1534/1642 658/1535/1643 1087/1536/1644
f 306/1537/1645 635/1538/1646 1089/1539/1647 1090/1540/1648
f 1092/1541/1649 307/1542/1650 617/1543/1651 1091/1544/1652
f 308/1545/1653 603/1546/1654 1093/1547/1655 1094/1548/1656
f 1096/1549/1657 309/1550/1658 586/1551/1659 1095/1552/1660
f 310/1553/1661 565/1554/1662 1097/1555/1663 1098/1556/1664
f 1100/1557/1665 311/1558/1666 544/1559/1667 1099/1560/1668
f 312/1561/1669 516/1562/1670 1101/1563/1671 1102/1564/1672
f 1104/1565/1673 313/1566/1674 490/1567/1675 1103/1568/1676
f 314/1569/1677 464/1570/1678 1105/1571/1679 1106/1572/1680
f 1108/1573/1681 315/1574/1682 439/1575/1683 1107/1576/1684
f 316/2216/1685 420/1578/1686 1109/1579/1687 1110/2211/1688
s 43
f 1111/2341/1689 317/1582/1690 316/1577/1691 1110/1580/1692
s 4
f 2011/2553/1693 2012/1583/1694 2013/1584/1695 2014/2552/1696
f 2016/1585/1697 2015/1586/1698 2017/1587/1699 2018/1588/1700
f 2020/1589/1701 2019/1590/1702 2021/1591/1703 2022/1592/1704
f 2024/1593/1705 2023/1594/1706 2025/1595/1707 2026/1596/1708
f 2028/1597/1709 2027/1598/1710 2029/1599/1711 2030/1600/1712
f 2032/1601/1713 2031/1602/1714 2033/1603/1715 2034/1604/1716
f 2036/1605/1717 2035/1606/1718 2037/1607/1719 2038/1608/1720
f 2040/1609/1721 2039/1610/1722 2041/1611/1723 2042/1612/1724
f 2044/1613/1725 2043/1614/1726 2045/1615/1727 2046/1616/1728
f 2048/1617/1729 2047/1618/1730 2049/1619/1731 2050/1620/1732
f 2052/2554/1733 2051/2555/1734 2053/1623/1735 2054/2556/1736
s 68
f 675/1625/1737 319/1626/1738 1113/1627/1739 1114/1628/1740
f 704/1629/1741 320/1630/1742 1115/1631/1743 1116/1632/1744
f 731/1633/1745 321/1634/1746 1117/1635/1747 1118/1636/1748
f 754/1637/1749 322/1638/1750 1119/1639/1751 1120/1640/1752
s 4
f 2056/1641/1753 2055/1642/1754 2057/1643/1755 2058/1644/1756
s 5
f 300/2218/1757 323/2340/1758 1121/1647/1759 1078/1648/1760
s 2
f 1165/1649/1761 325/1650/1762 767/1651/1763 1164/1652/1764
f 326/1653/1765 745/1654/1766 1166/1655/1767 1167/1656/1768
f 1169/1657/1769 327/1658/1770 718/1659/1771 1168/1660/1772
f 328/1661/1773 689/1662/1774 1170/1663/1775 1171/1664/1776
f 1173/1665/1777 329/1666/1778 660/1667/1779 1172/1668/1780
s 39
f 2442/2557/1781 2441/2558/1782 2443/1671/1783 2444/1672/1784
f 2446/2559/1785 2445/2560/1786 2447/2561/1787 2448/1676/1788
s 2
f 332/1677/1789 605/1678/1790 1175/1679/1791 1176/1680/1792
s 39
f 2450/1681/1793 2449/1682/1794 2451/1683/1795 2452/1684/1796
f 2454/1685/1797 2453/1686/1798 2455/1687/1799 2456/1688/1800
f 2458/2562/1801 2457/2563/1802 2459/1691/1803 2460/1692/1804
s 2
f 334/1693/1805 518/1694/1806 1178/1695/1807 1179/1696/1808
f 1181/1697/1809 335/1698/1810 492/1699/1811 1180/1700/1812
f 336/1701/1813 466/1702/1814 1182/1703/1815 1183/1704/1816
f 1185/1705/1817 337/1706/1818 441/1707/1819 1184/1708/1820
f 338/2208/1821 422/1710/1822 1186/1711/1823 1187/2203/1824
s 43
f 1188/2333/1825 339/1714/1826 338/1709/1827 1187/1712/1828
s 4
f 2059/2567/1829 2060/2564/1830 2061/2565/1831 2062/2566/1832
s 45
f 454/1717/1833 340/1718/1834 1190/1719/1835 1191/1720/1836
f 480/1721/1837 341/1722/1838 1192/1723/1839 1193/1724/1840
f 506/1725/1841 342/1726/1842 1194/1727/1843 1195/1728/1844
f 531/1729/1845 343/1730/1846 1196/1731/1847 1197/1732/1848
s 4
f 2064/1733/1849 2063/1734/1850 2065/1735/1851 2066/1736/1852
f 2068/1737/1853 2067/1738/1854 2069/1739/1855 2070/1740/1856
f 2072/1741/1857 2071/1742/1858 2073/1743/1859 2074/1744/1860
f 2076/1745/1861 2075/1746/1862 2077/1747/1863 2078/1748/1864
f 2080/1749/1865 2079/1750/1866 2081/1751/1867 2082/1752/1868
f 2084/1753/1869 2083/1754/1870 2085/1755/1871 2086/1756/1872
f 2088/1757/1873 2087/1758/1874 2089/1759/1875 2090/1760/1876
f 2092/1761/1877 2091/1762/1878 2093/1763/1879 2094/1764/1880
f 2096/1765/1881 2095/1766/1882 2097/1767/1883 2098/1768/1884
f 2100/1769/1885 2099/1770/1886 2101/1771/1887 2102/1772/1888
f 2104/1773/1889 2103/1774/1890 2105/1775/1891 2106/1776/1892
s 5
f 324/2210/1893 344/2332/1894 1198/1779/1895 1163/1780/1896
s 2
f 1242/1781/1897 346/1782/1898 769/1783/1899 1241/1784/1900
f 347/1785/1901 747/1786/1902 1243/1787/1903 1244/1788/1904
f 1246/1789/1905 348/1790/1906 720/1791/1907 1245/1792/1908
f 349/1793/1909 691/1794/1910 1247/1795/1911 1248/1796/1912
f 1250/1797/1913 350/1798/1914 662/1799/1915 1249/1800/1916
f 351/1801/1917 638/1802/1918 1251/1803/1919 1252/1804/1920
s 39
f 2462/1805/1921 2461/1806/1922 2463/1807/1923 2464/1808/1924
f 2466/1809/1925 2465/1810/1926 2467/1811/1927 2468/1812/1928
f 2470/2568/1929 2469/2569/1930 2471/1815/1931 2472/1816/1932
s 2
f 353/1817/1933 567/1818/1934 1254/1819/1935 1255/1820/1936
f 1257/1821/1937 354/1822/1938 546/1823/1939 1256/1824/1940
f 355/1825/1941 520/1826/1942 1258/1827/1943 1259/1828/1944
f 1261/1829/1945 356/1830/1946 494/1831/1947 1260/1832/1948
f 357/1833/1949 468/1834/1950 1262/1835/1951 1263/1836/1952
f 1265/1837/1953 358/1838/1954 443/1839/1955 1264/1840/1956
f 359/2200/1957 424/1842/1958 1266/1843/1959 1267/2195/1960
s 43
f 1268/2325/1961 360/1846/1962 359/1841/1963 1267/1844/1964
s 4
f 2107/2573/1965 2108/2570/1966 2109/2571/1967 2110/2572/1968
s 45
f 452/1849/1969 361/1850/1970 1270/1851/1971 1271/1852/1972
f 478/1853/1973 362/1854/1974 1272/1855/1975 1273/1856/1976
f 504/1857/1977 363/1858/1978 1274/1859/1979 1275/1860/1980
f 529/1861/1981 364/1862/1982 1276/1863/1983 1277/1864/1984
s 4
f 2112/1865/1985 2111/2574/1986 2113/2575/1987 2114/1868/1988
f 2116/1869/1989 2115/1870/1990 2117/1871/1991 2118/1872/1992
f 2120/1873/1993 2119/1874/1994 2121/1875/1995 2122/1876/1996
f 2124/1877/1997 2123/1878/1998 2125/1879/1999 2126/1880/2000
f 2128/1881/2001 2127/1882/2002 2129/1883/2003 2130/1884/2004
f 2132/2578/2005 2131/1886/2006 2133/2576/2007 2134/2577/2008
s 121
f 672/1889/2009 366/1890/2010 1281/1891/2011 1282/1892/2012
f 701/1893/2013 367/1894/2014 1283/1895/2015 1284/1896/2016
f 729/1897/2017 368/1898/2018 1285/1899/2019 1286/1900/2020
s 4
f 2136/1901/2021 2135/2579/2022 2137/2580/2023 2138/1904/2024
f 2140/1905/2025 2139/1906/2026 2141/1907/2027 2142/1908/2028
s 5
f 345/2202/2029 370/2324/2030 1288/1911/2031 1240/1912/2032
s 2
f 1339/1913/2033 372/1914/2034 771/1915/2035 1338/1916/2036
f 373/1917/2037 749/1918/2038 1340/1919/2039 1341/1920/2040
f 1343/1921/2041 374/1922/2042 722/1923/2043 1342/1924/2044
f 375/1925/2045 693/1926/2046 1344/1927/2047 1345/1928/2048
f 1347/1929/2049 376/1930/2050 664/1931/2051 1346/1932/2052
f 377/1933/2053 640/1934/2054 1348/1935/2055 1349/1936/2056
s 39
f 2474/1937/2057 2473/1938/2058 2475/2581/2059 2476/2582/2060
f 2478/1941/2061 2477/1942/2062 2479/1943/2063 2480/1944/2064
f 2482/1945/2065 2481/1946/2066 2483/1947/2067 2484/1948/2068
s 2
f 378/1949/2069 569/1950/2070 1351/1951/2071 1352/1952/2072
f 1354/1953/2073 379/1954/2074 548/1955/2075 1353/1956/2076
f 380/1957/2077 522/1958/2078 1355/1959/2079 1356/1960/2080
f 1358/1961/2081 381/1962/2082 496/1963/2083 1357/1964/2084
f 382/1965/2085 470/1966/2086 1359/1967/2087 1360/1968/2088
f 1362/1969/2089 383/1970/2090 445/1971/2091 1361/1972/2092
f 384/2192/2093 426/1974/2094 1363/1975/2095 1364/2187/2096
s 43
f 1365/2317/2097 385/1978/2098 384/1973/2099 1364/1976/2100
s 4
f 2143/2584/2101 2144/1979/2102 2145/1980/2103 2146/2583/2104
f 2148/2585/2105 2147/2586/2106 2149/1983/2107 2150/2587/2108
s 45
f 476/1985/2109 387/1986/2110 1367/1987/2111 1368/1988/2112
f 502/1989/2113 388/1990/2114 1369/1991/2115 1370/1992/2116
f 527/1993/2117 389/1994/2118 1371/1995/2119 1372/1996/2120
s 4
f 2152/1997/2121 2151/2640/2122 2153/1999/2123 2154/2000/2124
f 2156/2001/2125 2155/2002/2126 2157/2003/2127 2158/2004/2128
f 2160/2005/2129 2159/2006/2130 2161/2007/2131 2162/2008/2132
f 2164/2009/2133 2163/2010/2134 2165/2011/2135 2166/2012/2136
f 2168/2013/2137 2167/2014/2138 2169/2015/2139 2170/2016/2140
f 2172/2588/2141 2171/2589/2142 2173/2019/2143 2174/2590/2144
s 121
f 670/2021/2145 392/2022/2146 1374/2023/2147 1375/2024/2148
f 699/2025/2149 393/2026/2150 1376/2027/2151 1377/2028/2152
f 727/2029/2153 394/2030/2154 1378/2031/2155 1379/2032/2156
s 4
f 2176/2033/2157 2175/2682/2158 2177/2035/2159 2178/2036/2160
f 2180/2037/2161 2179/2038/2162 2181/2039/2163 2182/2040/2164
s 5
f 371/2194/2165 396/2316/2166 1380/2043/2167 1337/2044/2168
s 2
f 233/1086/2169 1448/2045/2170 1449/2046/2171 774/1087/2172
f 1446/2047/2173 1447/2048/2174 752/95/2175 34/94/2176
f 216/1018/2177 1444/2049/2178 1445/2050/2179 725/1019/2180
f 1442/2051/2181 1443/2052/2182 696/71/2183 26/70/2184
f 200/950/2185 1440/2053/2186 1441/2054/2187 667/951/2188
f 1438/2055/2189 1439/2056/2190 643/83/2191 30/82/2192
f 189/882/2193 1436/2057/2194 1437/2058/2195 624/883/2196
f 1434/2059/2197 1435/2060/2198 607/23/2199 10/22/2200
f 178/814/2201 1432/2061/2202 1433/2062/2203 589/815/2204
f 1430/2063/2205 1431/2064/2206 572/47/2207 18/46/2208
f 165/746/2209 1428/2065/2210 1429/2066/2211 551/747/2212
f 1426/2067/2213 1427/2068/2214 525/35/2215 14/34/2216
f 150/678/2217 1424/2069/2218 1425/2070/2219 499/679/2220
f 1422/2071/2221 1423/2072/2222 473/59/2223 22/58/2224
f 136/610/2225 1420/2073/2226 1421/2074/2227 448/611/2228
f 1418/2075/2229 1419/2076/2230 429/8/2231 5/2182/2232
s 43
f 7/2436/2233 1417/2077/2234 1418/2181/2235 5/7/2236
s 4
f 2183/2591/2237 2184/2592/2238 2185/2078/2239 2186/2593/2240
f 2187/2079/2241 2188/2080/2242 2189/2594/2243 2190/2595/2244
f 2191/2081/2245 2192/2082/2246 2193/2596/2247 2194/2597/2248
f 2195/2083/2249 2196/2084/2250 2197/2598/2251 2198/2599/2252
f 2199/2085/2253 2200/2086/2254 2201/2600/2255 2202/2601/2256
f 2203/2087/2257 2204/2088/2258 2205/2602/2259 2206/2603/2260
f 2207/2089/2261 2208/2090/2262 2209/2604/2263 2210/2605/2264
f 2211/2091/2265 2212/2092/2266 2213/2606/2267 2214/2607/2268
f 2215/2093/2269 2216/2094/2270 2217/2608/2271 2218/2609/2272
f 2219/2095/2273 2220/2096/2274 2221/2610/2275 2222/2611/2276
f 2223/2097/2277 2224/2098/2278 2225/2612/2279 2226/2613/2280
f 2227/2099/2281 2228/2100/2282 2229/2614/2283 2230/2615/2284
f 2231/2101/2285 2232/2102/2286 2233/2616/2287 2234/2617/2288
f 2235/2103/2289 2236/2104/2290 2237/2618/2291 2238/2619/2292
f 2239/2105/2293 2240/2106/2294 2241/2620/2295 2242/2621/2296
f 2243/2107/2297 2244/2108/2298 2245/2622/2299 2246/2623/2300
s 5
f 1450/2109/2301 1416/2110/2302 8/2373/2303 6/2180/2304
s 2
f 416/2304/6 129/577/641 807/580/644 808/5/7
f 843/1183/1279 417/1182/1278 251/1177/1273 842/1180/1276
f 883/267/311 418/266/310 130/582/646 882/581/645
s 60
f 1917/1315/1415 1915/1314/1414 1911/1310/1410 1912/1309/1409
f 1513/199/239 1511/198/238 1651/586/650 1652/585/649
f 1973/2545/1551 1971/1446/1550 1967/1442/1546 1968/2544/1545
s 2
f 1064/335/383 419/334/382 131/590/654 1063/589/653
f 1109/1579/1687 420/1578/1686 315/1574/1682 1108/1573/1681
f 1150/131/167 421/130/166 132/594/658 1149/593/657
f 1186/1711/1823 422/1710/1822 337/1706/1818 1185/1705/1817
f 1221/471/527 423/470/526 133/598/662 1220/597/661
f 1266/1843/1959 424/1842/1958 358/1838/1954 1265/1837/1953
f 1315/403/455 425/402/454 134/602/666 1314/601/665
f 1363/1975/2095 426/1974/2094 383/1970/2090 1362/1969/2089
f 1412/539/599 427/538/598 135/606/670 1411/605/669
f 429/8/2231 1419/2076/2230 1420/2073/2226 136/610/2225
s 3
f 430/2432/11 429/2302/10 136/2303/674 137/2433/673
s 4
f 2185/2078/2239 2184/2592/2238 2189/2594/2243 2188/2080/2242
f 1621/544/607 1620/543/606 1655/614/678 1656/613/677
f 2145/1980/2103 2144/1979/2102 2149/1983/2107 2147/2586/2106
f 1585/408/463 1584/407/462 2247/2624/2305 2248/2625/2306
s 45
f 431/1848/2307 1269/1847/2308 1270/1851/1971 361/1850/1970
f 432/476/2309 1224/475/2310 1225/622/686 139/621/685
f 433/1716/2311 1189/1715/2312 1190/1719/1835 340/1718/1834
s 4
f 1485/136/175 1484/2626/174 2249/2627/2313 2250/2628/2314
f 2013/1584/1695 2012/1583/1694 2017/1587/1699 2015/1586/1698
f 1565/340/391 1564/339/390 1659/630/694 1660/629/693
f 1978/1452/1559 1977/1451/1558 1981/1455/1563 1979/1454/1562
f 1518/204/247 1517/203/246 1663/634/698 1664/633/697
f 1922/1320/1423 1921/1319/1422 1925/1323/1427 1923/1322/1426
f 1537/272/319 1536/271/318 1667/638/702 1668/637/701
f 1849/1188/1287 1848/1187/1286 1853/1191/1291 1851/1190/1290
f 1453/2439/15 1452/12/14 1671/642/706 1672/2493/705
s 1
f 416/3/3 434/2430/2 141/2431/710 129/2305/709
s 2
f 435/2300/642 21/53/73 805/56/76 806/579/643
f 841/1179/1275 436/1178/1274 250/1173/1269 840/1176/1272
f 881/584/648 437/583/647 71/261/305 880/264/308
s 60
f 1914/1312/1412 1913/1311/1411 2251/2629/2315 2252/2630/2316
f 1654/588/652 1653/587/651 2253/2631/2317 2254/2632/2318
f 1970/2543/1548 1969/1443/1547 2255/2633/2319 2256/2634/2320
s 2
f 1062/592/656 438/591/655 83/329/377 1061/332/380
f 1107/1576/1684 439/1575/1683 314/1569/1677 1106/1572/1680
f 1148/596/660 440/595/659 44/125/161 1147/128/164
f 1184/1708/1820 441/1707/1819 336/1701/1813 1183/1704/1816
f 1219/600/664 442/599/663 109/465/521 1218/468/524
f 1264/1840/1956 443/1839/1955 357/1833/1949 1263/1836/1952
f 1313/604/668 444/603/667 96/397/449 1312/400/452
f 1361/1972/2092 445/1971/2091 382/1965/2085 1360/1968/2088
f 1410/608/672 446/607/671 122/533/593 1409/536/596
f 448/611/2228 1421/2074/2227 1422/2071/2221 22/58/2224
s 3
f 449/2428/676 448/2298/675 22/2299/78 23/2429/77
s 4
f 2192/2082/2246 2187/2079/2241 2190/2595/2244 2193/2596/2247
f 1658/616/680 1657/615/679 1625/547/611 1623/2489/610
s 45
f 387/1986/2110 450/1981/2321 1366/1984/2322 1367/1987/2111
f 451/620/684 1319/619/683 1320/411/467 99/410/466
f 362/1854/1974 452/1849/1969 1271/1852/1972 1272/1855/1975
f 453/624/688 1226/623/687 1227/479/539 112/478/538
f 341/1722/1838 454/1717/1833 1191/1720/1836 1192/1723/1839
f 455/628/692 1155/627/691 1156/139/179 47/138/178
s 4
f 2019/1590/1702 2016/1585/1697 2018/1588/1700 2021/1591/1703
f 1662/632/696 1661/631/695 1569/343/395 1567/342/394
f 1983/1458/1566 1980/1453/1561 1982/1456/1564 1985/1459/1567
f 1666/636/700 1665/635/699 1521/207/251 1519/206/250
f 1927/1326/1430 1924/1321/1425 1926/1324/1428 1929/1327/1431
f 1670/640/704 1669/639/703 1541/275/323 1539/274/322
f 1855/1194/1294 1852/1189/1289 1854/1192/1292 1857/1195/1295
f 1674/2492/708 1673/643/707 1467/62/82 1468/2449/81
s 1
f 435/578/712 456/2426/711 24/2427/86 21/2301/85
s 2
f 457/2296/74 142/645/713 803/648/716 804/55/75
f 839/1175/1271 458/1174/1270 249/1169/1265 838/1172/1268
f 879/263/307 459/262/306 143/650/718 878/649/717
f 923/1307/1407 460/1306/1406 268/1302/1402 922/1301/1401
f 962/195/235 461/194/234 144/654/722 961/653/721
f 1010/1439/1543 462/1438/1542 289/1434/1538 1009/1433/1537
f 1060/331/379 463/330/378 145/658/726 1059/657/725
f 1105/1571/1679 464/1570/1678 313/1566/1674 1104/1565/1673
f 1146/127/163 465/126/162 146/662/730 1145/661/729
f 1182/1703/1815 466/1702/1814 335/1698/1810 1181/1697/1809
f 1217/467/523 467/466/522 147/666/734 1216/665/733
f 1262/1835/1951 468/1834/1950 356/1830/1946 1261/1829/1945
f 1311/399/451 469/398/450 148/670/738 1310/669/737
f 1359/1967/2087 470/1966/2086 381/1962/2082 1358/1961/2081
f 1408/535/595 471/534/594 149/674/742 1407/673/741
f 473/59/2223 1423/2072/2222 1424/2069/2218 150/678/2217
s 3
f 474/2424/80 473/2294/79 150/2295/746 151/2425/745
s 4
f 2196/2084/2250 2191/2081/2245 2194/2597/2248 2197/2598/2251
f 1675/2495/750 1624/2488/609 1626/548/612 1677/683/751
s 45
f 388/1990/2114 476/1985/2109 1368/1988/2112 1369/1991/2115
f 153/686/754 477/409/465 1321/412/468 1322/687/755
f 363/1858/1978 478/1853/1973 1273/1856/1976 1274/1859/1979
f 154/690/758 479/477/537 1228/480/540 1229/691/759
f 342/1726/1842 480/1721/1837 1193/1724/1840 1194/1727/1843
f 155/694/762 481/137/177 1157/140/180 1158/695/763
s 4
f 2023/1594/1706 2020/1589/1701 2022/1592/1704 2025/1595/1707
f 1679/698/766 1568/341/393 1570/344/396 1681/699/767
f 1987/1462/1570 1984/1457/1565 1986/1460/1568 1989/1463/1571
f 1683/702/770 1520/205/249 1522/208/252 1685/703/771
f 1931/1330/1434 1928/1325/1429 1930/1328/1432 1933/1331/1435
f 1687/706/774 1540/273/321 1542/276/324 1689/707/775
f 1859/1198/1298 1856/1193/1293 1858/1196/1296 1861/1199/1299
f 1470/2448/84 1469/63/83 1691/710/778 1692/2497/777
s 1
f 457/54/88 482/2422/87 156/2423/782 142/2297/781
s 2
f 483/2292/714 13/29/41 801/32/44 802/647/715
f 837/1171/1267 484/1170/1266 248/1165/1261 836/1168/1264
f 877/652/720 485/651/719 70/257/301 876/260/304
f 921/1304/1404 486/1303/1403 267/1297/1397 920/1300/1400
f 960/656/724 487/655/723 57/189/229 959/192/232
f 1008/1436/1540 488/1435/1539 288/1429/1533 1007/1432/1536
f 1058/660/728 489/659/727 82/325/373 1057/328/376
f 1103/1568/1676 490/1567/1675 312/1561/1669 1102/1564/1672
f 1144/664/732 491/663/731 43/121/157 1143/124/160
f 1180/1700/1812 492/1699/1811 334/1693/1805 1179/1696/1808
f 1215/668/736 493/667/735 108/461/517 1214/464/520
f 1260/1832/1948 494/1831/1947 355/1825/1941 1259/1828/1944
f 1309/672/740 495/671/739 95/393/445 1308/396/448
f 1357/1964/2084 496/1963/2083 380/1957/2077 1356/1960/2080
f 1406/676/744 497/675/743 121/529/589 1405/532/592
f 499/679/2220 1425/2070/2219 1426/2067/2213 14/34/2216
s 3
f 500/2420/748 499/2290/747 14/2291/46 15/2421/45
s 4
f 2200/2086/2254 2195/2083/2249 2198/2599/2252 2201/2600/2255
f 1627/2635/614 1676/2494/749 1678/684/752 1629/551/615
s 45
f 389/1994/2118 502/1989/2113 1370/1992/2116 1371/1995/2119
f 100/414/470 503/685/753 1323/688/756 1324/415/471
f 364/1862/1982 504/1857/1977 1275/1860/1980 1276/1863/1983
f 113/482/542 505/689/757 1230/692/760 1231/483/543
f 343/1730/1846 506/1725/1841 1195/1728/1844 1196/1731/1847
f 48/142/2323 507/693/761 1159/696/764 1160/143/2324
s 4
f 2027/1598/1710 2024/1593/1705 2026/1596/1708 2029/1599/1711
f 1571/346/398 1680/697/765 1682/700/768 1573/347/399
f 1991/1466/1574 1988/1461/1569 1990/1464/1572 1993/1467/1575
f 2257/2637/2325 1684/701/769 1686/704/772 2258/2636/2326
f 2259/2639/2327 1932/1329/1433 1934/1332/1436 2260/2638/2328
f 1543/278/326 1688/705/773 1690/708/776 1545/2471/327
f 1863/1202/1302 1860/1197/1297 1862/1200/1300 1865/1203/1303
f 1694/2496/780 1693/711/779 1459/38/50 1460/2445/49
s 1
f 483/646/784 508/2418/783 16/2419/54 13/2293/53
s 2
f 509/2288/42 157/713/785 799/716/788 800/31/43
f 835/1167/1263 510/1166/1262 247/1161/1257 834/1164/1260
f 875/259/303 511/258/302 158/718/790 874/717/789
f 919/1299/1399 512/1298/1398 266/1294/1394 918/1293/1393
f 958/191/231 513/190/230 159/722/794 957/721/793
f 1006/1431/1535 514/1430/1534 287/1426/1530 1005/1425/1529
f 1056/327/375 515/326/374 160/726/798 1055/725/797
f 1101/1563/1671 516/1562/1670 311/1558/1666 1100/1557/1665
f 1142/123/159 517/122/158 161/730/802 1141/729/801
f 1178/1695/1807 518/1694/1806 333/1690/2329 1177/1689/2330
f 1213/463/519 519/462/518 162/734/2331 1212/733/2332
f 1258/1827/1943 520/1826/1942 354/1822/1938 1257/1821/1937
f 1307/395/447 521/394/446 163/738/810 1306/737/809
f 1355/1959/2079 522/1958/2078 379/1954/2074 1354/1953/2073
f 1404/531/591 523/530/590 164/742/814 1403/741/813
f 525/35/2215 1427/2068/2214 1428/2065/2210 165/746/2209
s 3
f 526/2416/48 525/2286/47 165/2287/818 166/2417/817
s 4
f 2204/2088/2258 2199/2085/2253 2202/2601/2256 2205/2602/2259
f 1695/750/822 1628/549/613 1630/552/616 1697/751/823
f 2151/2640/2122 2261/2641/2333 2262/2642/2334 2153/1999/2123
s 45
f 167/754/2335 528/413/469 1325/416/472 1326/755/2336
f 365/1866/2337 529/1861/1981 1277/1864/1984 1278/1867/2338
s 4
f 1703/758/830 2263/2643/2339 2264/2644/2340 1705/759/831
f 2063/1734/1850 2265/2645/2341 2266/2646/2342 2065/1735/1851
f 1707/762/834 1488/141/181 1490/2462/184 1709/763/835
f 2031/1602/1714 2028/1597/1709 2030/1600/1712 2033/1603/1715
f 1711/766/838 1572/345/397 1574/348/400 1713/767/839
f 2267/2647/2343 1992/2648/1573 1994/1468/1576 2268/2649/2344
s 64
f 168/770/842 533/209/253 965/212/256 966/771/843
f 271/1338/1442 534/1333/1437 926/1336/1440 927/1339/1443
f 169/774/846 535/277/2345 887/280/2346 888/775/847
s 4
f 1867/1206/1306 1864/1201/1301 1866/1204/1304 1869/2537/1307
f 1462/2444/52 1461/39/51 1715/778/850 1716/2504/849
s 1
f 509/30/56 536/2414/55 170/2415/854 157/2289/853
s 2
f 537/2284/786 17/41/57 797/44/60 798/715/787
f 833/1163/1259 538/1162/1258 246/1157/1253 832/1160/1256
f 873/720/792 539/719/791 69/253/297 872/256/300
f 917/1296/1396 540/1295/1395 265/1289/1389 916/1292/1392
f 956/724/796 541/723/795 56/185/225 955/188/228
f 1004/1428/1532 542/1427/1531 286/1421/1525 1003/1424/1528
f 1054/728/800 543/727/799 81/321/369 1053/324/372
f 1099/1560/1668 544/1559/1667 310/1553/1661 1098/1556/1664
s 39
f 2486/2650/2347 2485/2651/2348 2390/2456/153 2392/120/156
f 2460/1692/1804 2459/1691/1803 2454/1685/1797 2456/1688/1800
f 2416/2500/808 2415/735/807 2406/457/513 2408/460/516
s 2
f 1256/1824/1940 546/1823/1939 353/1817/1933 1255/1820/1936
f 1305/740/812 547/739/811 94/389/441 1304/392/444
f 1353/1956/2076 548/1955/2075 378/1949/2069 1352/1952/2072
f 1402/744/816 549/743/815 120/525/585 1401/528/588
f 551/747/2212 1429/2066/2211 1430/2063/2205 18/46/2208
s 3
f 552/2412/820 551/2282/819 18/2283/62 19/2413/61
s 4
f 2208/2090/2262 2203/2087/2257 2206/2603/2260 2209/2604/2263
f 1631/554/618 1696/749/821 1698/752/824 1633/555/619
f 2155/2002/2126 2152/1997/2121 2154/2000/2124 2157/2003/2127
f 1587/418/474 1700/753/825 1702/756/828 1589/419/475
f 2115/1870/1990 2112/1865/1985 2114/1868/1988 2117/1871/1991
f 1603/486/546 1704/757/829 1706/760/832 1605/487/547
f 2067/1738/1854 2064/1733/1849 2066/1736/1852 2069/1739/1855
f 1491/146/186 1708/761/833 1710/764/836 1493/147/187
f 2035/1606/1718 2032/1601/1713 2034/1604/1716 2037/1607/1719
f 1575/350/402 1712/765/837 1714/768/840 1577/351/403
s 64
f 292/1474/1582 553/1469/1577 1018/1472/1580 1019/1475/1583
f 60/214/258 554/769/841 967/772/844 968/215/259
f 272/1342/1446 555/1337/1441 928/1340/1444 929/1343/1447
f 74/282/330 556/773/845 889/776/848 890/283/331
s 4
f 1871/1210/1310 1868/1205/1305 1870/2538/1308 1873/2539/1311
f 1718/2503/852 1717/779/851 1463/50/66 1464/2447/65
s 1
f 537/714/856 557/2410/855 20/2411/70 17/2285/69
s 2
f 558/2280/58 171/781/857 795/784/860 796/43/59
f 831/1159/1255 559/1158/1254 245/1153/1249 830/1156/1252
f 871/255/299 560/254/298 172/786/862 870/785/861
f 915/1291/1391 561/1290/1390 264/1286/1386 914/1285/1385
f 954/187/227 562/186/226 173/790/866 953/789/865
f 1002/1423/1527 563/1422/1526 285/1418/1522 1001/1417/1521
f 1052/323/371 564/322/370 174/794/870 1051/793/869
f 1097/1555/1663 565/1554/1662 309/1550/1658 1096/1549/1657
s 39
f 2391/119/155 2389/2457/154 2417/2505/874 2418/797/873
f 2455/1687/1799 2453/1686/1798 2449/1682/1794 2450/1681/1793
f 2407/459/515 2405/458/514 2421/802/878 2422/801/877
s 2
f 1254/1819/1935 567/1818/1934 352/1814/2349 1253/1813/2350
s 39
f 2488/2652/2351 2487/2653/2352 2425/2654/882 2426/805/881
f 2490/2655/2353 2489/2656/2354 2481/1946/2066 2482/1945/2065
s 2
f 1400/527/587 570/526/586 177/810/2355 1399/809/2356
f 572/47/2207 1431/2064/2206 1432/2061/2202 178/814/2201
s 3
f 573/2408/64 572/2278/63 178/2279/890 179/2409/889
s 4
f 2212/2092/2266 2207/2089/2261 2210/2605/2264 2213/2606/2267
f 1719/818/894 1632/553/617 1634/556/620 1721/819/895
f 2159/2006/2130 2156/2001/2125 2158/2004/2128 2161/2007/2131
f 1723/822/898 1588/417/473 1590/420/476 1725/823/899
f 2119/1874/1994 2116/1869/1989 2118/1872/1992 2121/1875/1995
f 1727/826/902 1604/485/545 1606/488/548 1729/827/903
f 2071/1742/1858 2068/1737/1853 2070/1740/1856 2073/1743/1859
f 1731/830/906 1492/145/185 1494/148/188 1733/831/907
f 2039/1610/1722 2036/1605/1717 2038/1608/1720 2041/1611/1723
f 1735/834/910 1576/349/401 1578/352/404 1737/835/911
s 64
f 293/1478/2357 574/1473/1581 1020/1476/1584 1021/1479/2358
f 180/838/914 575/213/257 969/216/260 970/839/915
f 273/1346/1450 576/1341/1445 930/1344/1448 931/1347/1451
f 181/842/918 577/281/329 891/284/332 892/843/919
s 4
f 1875/1214/1314 1872/1209/1309 1874/2540/1312 1877/2657/1315
f 1466/2446/68 1465/51/67 1739/846/922 1740/2512/921
s 1
f 558/42/72 578/2406/71 182/2407/926 171/2281/925
s 2
f 579/2276/858 9/17/25 793/20/28 794/783/859
f 829/1155/1251 580/1154/1250 244/1149/1245 828/1152/1248
f 869/788/864 581/787/863 68/249/293 868/252/296
f 913/1288/1388 582/1287/1387 263/1281/1381 912/1284/1384
f 952/792/868 583/791/867 55/181/221 951/184/224
f 1000/1420/1524 584/1419/1523 284/1413/1517 999/1416/1520
f 1050/796/872 585/795/871 80/317/365 1049/320/368
f 1095/1552/1660 586/1551/1659 308/1545/1653 1094/1548/1656
f 1139/800/2359 587/799/2360 41/113/149 1138/116/152
s 39
f 2452/1684/1796 2451/1683/1795 2491/2658/2361 2492/2659/2362
f 2424/804/880 2423/803/879 2402/453/509 2404/456/512
f 2472/1816/1932 2471/1815/1931 2466/1809/1925 2468/1812/1928
f 2428/808/884 2427/807/883 2394/385/437 2396/388/440
f 2484/1948/2068 2483/1947/2067 2478/1941/2061 2480/1944/2064
f 2432/2510/888 2431/811/887 2410/521/581 2412/2485/584
s 2
f 589/815/2204 1433/2062/2203 1434/2059/2197 10/22/2200
s 3
f 590/2404/892 589/2274/891 10/2275/30 11/2405/29
s 4
f 2216/2094/2270 2211/2091/2265 2214/2607/2268 2217/2608/2271
f 1635/558/622 1720/817/893 1722/820/896 1637/559/623
f 2163/2010/2134 2160/2005/2129 2162/2008/2132 2165/2011/2135
f 1591/422/478 1724/821/897 1726/824/900 1593/423/479
f 2123/1878/1998 2120/1873/1993 2122/1876/1996 2125/1879/1999
f 1607/490/550 1728/825/901 1730/828/904 1609/491/551
f 2075/1746/1862 2072/1741/1857 2074/1744/1860 2077/1747/1863
f 1495/150/190 1732/829/905 1734/832/908 1497/151/191
f 2043/1614/1726 2040/1609/1721 2042/1612/1724 2045/1615/1727
f 1579/354/406 1736/833/909 1738/836/912 1581/355/407
f 1999/1482/1590 1996/2549/1585 1998/1480/1588 2001/1483/1591
s 64
f 61/218/2363 592/837/913 971/840/916 972/219/2364
f 274/1350/2365 593/1345/1449 932/1348/1452 933/1351/2366
s 4
f 1547/286/334 2269/2660/2367 2270/2661/2368 1549/2662/335
f 1879/1218/1318 1876/1213/1313 1878/1216/1316 1881/1219/1319
f 1742/2511/924 1741/847/923 1455/26/34 1456/2443/33
s 1
f 579/782/928 595/2402/927 12/2403/38 9/2277/37
s 2
f 596/2272/26 183/849/929 791/852/932 792/19/27
f 827/1151/1247 597/1150/1246 243/1145/1241 826/1148/1244
f 867/251/295 598/250/294 184/854/934 866/853/933
f 911/1283/1383 599/1282/1382 262/1278/1378 910/1277/1377
f 950/183/223 600/182/222 185/858/938 949/857/937
f 998/1415/1519 601/1414/1518 283/1410/1514 997/1409/1513
f 1048/319/367 602/318/366 186/862/942 1047/861/941
f 1093/1547/1655 603/1546/1654 307/1542/1650 1092/1541/1649
f 1137/115/151 604/114/150 187/866/946 1136/865/945
f 1175/1679/1791 605/1678/1790 331/1674/2369 1174/1673/2370
s 39
f 2403/455/511 2401/454/510 2433/870/950 2434/869/949
f 2467/1811/1927 2465/1810/1926 2461/1806/1922 2462/1805/1921
f 2395/387/439 2393/386/438 2437/874/954 2438/873/953
f 2479/1943/2063 2477/1942/2062 2473/1938/2058 2474/1937/2057
f 2411/2484/583 2409/522/582 2493/2663/2371 2494/2664/2372
s 2
f 607/23/2199 1435/2060/2198 1436/2057/2194 189/882/2193
s 3
f 608/2400/32 607/2270/31 189/2271/962 190/2401/961
s 4
f 2220/2096/2274 2215/2093/2269 2218/2609/2272 2221/2610/2275
f 1743/886/966 1636/557/621 1638/560/624 1745/887/967
f 2167/2014/2138 2164/2009/2133 2166/2012/2136 2169/2015/2139
f 1747/890/970 1592/421/477 1594/424/480 1749/891/971
f 2127/1882/2002 2124/1877/1997 2126/1880/2000 2129/1883/2003
f 1751/894/974 1608/489/549 1610/492/552 1753/895/975
f 2079/1750/1866 2076/1745/1861 2078/1748/1864 2081/1751/1867
f 1755/898/978 1496/149/189 1498/152/192 1757/899/979
f 2047/1618/1730 2044/1613/1725 2046/1616/1728 2049/1619/1731
f 1759/902/982 1580/353/405 1582/356/408 1761/903/983
f 2003/1486/1594 2000/1481/1589 2002/1484/1592 2005/1487/1595
f 1763/906/986 1524/217/261 1526/220/264 1765/907/987
f 1939/1354/1458 1936/1349/1453 1938/1352/1456 1941/1355/1459
f 1767/910/990 1548/285/333 1550/288/336 1769/911/991
f 1883/1222/1322 1880/1217/1317 1882/1220/1320 1885/1223/1323
f 1458/2442/36 1457/27/35 1771/914/994 1772/2516/993
s 1
f 596/18/40 609/2398/39 191/2399/998 183/2273/997
s 2
f 610/2268/930 29/77/105 789/80/108 790/851/931
f 825/1147/1243 611/1146/1242 242/1141/1237 824/1144/1240
f 865/856/936 612/855/935 67/245/289 864/248/292
f 909/1280/1380 613/1279/1379 261/1273/1373 908/1276/1376
f 948/860/940 614/859/939 54/177/217 947/180/220
f 996/1412/1516 615/1411/1515 282/1405/1509 995/1408/1512
f 1046/864/944 616/863/943 79/313/361 1045/316/364
f 1091/1544/1652 617/1543/1651 306/1537/1645 1090/1540/1648
f 1135/868/948 618/867/947 40/109/145 1134/112/148
s 39
f 2448/1676/1788 2447/2561/1787 2442/2557/1781 2444/1672/1784
f 2436/872/952 2435/871/951 2398/449/505 2400/452/508
f 2464/1808/1924 2463/1807/1923 2495/2665/2373 2496/2666/2374
s 2
f 1302/876/2375 620/875/2376 93/381/433 1301/384/436
f 1350/1940/2377 621/1939/2378 377/1933/2053 1349/1936/2056
f 1394/880/960 622/879/959 119/517/577 1393/520/580
f 624/883/2196 1437/2058/2195 1438/2055/2189 30/82/2192
s 3
f 625/2396/964 624/2266/963 30/2267/110 31/2397/109
s 4
f 2224/2098/2278 2219/2095/2273 2222/2611/2276 2225/2612/2279
f 1639/562/626 1744/885/965 1746/888/968 1641/563/627
f 2171/2589/2142 2168/2013/2137 2170/2016/2140 2173/2019/2143
f 2271/2668/2379 1748/889/969 1750/892/972 2272/2667/2380
f 2131/1886/2006 2128/1881/2001 2130/1884/2004 2133/2576/2007
f 1611/494/554 1752/893/973 1754/896/976 1613/495/555
f 2083/1754/1870 2080/1749/1865 2082/1752/1868 2085/1755/1871
f 1499/154/194 1756/897/977 1758/900/980 1501/155/195
f 2051/2555/1734 2048/1617/1729 2050/1620/1732 2053/1623/1735
f 2273/2670/2381 1760/901/981 1762/904/984 2274/2669/2382
f 2275/2672/2383 2004/1485/1593 2006/1488/1596 2276/2671/2384
f 1527/222/266 1764/905/985 1766/908/988 1529/223/267
f 1943/1358/1462 1940/1353/1457 1942/1356/1460 1945/1359/1463
f 1551/290/338 1768/909/989 1770/912/992 1553/291/339
f 1887/1226/1326 1884/1221/1321 1886/1224/1324 1889/1227/1327
f 1774/2515/996 1773/915/995 1475/86/114 1476/2453/113
s 1
f 610/850/1000 626/2394/999 32/2395/118 29/2269/117
f 628/2264/120 627/2392/119 207/2393/1070 192/2265/1069
s 2
f 788/79/107 628/78/106 192/917/1001 787/920/1004
f 823/1143/1239 629/1142/1238 241/1137/1233 822/1140/1236
f 863/247/291 630/246/290 193/922/1006 862/921/1005
f 907/1275/1375 631/1274/1374 260/1270/1370 906/1269/1369
f 946/179/219 632/178/218 194/926/1010 945/925/1009
f 994/1407/1511 633/1406/1510 281/1402/1506 993/1401/1505
f 1044/315/363 634/314/362 195/930/1014 1043/929/1013
f 1089/1539/1647 635/1538/1646 305/1534/1642 1088/1533/1641
f 1133/111/147 636/110/146 196/934/1018 1132/933/1017
s 39
f 2443/1671/1783 2441/2558/1782 2497/2673/2385 2498/2674/2386
f 2399/2677/507 2397/450/506 2499/2675/2387 2500/2676/2388
s 2
f 1251/1803/1919 638/1802/1918 350/1798/1914 1250/1797/1913
f 1300/383/435 639/382/434 198/942/1026 1299/941/1025
f 1348/1935/2055 640/1934/2054 376/1930/2050 1347/1929/2049
f 1392/519/579 641/518/578 199/946/1030 1391/945/1029
f 643/83/2191 1439/2056/2190 1440/2053/2186 200/950/2185
s 3
f 644/2390/112 643/2262/111 200/2263/1034 201/2391/1033
s 4
f 2228/2100/2282 2223/2097/2277 2226/2613/2280 2229/2614/2283
f 1775/2518/1038 1640/561/625 1642/564/628 1777/955/1039
s 121
f 392/2022/2146 645/2017/2389 1373/2020/2390 1374/2023/2147
f 203/958/1042 646/425/481 1328/428/484 1329/959/1043
f 366/1890/2010 647/1885/2391 1280/1888/2392 1281/1891/2011
s 4
f 1779/962/1046 1612/493/553 1614/496/556 1781/2519/1047
f 2087/1758/1874 2084/1753/1869 2086/1756/1872 2089/1759/1875
f 1783/2523/1050 1500/153/193 1502/156/196 1785/967/1051
s 68
f 319/1626/1738 648/1621/2393 1112/1624/2394 1113/1627/1739
f 205/970/1054 649/357/409 1068/360/412 1069/971/1055
f 295/1494/1602 650/1489/1597 1023/1492/1600 1024/1495/1603
s 4
f 2277/2680/2395 1528/221/265 1530/2678/268 2278/2679/2396
f 1947/1362/1466 1944/1357/1461 1946/1360/1464 1949/1363/1467
f 1787/978/1062 1552/289/337 1554/292/340 1789/979/1063
f 1891/1230/1330 1888/1225/1325 1890/1228/1328 1893/1231/1331
f 1478/2452/116 1477/87/115 1791/982/1066 1792/2525/1065
s 2
f 651/2260/1002 25/65/89 785/68/92 786/919/1003
f 821/1139/1235 652/1138/1234 240/1133/1229 820/1136/1232
f 861/924/1008 653/923/1007 66/241/285 860/244/288
f 905/1272/1372 654/1271/1371 259/1265/1365 904/1268/1368
f 944/928/1012 655/927/1011 53/173/213 943/176/216
f 992/1404/1508 656/1403/1507 280/1397/1501 991/1400/1504
f 1042/932/1016 657/931/1015 78/309/357 1041/312/360
f 1087/1536/1644 658/1535/1643 304/1529/1637 1086/1532/1640
f 1131/936/1020 659/935/1019 39/105/141 1130/108/144
f 1172/1668/1780 660/1667/1779 328/1661/1773 1171/1664/1776
f 1208/940/1024 661/939/1023 107/445/501 1207/448/504
f 1249/1800/1916 662/1799/1915 349/1793/1909 1248/1796/1912
f 1298/944/1028 663/943/1027 92/377/429 1297/380/432
f 1346/1932/2052 664/1931/2051 375/1925/2045 1345/1928/2048
f 1390/948/1032 665/947/1031 118/513/573 1389/516/576
f 667/951/2188 1441/2054/2187 1442/2051/2181 26/70/2184
s 3
f 668/2388/1036 667/2258/1035 26/2259/94 27/2389/93
s 4
f 2232/2102/2286 2227/2099/2281 2230/2615/2284 2233/2616/2287
f 1643/2491/630 1776/2517/1037 1778/956/1040 1645/567/631
s 121
f 393/2026/2150 670/2021/2145 1375/2024/2148 1376/2027/2151
f 102/430/486 671/957/1041 1330/960/1044 1331/431/487
f 367/1894/2014 672/1889/2009 1282/1892/2012 1283/1895/2015
f 114/498/558 673/961/2397 1234/964/2398 1235/499/559
s 4
f 2091/1762/1878 2088/1757/1873 2090/1760/1876 2093/1763/1879
f 1503/2464/198 1784/2522/1049 1786/968/1052 1505/159/199
s 68
f 320/1630/1742 675/1625/1737 1114/1628/1740 1115/1631/1743
f 87/362/414 676/969/1053 1070/972/1056 1071/363/415
f 296/1498/1606 677/1493/1601 1025/1496/1604 1026/1499/1607
f 62/226/270 678/973/1057 975/976/1060 976/227/271
s 4
f 1951/1366/1470 1948/1361/1465 1950/1364/1468 1953/1367/1471
f 1555/294/342 1788/977/1061 1790/980/1064 1557/295/343
f 1895/1234/1334 1892/1229/1329 1894/1232/1332 1897/1235/1335
f 1794/2524/1068 1793/983/1067 1471/74/98 1472/2451/97
s 1
f 651/918/1072 679/2386/1071 28/2387/102 25/2261/101
s 2
f 680/2256/90 208/985/1073 783/988/1076 784/67/91
f 819/1135/1231 681/1134/1230 239/1129/1225 818/1132/1228
f 859/243/287 682/242/286 209/990/1078 858/989/1077
f 903/1267/1367 683/1266/1366 258/1262/1362 902/1261/1361
f 942/175/215 684/174/214 210/994/1082 941/993/1081
f 990/1399/1503 685/1398/1502 279/1394/1498 989/1393/1497
f 1040/311/359 686/310/358 211/998/1086 1039/997/1085
f 1085/1531/1639 687/1530/1638 303/1526/1634 1084/1525/1633
f 1129/107/143 688/106/142 212/1002/1090 1128/1001/1089
f 1170/1663/1775 689/1662/1774 327/1658/1770 1169/1657/1769
f 1206/447/503 690/446/502 213/1006/1094 1205/1005/1093
f 1247/1795/1911 691/1794/1910 348/1790/1906 1246/1789/1905
f 1296/379/431 692/378/430 214/1010/1098 1295/1009/1097
f 1344/1927/2047 693/1926/2046 374/1922/2042 1343/1921/2041
f 1388/515/575 694/514/574 215/1014/1102 1387/1013/1101
f 696/71/2183 1443/2052/2182 1444/2049/2178 216/1018/2177
s 3
f 697/2384/96 696/2254/95 216/2255/1106 217/2385/1105
s 4
f 2236/2104/2290 2231/2101/2285 2234/2617/2288 2237/2618/2291
f 1795/2681/1110 1644/2490/629 1646/568/632 1797/1023/1111
s 121
f 394/2030/2154 699/2025/2149 1377/2028/2152 1378/2031/2155
f 219/1026/1114 700/429/485 1332/432/488 1333/1027/1115
f 368/1898/2018 701/1893/2013 1284/1896/2016 1285/1899/2019
f 220/1030/2399 702/497/557 1236/500/560 1237/1031/2400
s 4
f 2095/1766/1882 2092/1761/1877 2094/1764/1880 2097/1767/1883
f 1803/2530/1122 1504/2463/197 1506/160/200 1805/1035/1123
s 68
f 321/1634/1746 704/1629/1741 1116/1632/1744 1117/1635/1747
f 222/1038/1126 705/361/413 1072/364/416 1073/1039/1127
f 297/1502/1610 706/1497/1605 1027/1500/1608 1028/1503/1611
f 223/1042/1130 707/225/269 977/228/272 978/1043/1131
s 4
f 1955/1370/1474 1952/1365/1469 1954/1368/1472 1957/1371/1475
f 1807/1046/1134 1556/293/341 1558/296/344 1809/1047/1135
f 1899/1238/1338 1896/1233/1333 1898/1236/1336 1901/1239/1339
f 1474/2450/100 1473/75/99 1811/1050/1138 1812/2532/1137
s 1
f 680/66/104 708/2382/103 224/2383/1142 208/2257/1141
s 2
f 709/2252/1074 33/89/121 781/92/124 782/987/1075
f 817/1131/1227 710/1130/1226 238/1125/1221 816/1128/1224
f 857/992/1080 711/991/1079 65/237/281 856/240/284
f 901/1264/1364 712/1263/1363 257/1257/1357 900/1260/1360
f 940/996/1084 713/995/1083 52/169/209 939/172/212
f 988/1396/1500 714/1395/1499 278/1389/1493 987/1392/1496
f 1038/1000/1088 715/999/1087 77/305/353 1037/308/356
f 1083/1528/1636 716/1527/1635 302/1521/1629 1082/1524/1632
f 1127/1004/1092 717/1003/1091 38/101/137 1126/104/140
f 1168/1660/1772 718/1659/1771 326/1653/1765 1167/1656/1768
f 1204/1008/1096 719/1007/1095 106/441/497 1203/444/500
f 1245/1792/1908 720/1791/1907 347/1785/1901 1244/1788/1904
f 1294/1012/1100 721/1011/1099 91/373/425 1293/376/428
f 1342/1924/2044 722/1923/2043 373/1917/2037 1341/1920/2040
f 1386/1016/1104 723/1015/1103 117/509/569 1385/512/572
f 725/1019/2180 1445/2050/2179 1446/2047/2173 34/94/2176
s 3
f 726/2380/1108 725/2250/1107 34/2251/126 35/2381/125
s 4
f 2240/2106/2294 2235/2103/2289 2238/2619/2292 2241/2620/2295
f 1647/570/634 1796/1021/1109 1798/1024/1112 1649/571/635
f 2175/2682/2158 2279/2683/2401 2280/2684/2402 2177/2035/2159
s 121
f 103/434/2403 728/1025/1113 1334/1028/1116 1335/435/2404
f 369/1902/2405 729/1897/2017 1286/1900/2020 1287/1903/2406
s 4
f 1615/502/562 1800/1029/1117 1802/2528/1120 1617/503/563
f 2099/1770/1886 2096/1765/1881 2098/1768/1884 2101/1771/1887
f 1507/162/202 1804/2529/1121 1806/1036/1124 1509/163/203
s 68
f 322/1638/1750 731/1633/1745 1118/1636/1748 1119/1639/1751
f 88/366/418 732/1037/1125 1074/1040/1128 1075/367/419
f 298/1506/1614 733/1501/1609 1029/1504/1612 1030/1507/1615
s 4
f 1531/230/274 2281/2685/2407 2282/2686/2408 1533/2467/275
f 1959/1374/1478 1956/1369/1473 1958/1372/1476 1961/1375/1479
f 1559/298/346 1808/1045/1133 1810/1048/1136 1561/299/347
f 1903/1242/1342 1900/1237/1337 1902/1240/1340 1905/1243/1343
f 1814/2531/1140 1813/1051/1139 1479/98/130 1480/2455/129
s 1
f 709/986/1144 735/2378/1143 36/2379/134 33/2253/133
s 2
f 736/2248/122 225/1053/1145 779/1056/1148 780/91/123
f 815/1127/1223 737/1126/1222 237/1121/1217 814/1124/1220
f 855/239/283 738/238/282 226/1058/1150 854/1057/1149
f 899/1259/1359 739/1258/1358 256/1254/1354 898/1253/1353
f 938/171/211 740/170/210 227/1062/1154 937/1061/1153
f 986/1391/1495 741/1390/1494 277/1386/1490 985/1385/1489
f 1036/307/355 742/306/354 228/1066/1158 1035/1065/1157
f 1081/1523/1631 743/1522/1630 301/1518/1626 1080/1517/1625
f 1125/103/139 744/102/138 229/1070/1162 1124/1069/1161
f 1166/1655/1767 745/1654/1766 325/1650/1762 1165/1649/1761
f 1202/443/499 746/442/498 230/1074/1166 1201/1073/1165
f 1243/1787/1903 747/1786/1902 346/1782/1898 1242/1781/1897
f 1292/375/427 748/374/426 231/1078/1170 1291/1077/1169
f 1340/1919/2039 749/1918/2038 372/1914/2034 1339/1913/2033
f 1384/511/571 750/510/570 232/1082/1174 1383/1081/1173
f 752/95/2175 1447/2048/2174 1448/2045/2170 233/1086/2169
s 3
f 753/2376/128 752/2246/127 233/2247/1178 234/2377/1177
s 4
f 2244/2108/2298 2239/2105/2293 2242/2621/2296 2245/2622/2299
f 1815/1090/1182 1648/569/633 1650/572/636 1817/1091/1183
f 2179/2038/2162 2176/2033/2157 2178/2036/2160 2181/2039/2163
f 1819/1094/1186 1596/433/489 1598/436/492 1821/1095/1187
f 2139/1906/2026 2136/1901/2021 2138/1904/2024 2141/1907/2027
f 1823/1098/1190 1616/501/561 1618/504/564 1825/1099/1191
f 2103/1774/1890 2100/1769/1885 2102/1772/1888 2105/1775/1891
f 1827/1102/1194 1508/161/201 1510/164/204 1829/1103/1195
f 2055/1642/1754 2283/2687/2409 2284/2688/2410 2057/1643/1755
f 1831/1106/1198 2285/2689/2411 2286/2690/2412 1833/1107/1199
f 2007/1510/1618 2287/2691/2413 2288/2692/2414 2009/1511/1619
f 1835/1110/1202 1532/229/273 1534/2468/276 1837/1111/1203
f 1963/1378/1482 1960/1373/1477 1962/1376/1480 1965/1379/1483
f 1839/1114/1206 1560/297/345 1562/300/348 1841/1115/1207
f 1907/1246/1346 1904/1241/1341 1906/1244/1344 1909/1247/1347
f 1482/2454/132 1481/99/131 1843/1118/1210 1844/2534/1209
s 1
f 736/90/136 757/2374/135 235/2375/1214 225/2249/1213
s 2
f 758/2244/1146 4/16/2415 777/2241/2416 778/1055/1147
f 813/1123/1219 759/1122/1218 236/1249/2417 812/2237/2418
f 853/1060/1152 760/1059/1151 64/301/2419 852/2233/2420
f 897/1256/1356 761/1255/1355 255/1381/2421 896/2229/2422
f 936/1064/1156 762/1063/1155 51/233/2423 935/2225/2424
f 984/1388/1492 763/1387/1491 276/1513/2425 983/2221/2426
f 1034/1068/1160 764/1067/1159 76/369/2427 1033/2217/2428
f 1079/1520/1628 765/1519/1627 300/1645/2429 1078/2213/2430
f 1123/1072/1164 766/1071/1163 37/165/2431 1122/2209/2432
f 1164/1652/1764 767/1651/1763 324/1777/2433 1163/2205/2434
f 1200/1076/1168 768/1075/1167 105/505/2435 1199/2201/2436
f 1241/1784/1900 769/1783/1899 345/1909/2437 1240/2197/2438
f 1290/1080/1172 770/1079/1171 90/437/2439 1289/2193/2440
f 1338/1916/2036 771/1915/2035 371/2041/2441 1337/2189/2442
f 1382/1084/1176 772/1083/1175 116/573/2443 1381/2185/2444
f 774/1087/2172 1449/2046/2171 1450/2179/2445 6/2112/2446
s 3
f 775/2372/1180 774/2243/1179 6/2180/2447 8/2373/2448
s 4
f 2289/2694/2449 2243/2107/2297 2246/2623/2300 2290/2693/2450
f 2291/2696/2451 1816/1089/1181 1818/1092/1184 2292/2695/2452
f 2293/2698/2453 2180/2037/2161 2182/2040/2164 2294/2697/2454
f 2295/2700/2455 1820/1093/1185 1822/1096/1188 2296/2699/2456
f 2297/2702/2457 2140/1905/2025 2142/1908/2028 2298/2701/2458
f 2299/2704/2459 1824/1097/1189 1826/1100/1192 2300/2703/2460
f 2301/2706/2461 2104/1773/1889 2106/1776/1892 2302/2705/2462
f 2303/2708/2463 1828/1101/1193 1830/1104/1196 2304/2707/2464
f 2305/2710/2465 2056/1641/1753 2058/1644/1756 2306/2709/2466
f 2307/2712/2467 1832/1105/1197 1834/1108/1200 2308/2711/2468
f 2309/2714/2469 2008/1509/1617 2010/1512/1620 2310/2713/2470
f 2311/2716/2471 1836/1109/1201 1838/1112/1204 2312/2715/2472
f 2313/2718/2473 1964/1377/1481 1966/1380/1484 2314/2717/2474
f 2315/2720/2475 1840/1113/1205 1842/1116/1208 2316/2719/2476
f 2317/2722/2477 1908/1245/1345 1910/1248/1348 2318/2721/2478
f 1846/2533/1212 1845/1119/1211 2319/2723/2479 2320/2724/2480
s 1
f 758/1054/1216 776/2371/1215 2/2368/2481 4/2438/2482
s 2
f 778/1055/1147 777/2241/2416 236/1249/2417 759/1122/1218
f 779/1056/1148 778/1055/1147 759/1122/1218 237/1121/1217
f 780/91/123 779/1056/1148 237/1121/1217 737/1126/1222
f 781/92/124 780/91/123 737/1126/1222 238/1125/1221
f 782/987/1075 781/92/124 238/1125/1221 710/1130/1226
f 783/988/1076 782/987/1075 710/1130/1226 239/1129/1225
f 784/67/91 783/988/1076 239/1129/1225 681/1134/1230
f 785/68/92 784/67/91 681/1134/1230 240/1133/1229
f 786/919/1003 785/68/92 240/1133/1229 652/1138/1234
f 787/920/1004 786/919/1003 652/1138/1234 241/1137/1233
f 629/1142/1238 788/79/107 787/920/1004 241/1137/1233
f 789/80/108 788/79/107 629/1142/1238 242/1141/1237
f 790/851/931 789/80/108 242/1141/1237 611/1146/1242
f 791/852/932 790/851/931 611/1146/1242 243/1145/1241
f 792/19/27 791/852/932 243/1145/1241 597/1150/1246
f 793/20/28 792/19/27 597/1150/1246 244/1149/1245
f 794/783/859 793/20/28 244/1149/1245 580/1154/1250
f 795/784/860 794/783/859 580/1154/1250 245/1153/1249
f 796/43/59 795/784/860 245/1153/1249 559/1158/1254
f 797/44/60 796/43/59 559/1158/1254 246/1157/1253
f 798/715/787 797/44/60 246/1157/1253 538/1162/1258
f 799/716/788 798/715/787 538/1162/1258 247/1161/1257
f 800/31/43 799/716/788 247/1161/1257 510/1166/1262
f 801/32/44 800/31/43 510/1166/1262 248/1165/1261
f 802/647/715 801/32/44 248/1165/1261 484/1170/1266
f 803/648/716 802/647/715 484/1170/1266 249/1169/1265
f 804/55/75 803/648/716 249/1169/1265 458/1174/1270
f 805/56/76 804/55/75 458/1174/1270 250/1173/1269
f 806/579/643 805/56/76 250/1173/1269 436/1178/1274
f 807/580/644 806/579/643 436/1178/1274 251/1177/1273
f 808/5/7 807/580/644 251/1177/1273 417/1182/1278
f 809/2239/8 808/5/7 417/1182/1278 252/2240/1277
s 6
f 253/1186/1282 810/2369/21 809/6/24 252/1181/1283
s 4
f 1850/2535/1288 1849/1188/1287 1452/12/14 1451/2441/13
f 1671/642/706 1452/12/14 1849/1188/1287 1851/1190/1290
f 1673/643/707 1671/642/706 1851/1190/1290 1852/1189/1289
f 1467/62/82 1673/643/707 1852/1189/1289 1855/1194/1294
f 1469/63/83 1467/62/82 1855/1194/1294 1856/1193/1293
f 1691/710/778 1469/63/83 1856/1193/1293 1859/1198/1298
f 1693/711/779 1691/710/778 1859/1198/1298 1860/1197/1297
f 1459/38/50 1693/711/779 1860/1197/1297 1863/1202/1302
f 1461/39/51 1459/38/50 1863/1202/1302 1864/1201/1301
f 1715/778/850 1461/39/51 1864/1201/1301 1867/1206/1306
f 1717/779/851 1715/778/850 1867/1206/1306 1868/1205/1305
f 1463/50/66 1717/779/851 1868/1205/1305 1871/1210/1310
f 1465/51/67 1463/50/66 1871/1210/1310 1872/1209/1309
f 1739/846/922 1465/51/67 1872/1209/1309 1875/1214/1314
f 1741/847/923 1739/846/922 1875/1214/1314 1876/1213/1313
f 1455/26/34 1741/847/923 1876/1213/1313 1879/1218/1318
f 1457/27/35 1455/26/34 1879/1218/1318 1880/1217/1317
f 1771/914/994 1457/27/35 1880/1217/1317 1883/1222/1322
f 1773/915/995 1771/914/994 1883/1222/1322 1884/1221/1321
f 1475/86/114 1773/915/995 1884/1221/1321 1887/1226/1326
f 1477/87/115 1475/86/114 1887/1226/1326 1888/1225/1325
f 1791/982/1066 1477/87/115 1888/1225/1325 1891/1230/1330
f 1793/983/1067 1791/982/1066 1891/1230/1330 1892/1229/1329
f 1471/74/98 1793/983/1067 1892/1229/1329 1895/1234/1334
f 1473/75/99 1471/74/98 1895/1234/1334 1896/1233/1333
f 1811/1050/1138 1473/75/99 1896/1233/1333 1899/1238/1338
f 1813/1051/1139 1811/1050/1138 1899/1238/1338 1900/1237/1337
f 1479/98/130 1813/1051/1139 1900/1237/1337 1903/1242/1342
f 1481/99/131 1479/98/130 1903/1242/1342 1904/1241/1341
f 1843/1118/1210 1481/99/131 1904/1241/1341 1907/1246/1346
f 1845/1119/1211 1843/1118/1210 1907/1246/1346 1908/1245/1345
f 2319/2723/2479 1845/1119/1211 1908/1245/1345 2317/2722/2477
s 5
f 777/15/19 811/14/18 254/2364/1350 236/2242/1349
s 2
f 760/1059/1151 813/1123/1219 812/2237/2418 64/301/2419
f 814/1124/1220 813/1123/1219 760/1059/1151 226/1058/1150
f 738/238/282 815/1127/1223 814/1124/1220 226/1058/1150
f 816/1128/1224 815/1127/1223 738/238/282 65/237/281
f 711/991/1079 817/1131/1227 816/1128/1224 65/237/281
f 818/1132/1228 817/1131/1227 711/991/1079 209/990/1078
f 682/242/286 819/1135/1231 818/1132/1228 209/990/1078
f 820/1136/1232 819/1135/1231 682/242/286 66/241/285
f 653/923/1007 821/1139/1235 820/1136/1232 66/241/285
f 822/1140/1236 821/1139/1235 653/923/1007 193/922/1006
f 630/246/290 823/1143/1239 822/1140/1236 193/922/1006
f 824/1144/1240 823/1143/1239 630/246/290 67/245/289
f 612/855/935 825/1147/1243 824/1144/1240 67/245/289
f 826/1148/1244 825/1147/1243 612/855/935 184/854/934
f 598/250/294 827/1151/1247 826/1148/1244 184/854/934
f 828/1152/1248 827/1151/1247 598/250/294 68/249/293
f 581/787/863 829/1155/1251 828/1152/1248 68/249/293
f 830/1156/1252 829/1155/1251 581/787/863 172/786/862
f 560/254/298 831/1159/1255 830/1156/1252 172/786/862
f 832/1160/1256 831/1159/1255 560/254/298 69/253/297
f 539/719/791 833/1163/1259 832/1160/1256 69/253/297
f 834/1164/1260 833/1163/1259 539/719/791 158/718/790
f 511/258/302 835/1167/1263 834/1164/1260 158/718/790
f 836/1168/1264 835/1167/1263 511/258/302 70/257/301
f 485/651/719 837/1171/1267 836/1168/1264 70/257/301
f 838/1172/1268 837/1171/1267 485/651/719 143/650/718
f 459/262/306 839/1175/1271 838/1172/1268 143/650/718
f 840/1176/1272 839/1175/1271 459/262/306 71/261/305
f 437/583/647 841/1179/1275 840/1176/1272 71/261/305
f 842/1180/1276 841/1179/1275 437/583/647 130/582/646
f 418/266/310 843/1183/1279 842/1180/1276 130/582/646
f 844/2235/1280 843/1183/1279 418/266/310 72/2236/309
s 6
f 73/270/314 845/2365/1281 844/1184/1284 72/265/315
s 4
f 1538/2469/320 1537/272/319 1848/1187/1286 1847/2536/1285
f 1853/1191/1291 1848/1187/1286 1537/272/319 1668/637/701
f 1854/1192/1292 1853/1191/1291 1668/637/701 1670/640/704
f 1857/1195/1295 1854/1192/1292 1670/640/704 1539/274/322
f 1858/1196/1296 1857/1195/1295 1539/274/322 1540/273/321
f 1861/1199/1299 1858/1196/1296 1540/273/321 1687/706/774
f 1862/1200/1300 1861/1199/1299 1687/706/774 1688/705/773
f 1865/1203/1303 1862/1200/1300 1688/705/773 1543/278/326
f 1866/1204/1304 1865/1203/1303 1543/278/326 1544/2473/325
f 1869/2537/1307 1866/1204/1304 1544/2473/325 2321/2725/2483
s 64
f 847/1208/2484 846/1207/2485 169/774/846 556/773/845
f 848/1211/2486 847/1208/2484 556/773/845 74/282/330
f 849/1212/2487 848/1211/2486 74/282/330 577/281/329
f 850/1215/2488 849/1212/2487 577/281/329 181/842/918
s 4
f 1878/1216/1316 1877/2657/1315 2322/2726/2489 2269/2660/2367
f 1881/1219/1319 1878/1216/1316 2269/2660/2367 1547/286/334
f 1882/1220/1320 1881/1219/1319 1547/286/334 1548/285/333
f 1885/1223/1323 1882/1220/1320 1548/285/333 1767/910/990
f 1886/1224/1324 1885/1223/1323 1767/910/990 1768/909/989
f 1889/1227/1327 1886/1224/1324 1768/909/989 1551/290/338
f 1890/1228/1328 1889/1227/1327 1551/290/338 1552/289/337
f 1893/1231/1331 1890/1228/1328 1552/289/337 1787/978/1062
f 1894/1232/1332 1893/1231/1331 1787/978/1062 1788/977/1061
f 1897/1235/1335 1894/1232/1332 1788/977/1061 1555/294/342
f 1898/1236/1336 1897/1235/1335 1555/294/342 1556/293/341
f 1901/1239/1339 1898/1236/1336 1556/293/341 1807/1046/1134
f 1902/1240/1340 1901/1239/1339 1807/1046/1134 1808/1045/1133
f 1905/1243/1343 1902/1240/1340 1808/1045/1133 1559/298/346
f 1906/1244/1344 1905/1243/1343 1559/298/346 1560/297/345
f 1909/1247/1347 1906/1244/1344 1560/297/345 1839/1114/1206
f 1910/1248/1348 1909/1247/1347 1839/1114/1206 1840/1113/1205
f 2318/2721/2478 1910/1248/1348 1840/1113/1205 2315/2720/2475
s 5
f 812/1252/1352 851/1251/1351 75/2360/350 64/2238/349
s 2
f 761/1255/1355 853/1060/1152 852/2233/2420 255/1381/2421
f 256/1254/1354 854/1057/1149 853/1060/1152 761/1255/1355
f 739/1258/1358 855/239/283 854/1057/1149 256/1254/1354
f 856/240/284 855/239/283 739/1258/1358 257/1257/1357
f 712/1263/1363 857/992/1080 856/240/284 257/1257/1357
f 258/1262/1362 858/989/1077 857/992/1080 712/1263/1363
f 683/1266/1366 859/243/287 858/989/1077 258/1262/1362
f 860/244/288 859/243/287 683/1266/1366 259/1265/1365
f 654/1271/1371 861/924/1008 860/244/288 259/1265/1365
f 260/1270/1370 862/921/1005 861/924/1008 654/1271/1371
f 631/1274/1374 863/247/291 862/921/1005 260/1270/1370
f 864/248/292 863/247/291 631/1274/1374 261/1273/1373
f 613/1279/1379 865/856/936 864/248/292 261/1273/1373
f 262/1278/1378 866/853/933 865/856/936 613/1279/1379
f 599/1282/1382 867/251/295 866/853/933 262/1278/1378
f 868/252/296 867/251/295 599/1282/1382 263/1281/1381
f 582/1287/1387 869/788/864 868/252/296 263/1281/1381
f 264/1286/1386 870/785/861 869/788/864 582/1287/1387
f 561/1290/1390 871/255/299 870/785/861 264/1286/1386
f 872/256/300 871/255/299 561/1290/1390 265/1289/1389
f 540/1295/1395 873/720/792 872/256/300 265/1289/1389
f 266/1294/1394 874/717/789 873/720/792 540/1295/1395
f 512/1298/1398 875/259/303 874/717/789 266/1294/1394
f 876/260/304 875/259/303 512/1298/1398 267/1297/1397
f 486/1303/1403 877/652/720 876/260/304 267/1297/1397
f 268/1302/1402 878/649/717 877/652/720 486/1303/1403
f 460/1306/1406 879/263/307 878/649/717 268/1302/1402
f 880/264/308 879/263/307 460/1306/1406 269/1305/1405
s 60
f 1913/1311/1411 2323/2727/2490 2324/2728/2491 2251/2629/2315
f 1911/1310/1410 2325/2729/2492 2323/2727/2490 1913/1311/1411
f 1915/1314/1414 2326/2730/2493 2325/2729/2492 1911/1310/1410
f 2327/2731/2494 2326/2730/2493 1915/1314/1414 1916/2232/1413
s 61
f 1920/1318/1418 1535/2732/2495 2327/2733/2496 1916/1313/1419
s 4
f 1920/2358/1424 1922/1320/1423 1536/271/318 1535/2470/317
f 1667/638/702 1536/271/318 1922/1320/1423 1923/1322/1426
f 1669/639/703 1667/638/702 1923/1322/1426 1924/1321/1425
f 1541/275/323 1669/639/703 1924/1321/1425 1927/1326/1430
f 1542/276/324 1541/275/323 1927/1326/1430 1928/1325/1429
f 1689/707/775 1542/276/324 1928/1325/1429 1931/1330/1434
f 1690/708/776 1689/707/775 1931/1330/1434 1932/1329/1433
f 1545/2471/327 1690/708/776 1932/1329/1433 2259/2639/2327
s 64
f 887/280/2346 886/279/2497 270/1334/1438 534/1333/1437
f 888/775/847 887/280/2346 534/1333/1437 271/1338/1442
f 889/776/848 888/775/847 271/1338/1442 555/1337/1441
f 890/283/331 889/776/848 555/1337/1441 272/1342/1446
f 891/284/332 890/283/331 272/1342/1446 576/1341/1445
f 892/843/919 891/284/332 576/1341/1445 273/1346/1450
f 893/844/920 892/843/919 273/1346/1450 593/1345/1449
f 894/287/2498 893/844/920 593/1345/1449 274/1350/2365
s 4
f 1550/288/336 1549/2662/335 1935/2541/1454 1936/1349/1453
f 1769/911/991 1550/288/336 1936/1349/1453 1939/1354/1458
f 1770/912/992 1769/911/991 1939/1354/1458 1940/1353/1457
f 1553/291/339 1770/912/992 1940/1353/1457 1943/1358/1462
f 1554/292/340 1553/291/339 1943/1358/1462 1944/1357/1461
f 1789/979/1063 1554/292/340 1944/1357/1461 1947/1362/1466
f 1790/980/1064 1789/979/1063 1947/1362/1466 1948/1361/1465
f 1557/295/343 1790/980/1064 1948/1361/1465 1951/1366/1470
f 1558/296/344 1557/295/343 1951/1366/1470 1952/1365/1469
f 1809/1047/1135 1558/296/344 1952/1365/1469 1955/1370/1474
f 1810/1048/1136 1809/1047/1135 1955/1370/1474 1956/1369/1473
f 1561/299/347 1810/1048/1136 1956/1369/1473 1959/1374/1478
f 1562/300/348 1561/299/347 1959/1374/1478 1960/1373/1477
f 1841/1115/1207 1562/300/348 1960/1373/1477 1963/1378/1482
f 1842/1116/1208 1841/1115/1207 1963/1378/1482 1964/1377/1481
f 2316/2719/2476 1842/1116/1208 1964/1377/1481 2313/2718/2473
s 5
f 852/304/352 895/303/351 275/2356/1486 255/2234/1485
s 2
f 762/1063/1155 897/1256/1356 896/2229/2422 51/233/2423
f 227/1062/1154 898/1253/1353 897/1256/1356 762/1063/1155
f 740/170/210 899/1259/1359 898/1253/1353 227/1062/1154
f 900/1260/1360 899/1259/1359 740/170/210 52/169/209
f 713/995/1083 901/1264/1364 900/1260/1360 52/169/209
f 210/994/1082 902/1261/1361 901/1264/1364 713/995/1083
f 684/174/214 903/1267/1367 902/1261/1361 210/994/1082
f 904/1268/1368 903/1267/1367 684/174/214 53/173/213
f 655/927/1011 905/1272/1372 904/1268/1368 53/173/213
f 194/926/1010 906/1269/1369 905/1272/1372 655/927/1011
f 632/178/218 907/1275/1375 906/1269/1369 194/926/1010
f 908/1276/1376 907/1275/1375 632/178/218 54/177/217
f 614/859/939 909/1280/1380 908/1276/1376 54/177/217
f 185/858/938 910/1277/1377 909/1280/1380 614/859/939
f 600/182/222 911/1283/1383 910/1277/1377 185/858/938
f 912/1284/1384 911/1283/1383 600/182/222 55/181/221
f 583/791/867 913/1288/1388 912/1284/1384 55/181/221
f 173/790/866 914/1285/1385 913/1288/1388 583/791/867
f 562/186/226 915/1291/1391 914/1285/1385 173/790/866
f 916/1292/1392 915/1291/1391 562/186/226 56/185/225
f 541/723/795 917/1296/1396 916/1292/1392 56/185/225
f 159/722/794 918/1293/1393 917/1296/1396 541/723/795
f 513/190/230 919/1299/1399 918/1293/1393 159/722/794
f 920/1300/1400 919/1299/1399 513/190/230 57/189/229
f 487/655/723 921/1304/1404 920/1300/1400 57/189/229
f 144/654/722 922/1301/1401 921/1304/1404 487/655/723
f 461/194/234 923/1307/1407 922/1301/1401 144/654/722
f 924/1308/1408 923/1307/1407 461/194/234 58/193/233
s 60
f 1653/587/651 1914/1312/1412 2252/2630/2316 2253/2631/2317
f 1651/586/650 1912/1309/1409 1914/1312/1412 1653/587/651
f 1511/198/238 1917/1315/1415 1912/1309/1409 1651/586/650
f 1918/2227/1416 1917/1315/1415 1511/198/238 1512/2228/237
s 61
f 1516/202/242 1919/2357/1417 1918/1316/1420 1512/197/243
s 4
f 1516/2354/248 1518/204/247 1921/1319/1422 1919/1317/1421
f 1925/1323/1427 1921/1319/1422 1518/204/247 1664/633/697
f 1926/1324/1428 1925/1323/1427 1664/633/697 1666/636/700
f 1929/1327/1431 1926/1324/1428 1666/636/700 1519/206/250
f 1930/1328/1432 1929/1327/1431 1519/206/250 1520/205/249
f 1933/1331/1435 1930/1328/1432 1520/205/249 1683/702/770
f 1934/1332/1436 1933/1331/1435 1683/702/770 1684/701/769
f 2260/2638/2328 1934/1332/1436 1684/701/769 2257/2637/2325
s 64
f 926/1336/1440 925/1335/1439 59/210/254 533/209/253
f 927/1339/1443 926/1336/1440 533/209/253 168/770/842
f 928/1340/1444 927/1339/1443 168/770/842 554/769/841
f 929/1343/1447 928/1340/1444 554/769/841 60/214/258
f 930/1344/1448 929/1343/1447 60/214/258 575/213/257
f 931/1347/1451 930/1344/1448 575/213/257 180/838/914
f 932/1348/1452 931/1347/1451 180/838/914 592/837/913
f 933/1351/2366 932/1348/1452 592/837/913 61/218/2363
s 4
f 1938/1352/1456 1937/2542/1455 1523/2465/262 1524/217/261
f 1941/1355/1459 1938/1352/1456 1524/217/261 1763/906/986
f 1942/1356/1460 1941/1355/1459 1763/906/986 1764/905/985
f 1945/1359/1463 1942/1356/1460 1764/905/985 1527/222/266
f 1946/1360/1464 1945/1359/1463 1527/222/266 1528/221/265
f 1949/1363/1467 1946/1360/1464 1528/221/265 2277/2680/2395
f 1950/1364/1468 1949/1363/1467 2277/2680/2395 2328/2734/2499
f 1953/1367/1471 1950/1364/1468 2328/2734/2499 2329/2735/2500
f 1954/1368/1472 1953/1367/1471 2329/2735/2500 2330/2736/2501
f 1957/1371/1475 1954/1368/1472 2330/2736/2501 2331/2737/2502
f 1958/1372/1476 1957/1371/1475 2331/2737/2502 2281/2685/2407
f 1961/1375/1479 1958/1372/1476 2281/2685/2407 1531/230/274
f 1962/1376/1480 1961/1375/1479 1531/230/274 1532/229/273
f 1965/1379/1483 1962/1376/1480 1532/229/273 1835/1110/1202
f 1966/1380/1484 1965/1379/1483 1835/1110/1202 1836/1109/1201
f 2314/2717/2474 1966/1380/1484 1836/1109/1201 2311/2716/2471
s 5
f 896/1384/1488 934/1383/1487 63/2352/278 51/2230/277
s 2
f 763/1387/1491 936/1064/1156 935/2225/2424 276/1513/2425
f 277/1386/1490 937/1061/1153 936/1064/1156 763/1387/1491
f 741/1390/1494 938/171/211 937/1061/1153 277/1386/1490
f 939/172/212 938/171/211 741/1390/1494 278/1389/1493
f 714/1395/1499 940/996/1084 939/172/212 278/1389/1493
f 279/1394/1498 941/993/1081 940/996/1084 714/1395/1499
f 685/1398/1502 942/175/215 941/993/1081 279/1394/1498
f 943/176/216 942/175/215 685/1398/1502 280/1397/1501
f 656/1403/1507 944/928/1012 943/176/216 280/1397/1501
f 281/1402/1506 945/925/1009 944/928/1012 656/1403/1507
f 633/1406/1510 946/179/219 945/925/1009 281/1402/1506
f 947/180/220 946/179/219 633/1406/1510 282/1405/1509
f 615/1411/1515 948/860/940 947/180/220 282/1405/1509
f 283/1410/1514 949/857/937 948/860/940 615/1411/1515
f 601/1414/1518 950/183/223 949/857/937 283/1410/1514
f 951/184/224 950/183/223 601/1414/1518 284/1413/1517
f 584/1419/1523 952/792/868 951/184/224 284/1413/1517
f 285/1418/1522 953/789/865 952/792/868 584/1419/1523
f 563/1422/1526 954/187/227 953/789/865 285/1418/1522
f 955/188/228 954/187/227 563/1422/1526 286/1421/1525
f 542/1427/1531 956/724/796 955/188/228 286/1421/1525
f 287/1426/1530 957/721/793 956/724/796 542/1427/1531
f 514/1430/1534 958/191/231 957/721/793 287/1426/1530
f 959/192/232 958/191/231 514/1430/1534 288/1429/1533
f 488/1435/1539 960/656/724 959/192/232 288/1429/1533
f 289/1434/1538 961/653/721 960/656/724 488/1435/1539
f 462/1438/1542 962/195/235 961/653/721 289/1434/1538
f 963/196/236 962/195/235 462/1438/1542 290/1437/1541
s 60
f 1969/1443/1547 1654/588/652 2254/2632/2318 2255/2633/2319
f 1967/1442/1546 1652/585/649 1654/588/652 1969/1443/1547
f 1971/1446/1550 1513/199/239 1652/585/649 1967/1442/1546
f 1514/2223/240 1513/199/239 1971/1446/1550 1972/2224/1549
s 61
f 1976/1450/1554 1515/2353/241 1514/200/244 1972/1445/1555
s 4
f 1976/2350/1560 1978/1452/1559 1517/203/246 1515/201/245
f 1663/634/698 1517/203/246 1978/1452/1559 1979/1454/1562
f 1665/635/699 1663/634/698 1979/1454/1562 1980/1453/1561
f 1521/207/251 1665/635/699 1980/1453/1561 1983/1458/1566
f 1522/208/252 1521/207/251 1983/1458/1566 1984/1457/1565
f 1685/703/771 1522/208/252 1984/1457/1565 1987/1462/1570
f 1686/704/772 1685/703/771 1987/1462/1570 1988/1461/1569
f 2258/2636/2326 1686/704/772 1988/1461/1569 1991/1466/1574
f 2332/2738/2503 2258/2636/2326 1991/1466/1574 1992/2648/1573
s 64
f 966/771/843 965/212/256 532/1465/2504 291/1470/1578
f 967/772/844 966/771/843 291/1470/1578 553/1469/1577
f 968/215/259 967/772/844 553/1469/1577 292/1474/1582
f 969/216/260 968/215/259 292/1474/1582 574/1473/1581
f 970/839/915 969/216/260 574/1473/1581 293/1478/2357
f 971/840/916 970/839/915 293/1478/2357 591/1477/2505
s 4
f 1525/2466/263 2333/2739/2506 1996/2549/1585 1999/1482/1590
f 1526/220/264 1525/2466/263 1999/1482/1590 2000/1481/1589
f 1765/907/987 1526/220/264 2000/1481/1589 2003/1486/1594
f 1766/908/988 1765/907/987 2003/1486/1594 2004/1485/1593
f 1529/223/267 1766/908/988 2004/1485/1593 2275/2672/2383
f 1530/2678/268 1529/223/267 2275/2672/2383 2334/2740/2507
s 68
f 974/975/1059 973/224/2508 650/1489/1597 295/1494/1602
f 975/976/1060 974/975/1059 295/1494/1602 677/1493/1601
f 976/227/271 975/976/1060 677/1493/1601 296/1498/1606
f 977/228/272 976/227/271 296/1498/1606 706/1497/1605
f 978/1043/1131 977/228/272 706/1497/1605 297/1502/1610
f 979/1044/1132 978/1043/1131 297/1502/1610 733/1501/1609
f 980/231/2509 979/1044/1132 733/1501/1609 298/1506/1614
f 981/232/2510 980/231/2509 298/1506/1614 756/1505/1613
s 4
f 1837/1111/1203 1534/2468/276 2287/2691/2413 2007/1510/1618
f 1838/1112/1204 1837/1111/1203 2007/1510/1618 2008/1509/1617
f 2312/2715/2472 1838/1112/1204 2008/1509/1617 2309/2714/2469
s 5
f 935/236/280 982/235/279 299/2348/1622 276/2226/1621
s 2
f 764/1067/1159 984/1388/1492 983/2221/2426 76/369/2427
f 228/1066/1158 985/1385/1489 984/1388/1492 764/1067/1159
f 742/306/354 986/1391/1495 985/1385/1489 228/1066/1158
f 987/1392/1496 986/1391/1495 742/306/354 77/305/353
f 715/999/1087 988/1396/1500 987/1392/1496 77/305/353
f 211/998/1086 989/1393/1497 988/1396/1500 715/999/1087
f 686/310/358 990/1399/1503 989/1393/1497 211/998/1086
f 991/1400/1504 990/1399/1503 686/310/358 78/309/357
f 657/931/1015 992/1404/1508 991/1400/1504 78/309/357
f 195/930/1014 993/1401/1505 992/1404/1508 657/931/1015
f 634/314/362 994/1407/1511 993/1401/1505 195/930/1014
f 995/1408/1512 994/1407/1511 634/314/362 79/313/361
f 616/863/943 996/1412/1516 995/1408/1512 79/313/361
f 186/862/942 997/1409/1513 996/1412/1516 616/863/943
f 602/318/366 998/1415/1519 997/1409/1513 186/862/942
f 999/1416/1520 998/1415/1519 602/318/366 80/317/365
f 585/795/871 1000/1420/1524 999/1416/1520 80/317/365
f 174/794/870 1001/1417/1521 1000/1420/1524 585/795/871
f 564/322/370 1002/1423/1527 1001/1417/1521 174/794/870
f 1003/1424/1528 1002/1423/1527 564/322/370 81/321/369
f 543/727/799 1004/1428/1532 1003/1424/1528 81/321/369
f 160/726/798 1005/1425/1529 1004/1428/1532 543/727/799
f 515/326/374 1006/1431/1535 1005/1425/1529 160/726/798
f 1007/1432/1536 1006/1431/1535 515/326/374 82/325/373
f 489/659/727 1008/1436/1540 1007/1432/1536 82/325/373
f 145/658/726 1009/1433/1537 1008/1436/1540 489/659/727
f 463/330/378 1010/1439/1543 1009/1433/1537 145/658/726
f 1011/1440/1544 1010/1439/1543 463/330/378 83/329/377
f 438/591/655 1012/1444/2511 1011/1440/1544 83/329/377
f 131/590/654 1013/1441/2512 1012/1444/2511 438/591/655
f 419/334/382 1014/1447/2513 1013/1441/2512 131/590/654
f 1015/2219/2514 1014/1447/2513 419/334/382 84/2220/381
s 43
f 85/338/386 1016/2349/2515 1015/1448/2516 84/333/387
s 4
f 1566/2474/392 1565/340/391 1977/1451/1558 1975/2741/1557
f 1981/1455/1563 1977/1451/1558 1565/340/391 1660/629/693
f 1982/1456/1564 1981/1455/1563 1660/629/693 1662/632/696
f 1985/1459/1567 1982/1456/1564 1662/632/696 1567/342/394
f 1986/1460/1568 1985/1459/1567 1567/342/394 1568/341/393
f 1989/1463/1571 1986/1460/1568 1568/341/393 1679/698/766
f 1990/1464/1572 1989/1463/1571 1679/698/766 1680/697/765
f 1993/1467/1575 1990/1464/1572 1680/697/765 1571/346/398
f 1994/1468/1576 1993/1467/1575 1571/346/398 1572/345/397
f 2268/2649/2344 1994/1468/1576 1572/345/397 1711/766/838
f 2335/2742/2517 2268/2649/2344 1711/766/838 1712/765/837
f 2336/2743/2518 2335/2742/2517 1712/765/837 1575/350/402
f 2337/2744/2519 2336/2743/2518 1575/350/402 1576/349/401
f 1997/2551/1587 2337/2744/2519 1576/349/401 1735/834/910
f 1998/1480/1588 1997/2551/1587 1735/834/910 1736/833/909
f 2001/1483/1591 1998/1480/1588 1736/833/909 1579/354/406
f 2002/1484/1592 2001/1483/1591 1579/354/406 1580/353/405
f 2005/1487/1595 2002/1484/1592 1580/353/405 1759/902/982
f 2006/1488/1596 2005/1487/1595 1759/902/982 1760/901/981
f 2276/2671/2384 2006/1488/1596 1760/901/981 2273/2670/2381
s 68
f 1023/1492/1600 1022/1491/1599 86/358/410 649/357/409
f 1024/1495/1603 1023/1492/1600 649/357/409 205/970/1054
f 1025/1496/1604 1024/1495/1603 205/970/1054 676/969/1053
f 1026/1499/1607 1025/1496/1604 676/969/1053 87/362/414
f 1027/1500/1608 1026/1499/1607 87/362/414 705/361/413
f 1028/1503/1611 1027/1500/1608 705/361/413 222/1038/1126
f 1029/1504/1612 1028/1503/1611 222/1038/1126 732/1037/1125
f 1030/1507/1615 1029/1504/1612 732/1037/1125 88/366/418
f 1031/1508/1616 1030/1507/1615 88/366/418 755/365/417
s 4
f 2009/1511/1619 2288/2692/2414 2285/2689/2411 1831/1106/1198
f 2010/1512/1620 2009/1511/1619 1831/1106/1198 1832/1105/1197
f 2310/2713/2470 2010/1512/1620 1832/1105/1197 2307/2712/2467
s 5
f 983/1516/1624 1032/1515/1623 89/2344/422 76/2222/421
s 2
f 765/1519/1627 1034/1068/1160 1033/2217/2428 300/1645/2429
f 301/1518/1626 1035/1065/1157 1034/1068/1160 765/1519/1627
f 743/1522/1630 1036/307/355 1035/1065/1157 301/1518/1626
f 1037/308/356 1036/307/355 743/1522/1630 302/1521/1629
f 716/1527/1635 1038/1000/1088 1037/308/356 302/1521/1629
f 303/1526/1634 1039/997/1085 1038/1000/1088 716/1527/1635
f 687/1530/1638 1040/311/359 1039/997/1085 303/1526/1634
f 1041/312/360 1040/311/359 687/1530/1638 304/1529/1637
f 658/1535/1643 1042/932/1016 1041/312/360 304/1529/1637
f 305/1534/1642 1043/929/1013 1042/932/1016 658/1535/1643
f 635/1538/1646 1044/315/363 1043/929/1013 305/1534/1642
f 1045/316/364 1044/315/363 635/1538/1646 306/1537/1645
f 617/1543/1651 1046/864/944 1045/316/364 306/1537/1645
f 307/1542/1650 1047/861/941 1046/864/944 617/1543/1651
f 603/1546/1654 1048/319/367 1047/861/941 307/1542/1650
f 1049/320/368 1048/319/367 603/1546/1654 308/1545/1653
f 586/1551/1659 1050/796/872 1049/320/368 308/1545/1653
f 309/1550/1658 1051/793/869 1050/796/872 586/1551/1659
f 565/1554/1662 1052/323/371 1051/793/869 309/1550/1658
f 1053/324/372 1052/323/371 565/1554/1662 310/1553/1661
f 544/1559/1667 1054/728/800 1053/324/372 310/1553/1661
f 311/1558/1666 1055/725/797 1054/728/800 544/1559/1667
f 516/1562/1670 1056/327/375 1055/725/797 311/1558/1666
f 1057/328/376 1056/327/375 516/1562/1670 312/1561/1669
f 490/1567/1675 1058/660/728 1057/328/376 312/1561/1669
f 313/1566/1674 1059/657/725 1058/660/728 490/1567/1675
f 464/1570/1678 1060/331/379 1059/657/725 313/1566/1674
f 1061/332/380 1060/331/379 464/1570/1678 314/1569/1677
f 439/1575/1683 1062/592/656 1061/332/380 314/1569/1677
f 315/1574/1682 1063/589/653 1062/592/656 439/1575/1683
f 420/1578/1686 1064/335/383 1063/589/653 315/1574/1682
f 1065/2215/384 1064/335/383 420/1578/1686 316/2216/1685
s 43
f 317/1582/1690 1066/2345/385 1065/336/388 316/1577/1691
s 4
f 2014/2552/1696 2013/1584/1695 1564/339/390 1563/2475/389
f 1659/630/694 1564/339/390 2013/1584/1695 2015/1586/1698
f 1661/631/695 1659/630/694 2015/1586/1698 2016/1585/1697
f 1569/343/395 1661/631/695 2016/1585/1697 2019/1590/1702
f 1570/344/396 1569/343/395 2019/1590/1702 2020/1589/1701
f 1681/699/767 1570/344/396 2020/1589/1701 2023/1594/1706
f 1682/700/768 1681/699/767 2023/1594/1706 2024/1593/1705
f 1573/347/399 1682/700/768 2024/1593/1705 2027/1598/1710
f 1574/348/400 1573/347/399 2027/1598/1710 2028/1597/1709
f 1713/767/839 1574/348/400 2028/1597/1709 2031/1602/1714
f 1714/768/840 1713/767/839 2031/1602/1714 2032/1601/1713
f 1577/351/403 1714/768/840 2032/1601/1713 2035/1606/1718
f 1578/352/404 1577/351/403 2035/1606/1718 2036/1605/1717
f 1737/835/911 1578/352/404 2036/1605/1717 2039/1610/1722
f 1738/836/912 1737/835/911 2039/1610/1722 2040/1609/1721
f 1581/355/407 1738/836/912 2040/1609/1721 2043/1614/1726
f 1582/356/408 1581/355/407 2043/1614/1726 2044/1613/1725
f 1761/903/983 1582/356/408 2044/1613/1725 2047/1618/1730
f 1762/904/984 1761/903/983 2047/1618/1730 2048/1617/1729
f 2274/2669/2382 1762/904/984 2048/1617/1729 2051/2555/1734
s 68
f 1068/360/412 1067/359/411 318/1622/2520 648/1621/2393
f 1069/971/1055 1068/360/412 648/1621/2393 319/1626/1738
f 1070/972/1056 1069/971/1055 319/1626/1738 675/1625/1737
f 1071/363/415 1070/972/1056 675/1625/1737 320/1630/1742
f 1072/364/416 1071/363/415 320/1630/1742 704/1629/1741
f 1073/1039/1127 1072/364/416 704/1629/1741 321/1634/1746
f 1074/1040/1128 1073/1039/1127 321/1634/1746 731/1633/1745
f 1075/367/419 1074/1040/1128 731/1633/1745 322/1638/1750
f 1076/368/420 1075/367/419 322/1638/1750 754/1637/1749
s 4
f 1833/1107/1199 2286/2690/2412 2283/2687/2409 2055/1642/1754
f 1834/1108/1200 1833/1107/1199 2055/1642/1754 2056/1641/1753
f 2308/2711/2468 1834/1108/1200 2056/1641/1753 2305/2710/2465
s 5
f 1033/372/424 1077/371/423 323/2340/1758 300/2218/1757
s 2
f 766/1071/1163 1079/1520/1628 1078/2213/2430 37/165/2431
f 229/1070/1162 1080/1517/1625 1079/1520/1628 766/1071/1163
f 744/102/138 1081/1523/1631 1080/1517/1625 229/1070/1162
f 1082/1524/1632 1081/1523/1631 744/102/138 38/101/137
f 717/1003/1091 1083/1528/1636 1082/1524/1632 38/101/137
f 212/1002/1090 1084/1525/1633 1083/1528/1636 717/1003/1091
f 688/106/142 1085/1531/1639 1084/1525/1633 212/1002/1090
f 1086/1532/1640 1085/1531/1639 688/106/142 39/105/141
f 659/935/1019 1087/1536/1644 1086/1532/1640 39/105/141
f 196/934/1018 1088/1533/1641 1087/1536/1644 659/935/1019
f 636/110/146 1089/1539/1647 1088/1533/1641 196/934/1018
f 1090/1540/1648 1089/1539/1647 636/110/146 40/109/145
f 618/867/947 1091/1544/1652 1090/1540/1648 40/109/145
f 187/866/946 1092/1541/1649 1091/1544/1652 618/867/947
f 604/114/150 1093/1547/1655 1092/1541/1649 187/866/946
f 1094/1548/1656 1093/1547/1655 604/114/150 41/113/149
f 587/799/2360 1095/1552/1660 1094/1548/1656 41/113/149
f 175/798/2521 1096/1549/1657 1095/1552/1660 587/799/2360
f 566/118/2522 1097/1555/1663 1096/1549/1657 175/798/2521
f 1098/1556/1664 1097/1555/1663 566/118/2522 42/117/2523
f 545/731/803 1099/1560/1668 1098/1556/1664 42/117/2523
f 161/730/802 1100/1557/1665 1099/1560/1668 545/731/803
f 517/122/158 1101/1563/1671 1100/1557/1665 161/730/802
f 1102/1564/1672 1101/1563/1671 517/122/158 43/121/157
f 491/663/731 1103/1568/1676 1102/1564/1672 43/121/157
f 146/662/730 1104/1565/1673 1103/1568/1676 491/663/731
f 465/126/162 1105/1571/1679 1104/1565/1673 146/662/730
f 1106/1572/1680 1105/1571/1679 465/126/162 44/125/161
f 440/595/659 1107/1576/1684 1106/1572/1680 44/125/161
f 132/594/658 1108/1573/1681 1107/1576/1684 440/595/659
f 421/130/166 1109/1579/1687 1108/1573/1681 132/594/658
f 1110/2211/1688 1109/1579/1687 421/130/166 45/2212/165
s 43
f 46/134/170 1111/2341/1689 1110/1580/1692 45/129/171
s 4
f 1486/2458/176 1485/136/175 2012/1583/1694 2011/2553/1693
f 2017/1587/1699 2012/1583/1694 1485/136/175 2250/2628/2314
f 2018/1588/1700 2017/1587/1699 2250/2628/2314 2338/2745/2524
f 2021/1591/1703 2018/1588/1700 2338/2745/2524 2339/2746/2525
f 2022/1592/1704 2021/1591/1703 2339/2746/2525 2340/2747/2526
f 2025/1595/1707 2022/1592/1704 2340/2747/2526 2341/2748/2527
f 2026/1596/1708 2025/1595/1707 2341/2748/2527 2342/2749/2528
f 2029/1599/1711 2026/1596/1708 2342/2749/2528 1487/2460/182
f 2030/1600/1712 2029/1599/1711 1487/2460/182 1488/141/181
f 2033/1603/1715 2030/1600/1712 1488/141/181 1707/762/834
f 2034/1604/1716 2033/1603/1715 1707/762/834 1708/761/833
f 2037/1607/1719 2034/1604/1716 1708/761/833 1491/146/186
f 2038/1608/1720 2037/1607/1719 1491/146/186 1492/145/185
f 2041/1611/1723 2038/1608/1720 1492/145/185 1731/830/906
f 2042/1612/1724 2041/1611/1723 1731/830/906 1732/829/905
f 2045/1615/1727 2042/1612/1724 1732/829/905 1495/150/190
f 2046/1616/1728 2045/1615/1727 1495/150/190 1496/149/189
f 2049/1619/1731 2046/1616/1728 1496/149/189 1755/898/978
f 2050/1620/1732 2049/1619/1731 1755/898/978 1756/897/977
f 2053/1623/1735 2050/1620/1732 1756/897/977 1499/154/194
f 2054/2556/1736 2053/1623/1735 1499/154/194 1500/153/193
f 2343/2750/2529 2054/2556/1736 1500/153/193 1783/2523/1050
s 68
f 1114/1628/1740 1113/1627/1739 204/966/2530 674/965/2531
f 1115/1631/1743 1114/1628/1740 674/965/2531 49/158/2532
f 1116/1632/1744 1115/1631/1743 49/158/2532 703/157/2533
f 1117/1635/1747 1116/1632/1744 703/157/2533 221/1034/2534
f 1118/1636/1748 1117/1635/1747 221/1034/2534 730/1033/2535
s 4
f 2345/2751/2536 2344/2752/2537 1804/2529/1121 1507/162/202
f 2284/2688/2410 2345/2751/2536 1507/162/202 1508/161/201
f 2057/1643/1755 2284/2688/2410 1508/161/201 1827/1102/1194
f 2058/1644/1756 2057/1643/1755 1827/1102/1194 1828/1101/1193
f 2306/2709/2466 2058/1644/1756 1828/1101/1193 2303/2708/2463
s 5
f 1078/1648/1760 1121/1647/1759 50/2336/206 37/2214/205
s 2
f 767/1651/1763 1123/1072/1164 1122/2209/2432 324/1777/2433
f 325/1650/1762 1124/1069/1161 1123/1072/1164 767/1651/1763
f 745/1654/1766 1125/103/139 1124/1069/1161 325/1650/1762
f 1126/104/140 1125/103/139 745/1654/1766 326/1653/1765
f 718/1659/1771 1127/1004/1092 1126/104/140 326/1653/1765
f 327/1658/1770 1128/1001/1089 1127/1004/1092 718/1659/1771
f 689/1662/1774 1129/107/143 1128/1001/1089 327/1658/1770
f 1130/108/144 1129/107/143 689/1662/1774 328/1661/1773
f 660/1667/1779 1131/936/1020 1130/108/144 328/1661/1773
f 329/1666/1778 1132/933/1017 1131/936/1020 660/1667/1779
f 637/1670/2538 1133/111/147 1132/933/1017 329/1666/1778
f 1134/112/148 1133/111/147 637/1670/2538 330/1669/2539
f 619/1675/2540 1135/868/948 1134/112/148 330/1669/2539
f 331/1674/2369 1136/865/945 1135/868/948 619/1675/2540
f 605/1678/1790 1137/115/151 1136/865/945 331/1674/2369
f 1138/116/152 1137/115/151 605/1678/1790 332/1677/1789
s 39
f 2451/1683/1795 2420/2507/876 2501/2753/2541 2491/2658/2361
f 2449/1682/1794 2418/797/873 2420/2507/876 2451/1683/1795
f 2453/1686/1798 2391/119/155 2418/797/873 2449/1682/1794
f 2392/120/156 2391/119/155 2453/1686/1798 2454/1685/1797
f 2459/1691/1803 2486/2650/2347 2392/120/156 2454/1685/1797
f 2457/2563/1802 2502/2754/2542 2486/2650/2347 2459/1691/1803
s 2
f 518/1694/1806 1142/123/159 1141/729/801 333/1690/2329
f 1143/124/160 1142/123/159 518/1694/1806 334/1693/1805
f 492/1699/1811 1144/664/732 1143/124/160 334/1693/1805
f 335/1698/1810 1145/661/729 1144/664/732 492/1699/1811
f 466/1702/1814 1146/127/163 1145/661/729 335/1698/1810
f 1147/128/164 1146/127/163 466/1702/1814 336/1701/1813
f 441/1707/1819 1148/596/660 1147/128/164 336/1701/1813
f 337/1706/1818 1149/593/657 1148/596/660 441/1707/1819
f 422/1710/1822 1150/131/167 1149/593/657 337/1706/1818
f 1151/2207/168 1150/131/167 422/1710/1822 338/2208/1821
s 43
f 339/1714/1826 1152/2337/169 1151/132/172 338/1709/1827
s 4
f 2062/2566/1832 2061/2565/1831 1484/2626/174 1483/2459/173
s 45
f 1154/626/690 1153/135/2543 433/1716/2311 340/1718/1834
f 1155/627/691 1154/626/690 340/1718/1834 454/1717/1833
f 1156/139/179 1155/627/691 454/1717/1833 341/1722/1838
f 1157/140/180 1156/139/179 341/1722/1838 480/1721/1837
f 1158/695/763 1157/140/180 480/1721/1837 342/1726/1842
f 1159/696/764 1158/695/763 342/1726/1842 506/1725/1841
f 1160/143/2324 1159/696/764 506/1725/1841 343/1730/1846
f 1161/144/2544 1160/143/2324 343/1730/1846 531/1729/1845
s 4
f 1709/763/835 1490/2462/184 2265/2645/2341 2063/1734/1850
f 1710/764/836 1709/763/835 2063/1734/1850 2064/1733/1849
f 1493/147/187 1710/764/836 2064/1733/1849 2067/1738/1854
f 1494/148/188 1493/147/187 2067/1738/1854 2068/1737/1853
f 1733/831/907 1494/148/188 2068/1737/1853 2071/1742/1858
f 1734/832/908 1733/831/907 2071/1742/1858 2072/1741/1857
f 1497/151/191 1734/832/908 2072/1741/1857 2075/1746/1862
f 1498/152/192 1497/151/191 2075/1746/1862 2076/1745/1861
f 1757/899/979 1498/152/192 2076/1745/1861 2079/1750/1866
f 1758/900/980 1757/899/979 2079/1750/1866 2080/1749/1865
f 1501/155/195 1758/900/980 2080/1749/1865 2083/1754/1870
f 1502/156/196 1501/155/195 2083/1754/1870 2084/1753/1869
f 1785/967/1051 1502/156/196 2084/1753/1869 2087/1758/1874
f 1786/968/1052 1785/967/1051 2087/1758/1874 2088/1757/1873
f 1505/159/199 1786/968/1052 2088/1757/1873 2091/1762/1878
f 1506/160/200 1505/159/199 2091/1762/1878 2092/1761/1877
f 1805/1035/1123 1506/160/200 2092/1761/1877 2095/1766/1882
f 1806/1036/1124 1805/1035/1123 2095/1766/1882 2096/1765/1881
f 1509/163/203 1806/1036/1124 2096/1765/1881 2099/1770/1886
f 1510/164/204 1509/163/203 2099/1770/1886 2100/1769/1885
f 1829/1103/1195 1510/164/204 2100/1769/1885 2103/1774/1890
f 1830/1104/1196 1829/1103/1195 2103/1774/1890 2104/1773/1889
f 2304/2707/2464 1830/1104/1196 2104/1773/1889 2301/2706/2461
s 5
f 1122/168/208 1162/167/207 344/2332/1894 324/2210/1893
s 2
f 768/1075/1167 1164/1652/1764 1163/2205/2434 105/505/2435
f 230/1074/1166 1165/1649/1761 1164/1652/1764 768/1075/1167
f 746/442/498 1166/1655/1767 1165/1649/1761 230/1074/1166
f 1167/1656/1768 1166/1655/1767 746/442/498 106/441/497
f 719/1007/1095 1168/1660/1772 1167/1656/1768 106/441/497
f 213/1006/1094 1169/1657/1769 1168/1660/1772 719/1007/1095
f 690/446/502 1170/1663/1775 1169/1657/1769 213/1006/1094
f 1171/1664/1776 1170/1663/1775 690/446/502 107/445/501
f 661/939/1023 1172/1668/1780 1171/1664/1776 107/445/501
s 39
f 2499/2675/2387 2498/2674/2386 2503/2755/2545 2504/2756/2546
f 2397/450/506 2443/1671/1783 2498/2674/2386 2499/2675/2387
f 2444/1672/1784 2443/1671/1783 2397/450/506 2398/449/505
f 2435/871/951 2448/1676/1788 2444/1672/1784 2398/449/505
f 2433/870/950 2446/2559/1785 2448/1676/1788 2435/871/951
f 2401/454/510 2505/2757/2547 2446/2559/1785 2433/870/950
f 2492/2659/2362 2505/2757/2547 2401/454/510 2402/453/509
f 2423/803/879 2452/1684/1796 2492/2659/2362 2402/453/509
f 2421/802/878 2450/1681/1793 2452/1684/1796 2423/803/879
f 2405/458/514 2455/1687/1799 2450/1681/1793 2421/802/878
f 2456/1688/1800 2455/1687/1799 2405/458/514 2406/457/513
f 2415/735/807 2460/1692/1804 2456/1688/1800 2406/457/513
f 2413/2499/806 2458/2562/1801 2460/1692/1804 2415/735/807
s 2
f 519/462/518 1178/1695/1807 1177/1689/2330 162/734/2331
f 1179/1696/1808 1178/1695/1807 519/462/518 108/461/517
f 493/667/735 1180/1700/1812 1179/1696/1808 108/461/517
f 147/666/734 1181/1697/1809 1180/1700/1812 493/667/735
f 467/466/522 1182/1703/1815 1181/1697/1809 147/666/734
f 1183/1704/1816 1182/1703/1815 467/466/522 109/465/521
f 442/599/663 1184/1708/1820 1183/1704/1816 109/465/521
f 133/598/662 1185/1705/1817 1184/1708/1820 442/599/663
f 423/470/526 1186/1711/1823 1185/1705/1817 133/598/662
f 1187/2203/1824 1186/1711/1823 423/470/526 110/2204/525
s 43
f 111/474/530 1188/2333/1825 1187/1712/1828 110/469/531
s 4
f 1602/2482/536 1601/2481/535 2060/2564/1830 2059/2567/1829
s 45
f 1190/1719/1835 1189/1715/2312 432/476/2309 139/621/685
f 1191/1720/1836 1190/1719/1835 139/621/685 453/624/688
f 1192/1723/1839 1191/1720/1836 453/624/688 112/478/538
f 1193/1724/1840 1192/1723/1839 112/478/538 479/477/537
f 1194/1727/1843 1193/1724/1840 479/477/537 154/690/758
f 1195/1728/1844 1194/1727/1843 154/690/758 505/689/757
f 1196/1731/1847 1195/1728/1844 505/689/757 113/482/542
f 1197/1732/1848 1196/1731/1847 113/482/542 530/481/541
s 4
f 2065/1735/1851 2266/2646/2342 2263/2643/2339 1703/758/830
f 2066/1736/1852 2065/1735/1851 1703/758/830 1704/757/829
f 2069/1739/1855 2066/1736/1852 1704/757/829 1603/486/546
f 2070/1740/1856 2069/1739/1855 1603/486/546 1604/485/545
f 2073/1743/1859 2070/1740/1856 1604/485/545 1727/826/902
f 2074/1744/1860 2073/1743/1859 1727/826/902 1728/825/901
f 2077/1747/1863 2074/1744/1860 1728/825/901 1607/490/550
f 2078/1748/1864 2077/1747/1863 1607/490/550 1608/489/549
f 2081/1751/1867 2078/1748/1864 1608/489/549 1751/894/974
f 2082/1752/1868 2081/1751/1867 1751/894/974 1752/893/973
f 2085/1755/1871 2082/1752/1868 1752/893/973 1611/494/554
f 2086/1756/1872 2085/1755/1871 1611/494/554 1612/493/553
f 2089/1759/1875 2086/1756/1872 1612/493/553 1779/962/1046
f 2090/1760/1876 2089/1759/1875 1779/962/1046 1780/2521/1045
f 2093/1763/1879 2090/1760/1876 1780/2521/1045 2346/2758/2548
f 2094/1764/1880 2093/1763/1879 2346/2758/2548 2347/2759/2549
f 2097/1767/1883 2094/1764/1880 2347/2759/2549 1799/2526/1118
f 2098/1768/1884 2097/1767/1883 1799/2526/1118 1800/1029/1117
f 2101/1771/1887 2098/1768/1884 1800/1029/1117 1615/502/562
f 2102/1772/1888 2101/1771/1887 1615/502/562 1616/501/561
f 2105/1775/1891 2102/1772/1888 1616/501/561 1823/1098/1190
f 2106/1776/1892 2105/1775/1891 1823/1098/1190 1824/1097/1189
f 2302/2705/2462 2106/1776/1892 1824/1097/1189 2299/2704/2459
s 5
f 1163/1780/1896 1198/1779/1895 115/2328/566 105/2206/565
s 2
f 769/1783/1899 1200/1076/1168 1199/2201/2436 345/1909/2437
f 346/1782/1898 1201/1073/1165 1200/1076/1168 769/1783/1899
f 747/1786/1902 1202/443/499 1201/1073/1165 346/1782/1898
f 1203/444/500 1202/443/499 747/1786/1902 347/1785/1901
f 720/1791/1907 1204/1008/1096 1203/444/500 347/1785/1901
f 348/1790/1906 1205/1005/1093 1204/1008/1096 720/1791/1907
f 691/1794/1910 1206/447/503 1205/1005/1093 348/1790/1906
f 1207/448/504 1206/447/503 691/1794/1910 349/1793/1909
f 662/1799/1915 1208/940/1024 1207/448/504 349/1793/1909
f 350/1798/1914 1209/937/1021 1208/940/1024 662/1799/1915
f 638/1802/1918 1210/451/2550 1209/937/1021 350/1798/1914
s 39
f 2400/452/508 2399/2677/507 2506/2760/2551 2495/2665/2373
f 2463/1807/1923 2436/872/952 2400/452/508 2495/2665/2373
f 2461/1806/1922 2434/869/949 2436/872/952 2463/1807/1923
f 2465/1810/1926 2403/455/511 2434/869/949 2461/1806/1922
f 2404/456/512 2403/455/511 2465/1810/1926 2466/1809/1925
f 2471/1815/1931 2424/804/880 2404/456/512 2466/1809/1925
f 2469/2569/1930 2422/801/877 2424/804/880 2471/1815/1931
f 2507/2761/2552 2407/459/515 2422/801/877 2469/2569/1930
f 2408/460/516 2407/459/515 2507/2761/2552 2508/2762/2553
f 2509/2763/2554 2416/2500/808 2408/460/516 2508/2762/2553
s 2
f 354/1822/1938 1212/733/2332 1211/736/2555 546/1823/1939
f 520/1826/1942 1213/463/519 1212/733/2332 354/1822/1938
f 1214/464/520 1213/463/519 520/1826/1942 355/1825/1941
f 494/1831/1947 1215/668/736 1214/464/520 355/1825/1941
f 356/1830/1946 1216/665/733 1215/668/736 494/1831/1947
f 468/1834/1950 1217/467/523 1216/665/733 356/1830/1946
f 1218/468/524 1217/467/523 468/1834/1950 357/1833/1949
f 443/1839/1955 1219/600/664 1218/468/524 357/1833/1949
f 358/1838/1954 1220/597/661 1219/600/664 443/1839/1955
f 424/1842/1958 1221/471/527 1220/597/661 358/1838/1954
f 1222/2199/528 1221/471/527 424/1842/1958 359/2200/1957
s 43
f 360/1846/1962 1223/2329/529 1222/472/532 359/1841/1963
s 4
f 2110/2572/1968 2109/2571/1967 1600/2480/534 1599/2483/533
s 45
f 1225/622/686 1224/475/2310 431/1848/2307 361/1850/1970
f 1226/623/687 1225/622/686 361/1850/1970 452/1849/1969
f 1227/479/539 1226/623/687 452/1849/1969 362/1854/1974
f 1228/480/540 1227/479/539 362/1854/1974 478/1853/1973
f 1229/691/759 1228/480/540 478/1853/1973 363/1858/1978
f 1230/692/760 1229/691/759 363/1858/1978 504/1857/1977
f 1231/483/543 1230/692/760 504/1857/1977 364/1862/1982
f 1232/484/544 1231/483/543 364/1862/1982 529/1861/1981
s 4
f 1705/759/831 2264/2644/2340 2348/2764/2556 2111/2574/1986
f 1706/760/832 1705/759/831 2111/2574/1986 2112/1865/1985
f 1605/487/547 1706/760/832 2112/1865/1985 2115/1870/1990
f 1606/488/548 1605/487/547 2115/1870/1990 2116/1869/1989
f 1729/827/903 1606/488/548 2116/1869/1989 2119/1874/1994
f 1730/828/904 1729/827/903 2119/1874/1994 2120/1873/1993
f 1609/491/551 1730/828/904 2120/1873/1993 2123/1878/1998
f 1610/492/552 1609/491/551 2123/1878/1998 2124/1877/1997
f 1753/895/975 1610/492/552 2124/1877/1997 2127/1882/2002
f 1754/896/976 1753/895/975 2127/1882/2002 2128/1881/2001
f 1613/495/555 1754/896/976 2128/1881/2001 2131/1886/2006
f 1614/496/556 1613/495/555 2131/1886/2006 2132/2578/2005
f 1781/2519/1047 1614/496/556 2132/2578/2005 2349/2765/2557
s 121
f 1234/964/2398 1233/963/2558 366/1890/2010 672/1889/2009
f 1235/499/559 1234/964/2398 672/1889/2009 367/1894/2014
f 1236/500/560 1235/499/559 367/1894/2014 701/1893/2013
f 1237/1031/2400 1236/500/560 701/1893/2013 368/1898/2018
f 1238/1032/2559 1237/1031/2400 368/1898/2018 729/1897/2017
s 4
f 1617/503/563 1802/2528/1120 2350/2766/2560 2135/2579/2022
f 1618/504/564 1617/503/563 2135/2579/2022 2136/1901/2021
f 1825/1099/1191 1618/504/564 2136/1901/2021 2139/1906/2026
f 1826/1100/1192 1825/1099/1191 2139/1906/2026 2140/1905/2025
f 2300/2703/2460 1826/1100/1192 2140/1905/2025 2297/2702/2457
s 5
f 1199/508/568 1239/507/567 370/2324/2030 345/2202/2029
s 2
f 770/1079/1171 1241/1784/1900 1240/2197/2438 90/437/2439
f 231/1078/1170 1242/1781/1897 1241/1784/1900 770/1079/1171
f 748/374/426 1243/1787/1903 1242/1781/1897 231/1078/1170
f 1244/1788/1904 1243/1787/1903 748/374/426 91/373/425
f 721/1011/1099 1245/1792/1908 1244/1788/1904 91/373/425
f 214/1010/1098 1246/1789/1905 1245/1792/1908 721/1011/1099
f 692/378/430 1247/1795/1911 1246/1789/1905 214/1010/1098
f 1248/1796/1912 1247/1795/1911 692/378/430 92/377/429
f 663/943/1027 1249/1800/1916 1248/1796/1912 92/377/429
f 198/942/1026 1250/1797/1913 1249/1800/1916 663/943/1027
f 639/382/434 1251/1803/1919 1250/1797/1913 198/942/1026
f 1252/1804/1920 1251/1803/1919 639/382/434 93/381/433
s 39
f 2439/2513/955 2464/1808/1924 2496/2666/2374 2510/2767/2561
f 2437/874/954 2462/1805/1921 2464/1808/1924 2439/2513/955
f 2393/386/438 2467/1811/1927 2462/1805/1921 2437/874/954
f 2468/1812/1928 2467/1811/1927 2393/386/438 2394/385/437
f 2427/807/883 2472/1816/1932 2468/1812/1928 2394/385/437
f 2425/2654/882 2470/2568/1929 2472/1816/1932 2427/807/883
s 2
f 568/390/442 1254/1819/1935 1253/1813/2350 176/806/2562
f 1255/1820/1936 1254/1819/1935 568/390/442 94/389/441
f 547/739/811 1256/1824/1940 1255/1820/1936 94/389/441
f 163/738/810 1257/1821/1937 1256/1824/1940 547/739/811
f 521/394/446 1258/1827/1943 1257/1821/1937 163/738/810
f 1259/1828/1944 1258/1827/1943 521/394/446 95/393/445
f 495/671/739 1260/1832/1948 1259/1828/1944 95/393/445
f 148/670/738 1261/1829/1945 1260/1832/1948 495/671/739
f 469/398/450 1262/1835/1951 1261/1829/1945 148/670/738
f 1263/1836/1952 1262/1835/1951 469/398/450 96/397/449
f 444/603/667 1264/1840/1956 1263/1836/1952 96/397/449
f 134/602/666 1265/1837/1953 1264/1840/1956 444/603/667
f 425/402/454 1266/1843/1959 1265/1837/1953 134/602/666
f 1267/2195/1960 1266/1843/1959 425/402/454 97/2196/453
s 43
f 98/406/458 1268/2325/1961 1267/1844/1964 97/401/459
s 4
f 1586/2476/464 1585/408/463 2108/2570/1966 2107/2573/1965
f 2351/2768/2563 2108/2570/1966 1585/408/463 2248/2625/2306
s 45
f 1271/1852/1972 1270/1851/1971 138/617/681 451/620/684
f 1272/1855/1975 1271/1852/1972 451/620/684 99/410/466
f 1273/1856/1976 1272/1855/1975 99/410/466 477/409/465
f 1274/1859/1979 1273/1856/1976 477/409/465 153/686/754
f 1275/1860/1980 1274/1859/1979 153/686/754 503/685/753
f 1276/1863/1983 1275/1860/1980 503/685/753 100/414/470
f 1277/1864/1984 1276/1863/1983 100/414/470 528/413/469
f 1278/1867/2338 1277/1864/1984 528/413/469 167/754/2335
s 4
f 2114/1868/1988 2113/2575/1987 1699/2501/826 1700/753/825
f 2117/1871/1991 2114/1868/1988 1700/753/825 1587/418/474
f 2118/1872/1992 2117/1871/1991 1587/418/474 1588/417/473
f 2121/1875/1995 2118/1872/1992 1588/417/473 1723/822/898
f 2122/1876/1996 2121/1875/1995 1723/822/898 1724/821/897
f 2125/1879/1999 2122/1876/1996 1724/821/897 1591/422/478
f 2126/1880/2000 2125/1879/1999 1591/422/478 1592/421/477
f 2129/1883/2003 2126/1880/2000 1592/421/477 1747/890/970
f 2130/1884/2004 2129/1883/2003 1747/890/970 1748/889/969
f 2133/2576/2007 2130/1884/2004 1748/889/969 2271/2668/2379
s 121
f 1280/1888/2392 1279/1887/2564 101/426/482 646/425/481
f 1281/1891/2011 1280/1888/2392 646/425/481 203/958/1042
f 1282/1892/2012 1281/1891/2011 203/958/1042 671/957/1041
f 1283/1895/2015 1282/1892/2012 671/957/1041 102/430/486
f 1284/1896/2016 1283/1895/2015 102/430/486 700/429/485
f 1285/1899/2019 1284/1896/2016 700/429/485 219/1026/1114
f 1286/1900/2020 1285/1899/2019 219/1026/1114 728/1025/1113
f 1287/1903/2406 1286/1900/2020 728/1025/1113 103/434/2403
s 4
f 2138/1904/2024 2137/2580/2023 1595/2478/490 1596/433/489
f 2141/1907/2027 2138/1904/2024 1596/433/489 1819/1094/1186
f 2142/1908/2028 2141/1907/2027 1819/1094/1186 1820/1093/1185
f 2298/2701/2458 2142/1908/2028 1820/1093/1185 2295/2700/2455
s 5
f 1240/1912/2032 1288/1911/2031 104/2320/494 90/2198/493
s 2
f 771/1915/2035 1290/1080/1172 1289/2193/2440 371/2041/2441
f 372/1914/2034 1291/1077/1169 1290/1080/1172 771/1915/2035
f 749/1918/2038 1292/375/427 1291/1077/1169 372/1914/2034
f 1293/376/428 1292/375/427 749/1918/2038 373/1917/2037
f 722/1923/2043 1294/1012/1100 1293/376/428 373/1917/2037
f 374/1922/2042 1295/1009/1097 1294/1012/1100 722/1923/2043
f 693/1926/2046 1296/379/431 1295/1009/1097 374/1922/2042
f 1297/380/432 1296/379/431 693/1926/2046 375/1925/2045
f 664/1931/2051 1298/944/1028 1297/380/432 375/1925/2045
f 376/1930/2050 1299/941/1025 1298/944/1028 664/1931/2051
f 640/1934/2054 1300/383/435 1299/941/1025 376/1930/2050
f 1301/384/436 1300/383/435 640/1934/2054 377/1933/2053
f 621/1939/2378 1302/876/2375 1301/384/436 377/1933/2053
s 39
f 2473/1938/2058 2438/873/953 2440/2514/956 2475/2581/2059
f 2477/1942/2062 2395/387/439 2438/873/953 2473/1938/2058
f 2396/388/440 2395/387/439 2477/1942/2062 2478/1941/2061
f 2483/1947/2067 2428/808/884 2396/388/440 2478/1941/2061
f 2481/1946/2066 2426/805/881 2428/808/884 2483/1947/2067
f 2489/2656/2354 2488/2652/2351 2426/805/881 2481/1946/2066
s 2
f 1304/392/444 1303/391/443 569/1950/2070 378/1949/2069
f 548/1955/2075 1305/740/812 1304/392/444 378/1949/2069
f 379/1954/2074 1306/737/809 1305/740/812 548/1955/2075
f 522/1958/2078 1307/395/447 1306/737/809 379/1954/2074
f 1308/396/448 1307/395/447 522/1958/2078 380/1957/2077
f 496/1963/2083 1309/672/740 1308/396/448 380/1957/2077
f 381/1962/2082 1310/669/737 1309/672/740 496/1963/2083
f 470/1966/2086 1311/399/451 1310/669/737 381/1962/2082
f 1312/400/452 1311/399/451 470/1966/2086 382/1965/2085
f 445/1971/2091 1313/604/668 1312/400/452 382/1965/2085
f 383/1970/2090 1314/601/665 1313/604/668 445/1971/2091
f 426/1974/2094 1315/403/455 1314/601/665 383/1970/2090
f 1316/2191/456 1315/403/455 426/1974/2094 384/2192/2093
s 43
f 385/1978/2098 1317/2321/457 1316/404/460 384/1973/2099
s 4
f 2146/2583/2104 2145/1980/2103 1584/407/462 1583/2477/461
f 2247/2624/2305 1584/407/462 2145/1980/2103 2147/2586/2106
s 45
f 1319/619/683 1318/618/682 386/1982/2565 450/1981/2321
f 1320/411/467 1319/619/683 450/1981/2321 387/1986/2110
f 1321/412/468 1320/411/467 387/1986/2110 476/1985/2109
f 1322/687/755 1321/412/468 476/1985/2109 388/1990/2114
f 1323/688/756 1322/687/755 388/1990/2114 502/1989/2113
f 1324/415/471 1323/688/756 502/1989/2113 389/1994/2118
f 1325/416/472 1324/415/471 389/1994/2118 527/1993/2117
f 1326/755/2336 1325/416/472 527/1993/2117 390/1998/2566
s 4
f 1702/756/828 1701/2502/827 2151/2640/2122 2152/1997/2121
f 1589/419/475 1702/756/828 2152/1997/2121 2155/2002/2126
f 1590/420/476 1589/419/475 2155/2002/2126 2156/2001/2125
f 1725/823/899 1590/420/476 2156/2001/2125 2159/2006/2130
f 1726/824/900 1725/823/899 2159/2006/2130 2160/2005/2129
f 1593/423/479 1726/824/900 2160/2005/2129 2163/2010/2134
f 1594/424/480 1593/423/479 2163/2010/2134 2164/2009/2133
f 1749/891/971 1594/424/480 2164/2009/2133 2167/2014/2138
f 1750/892/972 1749/891/971 2167/2014/2138 2168/2013/2137
f 2272/2667/2380 1750/892/972 2168/2013/2137 2171/2589/2142
s 121
f 1328/428/484 1327/427/483 391/2018/2567 645/2017/2389
f 1329/959/1043 1328/428/484 645/2017/2389 392/2022/2146
f 1330/960/1044 1329/959/1043 392/2022/2146 670/2021/2145
f 1331/431/487 1330/960/1044 670/2021/2145 393/2026/2150
f 1332/432/488 1331/431/487 393/2026/2150 699/2025/2149
f 1333/1027/1115 1332/432/488 699/2025/2149 394/2030/2154
f 1334/1028/1116 1333/1027/1115 394/2030/2154 727/2029/2153
f 1335/435/2404 1334/1028/1116 727/2029/2153 395/2034/2568
s 4
f 1598/436/492 1597/2479/491 2175/2682/2158 2176/2033/2157
f 1821/1095/1187 1598/436/492 2176/2033/2157 2179/2038/2162
f 1822/1096/1188 1821/1095/1187 2179/2038/2162 2180/2037/2161
f 2296/2699/2456 1822/1096/1188 2180/2037/2161 2293/2698/2453
s 5
f 1289/440/496 1336/439/495 396/2316/2166 371/2194/2165
s 2
f 772/1083/1175 1338/1916/2036 1337/2189/2442 116/573/2443
f 232/1082/1174 1339/1913/2033 1338/1916/2036 772/1083/1175
f 750/510/570 1340/1919/2039 1339/1913/2033 232/1082/1174
f 1341/1920/2040 1340/1919/2039 750/510/570 117/509/569
f 723/1015/1103 1342/1924/2044 1341/1920/2040 117/509/569
f 215/1014/1102 1343/1921/2041 1342/1924/2044 723/1015/1103
f 694/514/574 1344/1927/2047 1343/1921/2041 215/1014/1102
f 1345/1928/2048 1344/1927/2047 694/514/574 118/513/573
f 665/947/1031 1346/1932/2052 1345/1928/2048 118/513/573
f 199/946/1030 1347/1929/2049 1346/1932/2052 665/947/1031
f 641/518/578 1348/1935/2055 1347/1929/2049 199/946/1030
f 1349/1936/2056 1348/1935/2055 641/518/578 119/517/577
f 622/879/959 1350/1940/2377 1349/1936/2056 119/517/577
s 39
f 2493/2663/2371 2474/1937/2057 2476/2582/2060 2511/2769/2569
f 2409/522/582 2479/1943/2063 2474/1937/2057 2493/2663/2371
f 2480/1944/2064 2479/1943/2063 2409/522/582 2410/521/581
f 2431/811/887 2484/1948/2068 2480/1944/2064 2410/521/581
f 2429/2509/886 2482/1945/2065 2484/1948/2068 2431/811/887
f 2512/2770/2570 2490/2655/2353 2482/1945/2065 2429/2509/886
s 2
f 1352/1952/2072 1351/1951/2071 570/526/586 120/525/585
f 549/743/815 1353/1956/2076 1352/1952/2072 120/525/585
f 164/742/814 1354/1953/2073 1353/1956/2076 549/743/815
f 523/530/590 1355/1959/2079 1354/1953/2073 164/742/814
f 1356/1960/2080 1355/1959/2079 523/530/590 121/529/589
f 497/675/743 1357/1964/2084 1356/1960/2080 121/529/589
f 149/674/742 1358/1961/2081 1357/1964/2084 497/675/743
f 471/534/594 1359/1967/2087 1358/1961/2081 149/674/742
f 1360/1968/2088 1359/1967/2087 471/534/594 122/533/593
f 446/607/671 1361/1972/2092 1360/1968/2088 122/533/593
f 135/606/670 1362/1969/2089 1361/1972/2092 446/607/671
f 427/538/598 1363/1975/2095 1362/1969/2089 135/606/670
f 1364/2187/2096 1363/1975/2095 427/538/598 123/2188/597
s 43
f 124/542/602 1365/2317/2097 1364/1976/2100 123/537/603
s 4
f 1622/2486/608 1621/544/607 2144/1979/2102 2143/2584/2101
f 2149/1983/2107 2144/1979/2102 1621/544/607 1656/613/677
f 2150/2587/2108 2149/1983/2107 1656/613/677 1658/616/680
f 2352/2771/2571 2150/2587/2108 1658/616/680 1623/2489/610
s 45
f 1368/1988/2112 1367/1987/2111 125/546/2572 475/545/2573
f 1369/1991/2115 1368/1988/2112 475/545/2573 152/682/2574
f 1370/1992/2116 1369/1991/2115 152/682/2574 501/681/2575
f 1371/1995/2119 1370/1992/2116 501/681/2575 126/550/2576
s 4
f 2262/2642/2334 2353/2772/2577 1627/2635/614 1628/549/613
f 2153/1999/2123 2262/2642/2334 1628/549/613 1695/750/822
f 2154/2000/2124 2153/1999/2123 1695/750/822 1696/749/821
f 2157/2003/2127 2154/2000/2124 1696/749/821 1631/554/618
f 2158/2004/2128 2157/2003/2127 1631/554/618 1632/553/617
f 2161/2007/2131 2158/2004/2128 1632/553/617 1719/818/894
f 2162/2008/2132 2161/2007/2131 1719/818/894 1720/817/893
f 2165/2011/2135 2162/2008/2132 1720/817/893 1635/558/622
f 2166/2012/2136 2165/2011/2135 1635/558/622 1636/557/621
f 2169/2015/2139 2166/2012/2136 1636/557/621 1743/886/966
f 2170/2016/2140 2169/2015/2139 1743/886/966 1744/885/965
f 2173/2019/2143 2170/2016/2140 1744/885/965 1639/562/626
f 2174/2590/2144 2173/2019/2143 1639/562/626 1640/561/625
f 2354/2773/2578 2174/2590/2144 1640/561/625 1775/2518/1038
s 121
f 1375/2024/2148 1374/2023/2147 202/954/2579 669/953/2580
f 1376/2027/2151 1375/2024/2148 669/953/2580 127/566/2581
f 1377/2028/2152 1376/2027/2151 127/566/2581 698/565/2582
f 1378/2031/2155 1377/2028/2152 698/565/2582 218/1022/2583
s 4
f 2280/2684/2402 2355/2774/2584 1795/2681/1110 1796/1021/1109
f 2177/2035/2159 2280/2684/2402 1796/1021/1109 1647/570/634
f 2178/2036/2160 2177/2035/2159 1647/570/634 1648/569/633
f 2181/2039/2163 2178/2036/2160 1648/569/633 1815/1090/1182
f 2182/2040/2164 2181/2039/2163 1815/1090/1182 1816/1089/1181
f 2294/2697/2454 2182/2040/2164 1816/1089/1181 2291/2696/2451
s 5
f 1337/2044/2168 1380/2043/2167 128/2312/638 116/2190/637
s 2
f 773/2113/2585 1382/1084/1176 1381/2185/2444 397/2114/2586
f 398/2115/2587 1383/1081/1173 1382/1084/1176 773/2113/2585
f 751/2116/2588 1384/511/571 1383/1081/1173 398/2115/2587
f 1385/512/572 1384/511/571 751/2116/2588 399/2117/2589
f 724/2118/2590 1386/1016/1104 1385/512/572 399/2117/2589
f 400/2119/2591 1387/1013/1101 1386/1016/1104 724/2118/2590
f 695/2120/2592 1388/515/575 1387/1013/1101 400/2119/2591
f 1389/516/576 1388/515/575 695/2120/2592 401/2121/2593
f 666/2122/2594 1390/948/1032 1389/516/576 401/2121/2593
f 402/2123/2595 1391/945/1029 1390/948/1032 666/2122/2594
f 642/2124/2596 1392/519/579 1391/945/1029 402/2123/2595
f 1393/520/580 1392/519/579 642/2124/2596 403/2125/2597
f 623/2126/2598 1394/880/960 1393/520/580 403/2125/2597
f 404/2127/2599 1395/877/957 1394/880/960 623/2126/2598
f 606/2128/2600 1396/523/2601 1395/877/957 404/2127/2599
f 1397/524/2602 1396/523/2601 606/2128/2600 405/2129/2603
f 588/2130/2604 1398/812/2605 1397/524/2602 405/2129/2603
f 406/2131/2606 1399/809/2356 1398/812/2605 588/2130/2604
f 571/2132/2607 1400/527/587 1399/809/2356 406/2131/2606
f 1401/528/588 1400/527/587 571/2132/2607 407/2133/2608
f 550/2134/2609 1402/744/816 1401/528/588 407/2133/2608
f 408/2135/2610 1403/741/813 1402/744/816 550/2134/2609
f 524/2136/2611 1404/531/591 1403/741/813 408/2135/2610
f 1405/532/592 1404/531/591 524/2136/2611 409/2137/2612
f 498/2138/2613 1406/676/744 1405/532/592 409/2137/2612
f 410/2139/2614 1407/673/741 1406/676/744 498/2138/2613
f 472/2140/2615 1408/535/595 1407/673/741 410/2139/2614
f 1409/536/596 1408/535/595 472/2140/2615 411/2141/2616
f 447/2142/2617 1410/608/672 1409/536/596 411/2141/2616
f 412/2143/2618 1411/605/669 1410/608/672 447/2142/2617
f 428/2144/2619 1412/539/599 1411/605/669 412/2143/2618
f 1413/2183/600 1412/539/599 428/2144/2619 413/2184/2620
s 43
f 414/2146/2621 1414/2313/601 1413/540/604 413/2145/2622
s 4
f 2356/2775/2623 2357/2147/2624 1620/543/606 1619/2487/605
f 1655/614/678 1620/543/606 2357/2147/2624 2358/2148/2625
f 1657/615/679 1655/614/678 2358/2148/2625 2359/2149/2626
f 1625/547/611 1657/615/679 2359/2149/2626 2360/2150/2627
f 1626/548/612 1625/547/611 2360/2150/2627 2361/2151/2628
f 1677/683/751 1626/548/612 2361/2151/2628 2362/2152/2629
f 1678/684/752 1677/683/751 2362/2152/2629 2363/2153/2630
f 1629/551/615 1678/684/752 2363/2153/2630 2364/2154/2631
f 1630/552/616 1629/551/615 2364/2154/2631 2365/2155/2632
f 1697/751/823 1630/552/616 2365/2155/2632 2366/2156/2633
f 1698/752/824 1697/751/823 2366/2156/2633 2367/2157/2634
f 1633/555/619 1698/752/824 2367/2157/2634 2368/2158/2635
f 1634/556/620 1633/555/619 2368/2158/2635 2369/2159/2636
f 1721/819/895 1634/556/620 2369/2159/2636 2370/2160/2637
f 1722/820/896 1721/819/895 2370/2160/2637 2371/2161/2638
f 1637/559/623 1722/820/896 2371/2161/2638 2372/2162/2639
f 1638/560/624 1637/559/623 2372/2162/2639 2373/2163/2640
f 1745/887/967 1638/560/624 2373/2163/2640 2374/2164/2641
f 1746/888/968 1745/887/967 2374/2164/2641 2375/2165/2642
f 1641/563/627 1746/888/968 2375/2165/2642 2376/2166/2643
f 1642/564/628 1641/563/627 2376/2166/2643 2377/2167/2644
f 1777/955/1039 1642/564/628 2377/2167/2644 2378/2168/2645
f 1778/956/1040 1777/955/1039 2378/2168/2645 2379/2169/2646
f 1645/567/631 1778/956/1040 2379/2169/2646 2380/2170/2647
f 1646/568/632 1645/567/631 2380/2170/2647 2381/2171/2648
f 1797/1023/1111 1646/568/632 2381/2171/2648 2382/2172/2649
f 1798/1024/1112 1797/1023/1111 2382/2172/2649 2383/2173/2650
f 1649/571/635 1798/1024/1112 2383/2173/2650 2384/2174/2651
f 1650/572/636 1649/571/635 2384/2174/2651 2385/2175/2652
f 1817/1091/1183 1650/572/636 2385/2175/2652 2386/2176/2653
f 1818/1092/1184 1817/1091/1183 2386/2176/2653 2387/2177/2654
f 2292/2695/2452 1818/1092/1184 2387/2177/2654 2388/2776/2655
s 5
f 1381/576/640 1415/575/639 415/2310/2656 397/2186/2657
s 4
f 2388/2776/2655 2387/2177/2654 2243/2107/2297 2289/2694/2449
f 2387/2177/2654 2386/2176/2653 2244/2108/2298 2243/2107/2297
f 2386/2176/2653 2385/2175/2652 2239/2105/2293 2244/2108/2298
f 2385/2175/2652 2384/2174/2651 2240/2106/2294 2239/2105/2293
f 2384/2174/2651 2383/2173/2650 2235/2103/2289 2240/2106/2294
f 2383/2173/2650 2382/2172/2649 2236/2104/2290 2235/2103/2289
f 2382/2172/2649 2381/2171/2648 2231/2101/2285 2236/2104/2290
f 2381/2171/2648 2380/2170/2647 2232/2102/2286 2231/2101/2285
f 2380/2170/2647 2379/2169/2646 2227/2099/2281 2232/2102/2286
f 2379/2169/2646 2378/2168/2645 2228/2100/2282 2227/2099/2281
f 2378/2168/2645 2377/2167/2644 2223/2097/2277 2228/2100/2282
f 2377/2167/2644 2376/2166/2643 2224/2098/2278 2223/2097/2277
f 2376/2166/2643 2375/2165/2642 2219/2095/2273 2224/2098/2278
f 2375/2165/2642 2374/2164/2641 2220/2096/2274 2219/2095/2273
f 2374/2164/2641 2373/2163/2640 2215/2093/2269 2220/2096/2274
f 2373/2163/2640 2372/2162/2639 2216/2094/2270 2215/2093/2269
f 2372/2162/2639 2371/2161/2638 2211/2091/2265 2216/2094/2270
f 2371/2161/2638 2370/2160/2637 2212/2092/2266 2211/2091/2265
f 2370/2160/2637 2369/2159/2636 2207/2089/2261 2212/2092/2266
f 2369/2159/2636 2368/2158/2635 2208/2090/2262 2207/2089/2261
f 2368/2158/2635 2367/2157/2634 2203/2087/2257 2208/2090/2262
f 2367/2157/2634 2366/2156/2633 2204/2088/2258 2203/2087/2257
f 2366/2156/2633 2365/2155/2632 2199/2085/2253 2204/2088/2258
f 2365/2155/2632 2364/2154/2631 2200/2086/2254 2199/2085/2253
f 2364/2154/2631 2363/2153/2630 2195/2083/2249 2200/2086/2254
f 2363/2153/2630 2362/2152/2629 2196/2084/2250 2195/2083/2249
f 2362/2152/2629 2361/2151/2628 2191/2081/2245 2196/2084/2250
f 2361/2151/2628 2360/2150/2627 2192/2082/2246 2191/2081/2245
f 2360/2150/2627 2359/2149/2626 2187/2079/2241 2192/2082/2246
f 2359/2149/2626 2358/2148/2625 2188/2080/2242 2187/2079/2241
f 2357/2147/2624 2185/2078/2239 2188/2080/2242 2358/2148/2625
f 2186/2593/2240 2185/2078/2239 2357/2147/2624 2356/2775/2623
s 43
f 1418/2181/2235 1417/2077/2234 414/2146/2621 413/2145/2622
s 2
f 413/2184/2620 428/2144/2619 1419/2076/2230 1418/2075/2229
f 1420/2073/2226 1419/2076/2230 428/2144/2619 412/2143/2618
f 1421/2074/2227 1420/2073/2226 412/2143/2618 447/2142/2617
f 1422/2071/2221 1421/2074/2227 447/2142/2617 411/2141/2616
f 411/2141/2616 472/2140/2615 1423/2072/2222 1422/2071/2221
f 1424/2069/2218 1423/2072/2222 472/2140/2615 410/2139/2614
f 1425/2070/2219 1424/2069/2218 410/2139/2614 498/2138/2613
f 1426/2067/2213 1425/2070/2219 498/2138/2613 409/2137/2612
f 409/2137/2612 524/2136/2611 1427/2068/2214 1426/2067/2213
f 1428/2065/2210 1427/2068/2214 524/2136/2611 408/2135/2610
f 1429/2066/2211 1428/2065/2210 408/2135/2610 550/2134/2609
f 1430/2063/2205 1429/2066/2211 550/2134/2609 407/2133/2608
f 407/2133/2608 571/2132/2607 1431/2064/2206 1430/2063/2205
f 1432/2061/2202 1431/2064/2206 571/2132/2607 406/2131/2606
f 1433/2062/2203 1432/2061/2202 406/2131/2606 588/2130/2604
f 1434/2059/2197 1433/2062/2203 588/2130/2604 405/2129/2603
f 405/2129/2603 606/2128/2600 1435/2060/2198 1434/2059/2197
f 1436/2057/2194 1435/2060/2198 606/2128/2600 404/2127/2599
f 1437/2058/2195 1436/2057/2194 404/2127/2599 623/2126/2598
f 1438/2055/2189 1437/2058/2195 623/2126/2598 403/2125/2597
f 403/2125/2597 642/2124/2596 1439/2056/2190 1438/2055/2189
f 1440/2053/2186 1439/2056/2190 642/2124/2596 402/2123/2595
f 1441/2054/2187 1440/2053/2186 402/2123/2595 666/2122/2594
f 1442/2051/2181 1441/2054/2187 666/2122/2594 401/2121/2593
f 401/2121/2593 695/2120/2592 1443/2052/2182 1442/2051/2181
f 1444/2049/2178 1443/2052/2182 695/2120/2592 400/2119/2591
f 1445/2050/2179 1444/2049/2178 400/2119/2591 724/2118/2590
f 1446/2047/2173 1445/2050/2179 724/2118/2590 399/2117/2589
f 399/2117/2589 751/2116/2588 1447/2048/2174 1446/2047/2173
f 1448/2045/2170 1447/2048/2174 751/2116/2588 398/2115/2587
f 1449/2046/2171 1448/2045/2170 398/2115/2587 773/2113/2585
f 1450/2179/2445 1449/2046/2171 773/2113/2585 397/2114/2586
s 5
f 397/2186/2657 415/2310/2656 1416/2110/2302 1450/2109/2301
s off
f 434/2/2658 1/2370/2659 1454/2440/2660 1453/2439/2661
f 1/2370/2662 810/11/2663 1451/2441/2664 1454/2440/2665
f 609/28/2666 12/25/2667 1456/2443/2668 1458/2442/2669
f 536/40/2670 16/37/2671 1460/2445/2672 1462/2444/2673
f 578/52/2674 20/49/2675 1464/2447/2676 1466/2446/2677
f 482/64/2678 24/61/2679 1468/2449/2680 1470/2448/2681
f 708/76/2682 28/73/2683 1472/2451/2684 1474/2450/2685
f 627/88/2686 32/85/2687 1476/2453/2688 1478/2452/2689
f 757/100/2690 36/97/2691 1480/2455/2692 1482/2454/2693
f 46/117/2694 1152/118/2695 1483/2457/2696 1486/2456/2697
f 48/2338/2698 1160/133/2699 1489/2459/2700 1487/2458/2701
f 1160/142/2702 1161/143/2703 1490/2461/2704 1489/2460/2705
f 703/143/2706 49/144/2707 1503/2462/2708 1504/2461/2709
f 61/157/2710 972/158/2711 1525/2464/2712 1523/2463/2713
f 980/218/2714 981/219/2715 1534/2466/2716 1533/2465/2717
f 73/231/2718 885/232/2719 1535/2468/2720 1538/2467/2721
f 886/2362/2722 887/269/2723 1546/2470/2724 1545/2469/2725
f 887/279/2726 535/280/2727 1544/2472/2728 1546/2471/2729
f 85/280/2730 1066/277/2731 1563/2473/2732 1566/2472/2733
f 98/2346/2734 1317/337/2735 1583/2475/2736 1586/2474/2737
f 103/2322/2738 1335/405/2739 1597/2477/2740 1595/2476/2741
f 1224/434/2742 432/435/2743 1601/2479/2744 1600/2478/2745
f 111/475/2746 1223/476/2747 1599/2481/2748 1602/2480/2749
f 124/2330/2750 1414/473/2751 1619/2483/2752 1622/2482/2753
f 475/523/2754 125/524/2755 1623/2485/2756 1624/2484/2757
f 698/2314/2758 127/541/2759 1643/2487/2760 1644/2486/2761
f 456/545/2762 141/546/2763 1672/2489/2764 1674/2488/2765
f 501/565/2766 152/566/2767 1675/2491/2768 1676/2490/2769
f 508/644/2770 156/641/2771 1692/2493/2772 1694/2492/2773
f 167/681/2774 1326/682/2775 1701/2495/2776 1699/2494/2777
f 557/712/2778 170/709/2779 1716/2497/2780 1718/2496/2781
f 595/733/2782 182/734/2783 1740/2499/2784 1742/2498/2785
f 626/736/2786 191/733/2787 1772/2498/2788 1774/2500/2789
f 669/754/2790 202/755/2791 1775/2502/2792 1776/2501/2793
f 1233/780/2794 1234/777/2795 1782/2504/2796 1781/2503/2797
f 1234/798/2798 673/799/2799 1780/2506/2800 1782/2505/2801
f 674/799/2802 204/800/2803 1783/2507/2804 1784/2506/2805
f 679/809/2806 207/810/2807 1792/2509/2808 1794/2508/2809
f 220/812/2810 1237/809/2811 1801/2508/2812 1799/2510/2813
f 1237/848/2814 1238/845/2815 1802/2512/2816 1801/2511/2817
f 730/875/2818 221/876/2819 1803/2514/2820 1804/2513/2821
f 735/916/2822 224/913/2823 1812/2516/2824 1814/2515/2825
f 776/953/2826 235/954/2827 1844/2518/2828 1846/2517/2829
f 253/963/2830 845/964/2831 1847/2520/2832 1850/2519/2833
f 846/964/2834 847/961/2835 1870/2521/2836 1869/2520/2837
f 848/965/2838 849/966/2839 1874/2523/2840 1873/2522/2841
f 274/984/2842 933/981/2843 1937/2525/2844 1935/2524/2845
f 1012/1030/2846 1013/1031/2847 1968/2527/2848 1970/2526/2849
f 1014/1031/2850 1015/1032/2851 1974/2528/2852 1973/2527/2853
f 1015/1033/2854 1016/1034/2855 1975/2530/2856 1974/2529/2857
f 591/1052/2858 293/1049/2859 1995/2532/2860 1996/2531/2861
f 293/1120/2862 1021/1117/2863 1997/2534/2864 1995/2533/2865
f 317/2366/2866 1111/1185/2867 2011/2536/2868 2014/2535/2869
f 648/1207/2870 318/1208/2871 2051/2538/2872 2052/2537/2873
f 1112/1211/2874 648/1212/2875 2052/2540/2876 2054/2539/2877
f 1189/1350/2878 433/1351/2879 2061/2542/2880 2060/2541/2881
f 339/1444/2882 1188/1441/2883 2059/2544/2884 2062/2543/2885
f 1269/1447/2886 431/2219/2887 2109/2546/2888 2108/2545/2889
f 360/1448/2890 1268/2349/2891 2107/2548/2892 2110/2547/2893
f 365/1477/2894 1278/1478/2895 2113/2550/2896 2111/2549/2897
f 1279/1478/2898 1280/1479/2899 2134/2551/2900 2133/2550/2901
f 1280/2342/2902 647/1581/2903 2132/2553/2904 2134/2552/2905
f 369/1621/2906 1287/1622/2907 2137/2555/2908 2135/2554/2909
f 385/1624/2910 1365/1621/2911 2143/2554/2912 2146/2556/2913
f 450/1669/2914 386/1670/2915 2147/2558/2916 2148/2557/2917
f 1366/1673/2918 450/1674/2919 2148/2560/2920 2150/2559/2921
f 645/1674/2922 391/1675/2923 2171/2561/2924 2172/2560/2925
f 1373/1689/2926 645/1690/2927 2172/2563/2928 2174/2562/2929
f 7/1715/2930 430/1716/2931 2184/2565/2932 2183/2564/2933
f 1417/2334/2934 7/1713/2935 2183/2567/2936 2186/2566/2937
f 137/1813/2938 449/1814/2939 2190/2569/2940 2189/2568/2941
f 23/1847/2942 474/1848/2943 2194/2571/2944 2193/2570/2945
f 151/2326/2946 500/1845/2947 2198/2573/2948 2197/2572/2949
f 15/1866/2950 526/1867/2951 2202/2575/2952 2201/2574/2953
f 166/1887/2954 552/1888/2955 2206/2577/2956 2205/2576/2957
f 19/1888/2958 573/1885/2959 2210/2578/2960 2209/2577/2961
f 179/1902/2962 590/1903/2963 2214/2580/2964 2213/2579/2965
f 11/1939/2966 608/1940/2967 2218/2582/2968 2217/2581/2969
f 190/2318/2970 625/1977/2971 2222/2584/2972 2221/2583/2973
f 31/1981/2974 644/1982/2975 2226/2586/2976 2225/2585/2977
f 201/1984/2978 668/1981/2979 2230/2585/2980 2229/2587/2981
f 27/2017/2982 697/2018/2983 2234/2589/2984 2233/2588/2985
f 217/2020/2986 726/2017/2987 2238/2588/2988 2237/2590/2989
f 35/10/2990 753/9/2991 2242/2592/2992 2241/2591/2993
f 234/2307/2994 775/10/2995 2246/2591/2996 2245/2593/2997
f 1013/609/2998 1014/612/2999 1973/2595/3000 1968/2594/3001
f 430/57/3002 137/60/3003 2189/2597/3004 2184/2596/3005
f 1318/677/3006 138/680/3007 2248/2599/3008 2247/2598/3009
f 1153/33/3010 1154/36/3011 2249/2601/3012 1484/2600/3013
f 1154/745/3014 140/748/3015 2250/2603/3016 2249/2602/3017
f 141/45/3018 434/48/3019 1453/2605/3020 1672/2604/3021
f 269/813/3022 924/816/3023 2252/2607/3024 2251/2606/3025
f 58/21/3026 963/24/3027 2254/2609/3028 2253/2608/3029
f 290/881/3030 1011/884/3031 2256/2611/3032 2255/2610/3033
f 1011/81/3034 1012/84/3035 1970/2613/3036 2256/2612/3037
f 449/949/3038 23/952/3039 2193/2615/3040 2190/2614/3041
f 24/69/3042 456/72/3043 1674/2617/3044 1468/2616/3045
f 474/1017/3046 151/1020/3047 2197/2619/3048 2194/2618/3049
f 152/93/3050 475/96/3051 1624/2621/3052 1675/2620/3053
f 156/1085/3054 482/1088/3055 1470/2623/3056 1692/2622/3057
f 500/1441/3058 15/1447/3059 2201/2545/3060 2198/2544/3061
f 126/9/3062 501/609/3063 1676/2594/3064 1627/2592/3065
f 964/618/3066 59/617/3067 2257/2625/3068 2258/2624/3069
f 925/135/3070 270/626/3071 2259/2627/3072 2260/2626/3073
f 16/626/3074 508/625/3075 1694/2628/3076 1460/2627/3077
f 526/641/3078 166/2/3079 2205/2439/3080 2202/2493/3081
f 390/1305/3082 527/1308/3083 2261/2630/3084 2151/2629/3085
f 527/193/3086 1372/196/3087 2262/2632/3088 2261/2631/3089
f 530/1437/3090 1232/1440/3091 2264/2634/3092 2263/2633/3093
f 531/1440/3094 1197/1444/3095 2266/2543/3096 2265/2634/3097
f 291/612/3098 532/57/3099 1992/2596/3100 2267/2595/3101
f 1017/61/3102 291/644/3103 2267/2492/3104 2268/2449/3105
f 170/60/3106 536/677/3107 1462/2598/3108 1716/2597/3109
f 552/682/3110 19/545/3111 2209/2488/3112 2206/2495/3113
f 847/709/3114 848/64/3115 1873/2448/3116 1870/2497/3117
f 20/680/3118 557/33/3119 1718/2600/3120 1464/2599/3121
f 573/550/3122 179/681/3123 2213/2494/3124 2210/2635/3125
f 849/211/3126 850/210/3127 1877/2637/3128 1874/2636/3129
f 182/1335/3130 578/1334/3131 1466/2639/3132 1740/2638/3133
f 590/37/3134 11/712/3135 2217/2496/3136 2214/2445/3137
f 594/36/3138 893/745/3139 2270/2602/3140 2269/2601/3141
f 893/1998/3142 894/1993/3143 1549/2641/3144 2270/2640/3145
f 12/1993/3146 595/1996/3147 1742/2642/3148 1456/2641/3149
f 608/481/3150 190/484/3151 2221/2644/3152 2218/2643/3153
f 191/1729/3154 609/1732/3155 1458/2646/3156 1772/2645/3157
f 625/1470/3158 31/1465/3159 2225/2648/3160 2222/2647/3161
f 1327/1471/3162 101/1470/3163 2271/2647/3164 2272/2649/3165
f 1067/777/3166 86/40/3167 2273/2444/3168 2274/2504/3169
f 1022/732/3170 294/731/3171 2275/2651/3172 2276/2650/3173
f 32/731/3174 626/117/3175 1774/2456/3176 1476/2651/3177
f 644/748/3178 201/45/3179 2229/2604/3180 2226/2603/3181
f 973/1208/3182 974/1211/3183 2278/2539/3184 1530/2538/3185
f 974/49/3186 206/780/3187 2277/2503/3188 2278/2447/3189
f 207/118/3190 627/798/3191 1478/2505/3192 1792/2457/3193
f 668/391/3194 27/390/3195 2233/2653/3196 2230/2652/3197
f 127/390/3198 669/806/3199 1776/2654/3200 1643/2653/3201
f 49/1951/3202 674/1950/3203 1784/2656/3204 1503/2655/3205
f 28/48/3206 679/813/3207 1794/2606/3208 1472/2605/3209
f 697/1212/3210 217/1215/3211 2237/2657/3212 2234/2540/3213
f 218/845/3214 698/52/3215 1644/2446/3216 1795/2512/3217
f 221/1677/3218 703/1680/3219 1504/2659/3220 1803/2658/3221
f 224/524/3222 708/812/3223 1474/2510/3224 1812/2485/3225
f 726/816/3226 35/21/3227 2241/2608/3228 2238/2607/3229
f 395/841/3230 727/844/3231 2279/2661/3232 2175/2660/3233
f 727/844/3234 1379/287/3235 2280/2662/3236 2279/2661/3237
f 734/25/3238 979/848/3239 2282/2511/3240 2281/2443/3241
f 979/878/3242 980/877/3243 1533/2664/3244 2282/2663/3245
f 36/877/3246 735/523/3247 1814/2484/3248 1480/2664/3249
f 753/24/3250 234/881/3251 2245/2610/3252 2242/2609/3253
f 754/913/3254 1120/28/3255 2284/2442/3256 2283/2516/3257
f 755/1675/3258 1076/1669/3259 2286/2557/3260 2285/2561/3261
f 756/1801/3262 1031/1804/3263 2288/2666/3264 2287/2665/3265
f 235/884/3266 757/81/3267 1482/2612/3268 1844/2611/3269
f 775/427/3270 8/426/3271 2290/2668/3272 2246/2667/3273
f 8/359/3274 1416/358/3275 2289/2670/3276 2290/2669/3277
f 1415/1491/3278 128/1490/3279 2291/2672/3280 2292/2671/3281
f 1380/85/3282 396/916/3283 2293/2515/3284 2294/2453/3285
f 1336/1670/3286 104/1666/3287 2295/2673/3288 2296/2558/3289
f 1288/1666/3290 370/1665/3291 2297/2674/3292 2298/2673/3293
f 1239/938/3294 115/937/3295 2299/2676/3296 2300/2675/3297
f 1198/937/3298 344/451/3299 2301/2677/3300 2302/2676/3301
f 1162/84/3302 50/949/3303 2303/2614/3304 2304/2613/3305
f 1121/224/3306 323/975/3307 2305/2679/3308 2306/2678/3309
f 1077/975/3310 89/974/3311 2307/2680/3312 2308/2679/3313
f 1032/981/3314 299/88/3315 2309/2452/3316 2310/2525/3317
f 982/952/3318 63/69/3319 2311/2616/3320 2312/2615/3321
f 934/566/3322 275/953/3323 2313/2517/3324 2314/2491/3325
f 895/158/3326 75/965/3327 2315/2522/3328 2316/2464/3329
f 851/73/3330 254/984/3331 2317/2524/3332 2318/2451/3333
f 811/72/3334 2/1017/3335 2320/2618/3336 2319/2617/3337
f 2/1022/3338 776/565/3339 1846/2490/3340 2320/2681/3341
f 810/1034/3342 253/157/3343 1850/2463/3344 1451/2530/3345
f 254/1049/3346 811/76/3347 2319/2450/3348 2317/2532/3349
f 845/1020/3350 73/93/3351 1538/2620/3352 1847/2619/3353
f 535/2034/3354 169/2029/3355 2321/2683/3356 1544/2682/3357
f 169/2029/3358 846/2032/3359 1869/2684/3360 2321/2683/3361
f 850/1041/3362 181/1044/3363 2322/2686/3364 1877/2685/3365
f 181/1044/3366 594/231/3367 2269/2467/3368 2322/2686/3369
f 75/97/3370 851/1052/3371 2318/2531/3372 2315/2455/3373
f 881/96/3374 880/1085/3375 2324/2622/3376 2323/2621/3377
f 880/1637/3378 269/1640/3379 2251/2688/3380 2324/2687/3381
f 882/365/3382 881/368/3383 2323/2690/3384 2325/2689/3385
f 883/1505/3386 882/1508/3387 2325/2692/3388 2326/2691/3389
f 884/1117/3390 883/100/3391 2326/2454/3392 2327/2534/3393
f 885/1088/3394 884/2111/3395 2327/2693/3396 1535/2623/3397
f 270/2111/3398 886/2309/3399 1545/2694/3400 2259/2693/3401
f 894/2311/3402 274/574/3403 1935/2696/3404 1549/2695/3405
f 275/2315/3406 895/2042/3407 2316/2698/3408 2313/2697/3409
f 924/2319/3410 58/438/3411 2253/2700/3412 2252/2699/3413
f 59/2323/3414 925/1910/3415 2260/2702/3416 2257/2701/3417
f 933/2327/3418 61/506/3419 1523/2704/3420 1937/2703/3421
f 206/2331/3422 678/1778/3423 2328/2706/3424 2277/2705/3425
f 678/2335/3426 62/166/3427 2329/2708/3428 2328/2707/3429
f 62/2339/3430 707/1646/3431 2330/2710/3432 2329/2709/3433
f 707/2343/3434 223/370/3435 2331/2712/3436 2330/2711/3437
f 223/2347/3438 734/1514/3439 2281/2714/3440 2331/2713/3441
f 63/2351/3442 934/234/3443 2314/2716/3444 2311/2715/3445
f 963/2355/3446 290/1382/3447 2255/2718/3448 2254/2717/3449
f 965/2359/3450 964/302/3451 2258/2720/3452 2332/2719/3453
f 532/2363/3454 965/1250/3455 2332/2722/3456 1992/2721/3457
f 972/2367/3458 971/13/3459 2333/2724/3460 1525/2723/3461
f 971/13/3462 591/1120/3463 1996/2533/3464 2333/2724/3465
f 294/11/3466 650/2366/3467 2334/2535/3468 2275/2441/3469
f 650/1250/3470 973/2367/3471 1530/2723/3472 2334/2722/3473
f 981/1185/3474 756/2362/3475 2287/2469/3476 1534/2536/3477
f 299/277/3478 982/774/3479 2312/2725/3480 2309/2473/3481
f 1016/774/3482 85/1207/3483 1566/2537/3484 1975/2725/3485
f 1018/1215/3486 1017/842/3487 2268/2726/3488 2335/2657/3489
f 1019/842/3490 1018/841/3491 2335/2660/3492 2336/2726/3493
f 1020/302/3494 1019/2363/3495 2336/2721/3496 2337/2720/3497
f 1021/584/3498 1020/264/3499 2337/2728/3500 1997/2727/3501
f 86/264/3502 1022/1305/3503 2276/2629/3504 2273/2728/3505
f 1031/581/3506 755/584/3507 2285/2727/3508 2288/2729/3509
f 89/267/3510 1032/581/3511 2310/2729/3512 2307/2730/3513
f 1066/2231/3514 317/267/3515 2014/2730/3516 1563/2731/3517
f 318/2361/3518 1067/268/3519 2274/2733/3520 2051/2732/3521
f 1076/1334/3522 754/279/3523 2283/2471/3524 2286/2639/3525
f 323/287/3526 1077/1350/3527 2308/2541/3528 2305/2662/3529
f 1111/1382/3530 46/2359/3531 1486/2719/3532 2011/2718/3533
f 140/1308/3534 455/193/3535 2338/2631/3536 2250/2630/3537
f 455/210/3538 47/1335/3539 2339/2638/3540 2338/2637/3541
f 47/1351/3542 481/218/3543 2340/2465/3544 2339/2542/3545
f 481/974/3546 155/973/3547 2341/2734/3548 2340/2680/3549
f 155/973/3550 507/226/3551 2342/2735/3552 2341/2734/3553
f 507/226/3554 48/225/3555 1487/2736/3556 2342/2735/3557
f 1113/225/3558 1112/1042/3559 2054/2737/3560 2343/2736/3561
f 204/1042/3562 1113/1041/3563 2343/2685/3564 1783/2737/3565
f 1119/234/3566 1118/2355/3567 2344/2717/3568 2345/2716/3569
f 1118/196/3570 730/1437/3571 1804/2633/3572 2344/2632/3573
f 1120/212/3574 1119/211/3575 2345/2636/3576 2284/2738/3577
f 50/1465/3578 1121/212/3579 2306/2738/3580 2303/2648/3581
f 433/219/3582 1153/840/3583 1484/2739/3584 2061/2466/3585
f 1152/840/3586 339/1477/3587 2062/2549/3588 1483/2739/3589
f 1161/1490/3590 531/1489/3591 2265/2740/3592 1490/2672/3593
f 344/1489/3594 1162/224/3595 2304/2678/3596 2301/2740/3597
f 432/232/3598 1189/1505/3599 2060/2691/3600 1601/2468/3601
f 1188/1514/3602 111/2351/3603 1602/2715/3604 2059/2714/3605
f 1197/1449/3606 530/2346/3607 2263/2474/3608 2266/2741/3609
f 673/1472/3610 114/1471/3611 2346/2649/3612 1780/2742/3613
f 114/1475/3614 702/1472/3615 2347/2742/3616 2346/2743/3617
f 702/1476/3618 220/1475/3619 1799/2743/3620 2347/2744/3621
f 115/1479/3622 1198/1476/3623 2302/2744/3624 2299/2551/3625
f 431/358/3626 1224/1491/3627 1600/2671/3628 2109/2670/3629
f 1223/1508/3630 360/365/3631 2110/2689/3632 1599/2692/3633
f 1232/370/3634 529/2347/3635 2348/2713/3636 2264/2712/3637
f 529/337/3638 365/2342/3639 2111/2552/3640 2348/2475/3641
f 647/1622/3642 366/359/3643 2349/2669/3644 2132/2555/3645
f 366/368/3646 1233/1637/3647 1781/2687/3648 2349/2690/3649
f 1238/1646/3650 729/2343/3651 2350/2711/3652 1802/2710/3653
f 729/1581/3654 369/2338/3655 2135/2458/3656 2350/2553/3657
f 370/625/3658 1239/628/3659 2300/2745/3660 2297/2628/3661
f 1268/628/3662 98/138/3663 1586/2746/3664 2107/2745/3665
f 1270/138/3666 1269/137/3667 2108/2747/3668 2351/2746/3669
f 138/137/3670 1270/694/3671 2351/2748/3672 2248/2747/3673
f 1278/694/3674 167/693/3675 1699/2749/3676 2113/2748/3677
f 101/693/3678 1279/142/3679 2133/2460/3680 2271/2749/3681
f 1287/1627/3682 103/1624/3683 1595/2556/3684 2137/2750/3685
f 104/966/3686 1288/1627/3687 2298/2750/3688 2295/2523/3689
f 1317/1639/3690 385/1636/3691 2146/2752/3692 1583/2751/3693
f 386/1636/3694 1318/1033/3695 2247/2529/3696 2147/2752/3697
f 1326/1640/3698 390/1639/3699 2151/2751/3700 1701/2688/3701
f 391/166/3702 1327/2339/3703 2272/2709/3704 2171/2708/3705
f 1335/800/3706 395/116/3707 2175/2753/3708 1597/2507/3709
f 396/116/3710 1336/1677/3711 2296/2658/3712 2293/2753/3713
f 1365/1690/3714 124/729/3715 1622/2754/3716 2143/2563/3717
f 1367/729/3718 1366/732/3719 2150/2650/3720 2352/2754/3721
f 125/1716/3722 1367/135/3723 2352/2626/3724 1623/2565/3725
f 1372/133/3726 1371/2334/3727 2353/2566/3728 2262/2459/3729
f 1371/144/3730 126/1729/3731 1627/2645/3732 2353/2462/3733
f 1374/1778/3734 1373/2335/3735 2174/2707/3736 2354/2706/3737
f 202/1665/3738 1374/1668/3739 2354/2755/3740 1775/2674/3741
f 1379/1668/3742 1378/939/3743 2355/2756/3744 2280/2755/3745
f 1378/939/3746 218/938/3747 1795/2675/3748 2355/2756/3749
f 128/1679/3750 1380/1673/3751 2294/2559/3752 2291/2757/3753
f 1414/1680/3754 414/1679/3755 2356/2757/3756 1619/2659/3757
f 415/734/3758 1415/1689/3759 2292/2562/3760 2388/2499/3761
f 1416/476/3762 415/1715/3763 2388/2564/3764 2289/2481/3765
f 414/1713/3766 1417/2330/3767 2186/2482/3768 2356/2567/3769
f 42/1732/3770 566/481/3771 2389/2643/3772 2390/2646/3773
f 1396/961/3774 1397/498/3775 2412/2758/3776 2411/2521/3777
f 1212/498/3778 162/497/3779 2413/2759/3780 2414/2758/3781
f 1211/497/3782 1212/1030/3783 2414/2526/3784 2416/2759/3785
f 175/506/3786 587/2331/3787 2419/2705/3788 2417/2704/3789
f 587/451/3790 1139/1802/3791 2420/2760/3792 2419/2677/3793
f 1399/1802/3794 177/1801/3795 2429/2665/3796 2430/2760/3797
f 1398/1814/3798 1399/1818/3799 2430/2761/3800 2432/2569/3801
f 620/1818/3802 1302/1817/3803 2440/2762/3804 2439/2761/3805
f 330/1823/3806 637/736/3807 2441/2500/3808 2442/2763/3809
f 1174/1817/3810 331/1823/3811 2445/2763/3812 2446/2762/3813
f 331/1848/3814 619/475/3815 2447/2480/3816 2445/2571/3817
f 1177/473/3818 333/2326/3819 2457/2572/3820 2458/2483/3821
f 1253/484/3822 352/1861/3823 2469/2764/3824 2470/2644/3825
f 621/1861/3826 1350/1866/3827 2476/2574/3828 2475/2764/3829
f 1140/1885/3830 545/1890/3831 2485/2765/3832 2486/2578/3833
f 545/1890/3834 42/963/3835 2390/2519/3836 2485/2765/3837
f 566/1032/3838 175/1897/3839 2417/2766/3840 2389/2528/3841
f 1303/1897/3842 568/1902/3843 2487/2579/3844 2488/2766/3845
f 568/1910/3846 176/2327/3847 2425/2703/3848 2487/2702/3849
f 1351/1804/3850 569/381/3851 2489/2767/3852 2490/2666/3853
f 332/381/3854 1176/875/3855 2492/2513/3856 2491/2767/3857
f 1397/806/3858 1398/1813/3859 2432/2568/3860 2412/2654/3861
f 188/1845/3862 1395/2322/3863 2494/2476/3864 2493/2573/3865
f 1395/1851/3866 1396/1847/3867 2411/2570/3868 2494/2768/3869
f 619/617/3870 330/1851/3871 2442/2768/3872 2447/2625/3873
f 351/1867/3874 1252/754/3875 2496/2501/3876 2495/2575/3877
f 637/426/3878 329/1887/3879 2497/2576/3880 2441/2668/3881
f 329/1903/3882 1173/434/3883 2498/2478/3884 2497/2580/3885
f 197/438/3886 1209/2323/3887 2500/2701/3888 2499/2700/3889
f 1209/876/3890 1210/1939/3891 2399/2581/3892 2500/2514/3893
f 1139/1950/3894 1138/391/3895 2501/2652/3896 2420/2656/3897
f 1138/405/3898 332/2318/3899 2491/2583/3900 2501/2477/3901
f 333/1982/3902 1141/618/3903 2502/2624/3904 2457/2586/3905
f 1141/755/3906 1140/1998/3907 2486/2640/3908 2502/2502/3909
f 1173/2018/3910 1172/427/3911 2503/2667/3912 2498/2589/3913
f 1172/435/3914 661/2034/3915 2504/2682/3916 2503/2479/3917
f 661/2042/3918 197/2319/3919 2499/2699/3920 2504/2698/3921
f 1175/1940/3922 1174/879/3923 2446/2769/3924 2505/2582/3925
f 1176/879/3926 1175/878/3927 2505/2663/3928 2492/2769/3929
f 162/526/3930 1177/1951/3931 2458/2655/3932 2413/2770/3933
f 1210/810/3934 638/526/3935 2506/2770/3936 2399/2509/3937
f 638/1977/3938 351/2314/3939 2495/2486/3940 2506/2584/3941
f 352/1987/3942 567/1984/3943 2507/2587/3944 2469/2771/3945
f 567/546/3946 353/1987/3947 2508/2771/3948 2507/2489/3949
f 546/1996/3950 1211/1995/3951 2416/2772/3952 2509/2642/3953
f 353/1995/3954 546/550/3955 2509/2635/3956 2508/2772/3957
f 1252/2023/3958 93/2020/3959 2510/2590/3960 2496/2773/3961
f 93/954/3962 620/2023/3963 2439/2773/3964 2510/2518/3965
f 176/2032/3966 1253/2031/3967 2470/2774/3968 2425/2684/3969
f 1302/2031/3970 621/1022/3971 2475/2681/3972 2440/2774/3973
f 569/574/3974 1303/2315/3975 2488/2697/3976 2489/2696/3977
f 1350/541/3978 622/2308/3979 2511/2775/3980 2476/2487/3981
f 622/2178/3982 188/2311/3983 2493/2695/3984 2511/2776/3985
f 570/2309/3986 1351/2178/3987 2490/2776/3988 2512/2694/3989
f 177/2308/3990 570/2307/3991 2512/2593/3992 2429/2775/3993
