# This file uses centimeters as units for non-parametric coordinates.

mtllib background_floor.mtl
g default
v -657.438482 -6.538055 657.438482
v 657.438482 -6.538055 657.438482
v -657.438482 6.538055 657.438482
v 657.438482 6.538055 657.438482
v -657.438482 6.538055 -657.438482
v 657.438482 6.538055 -657.438482
v -657.438482 -6.538055 -657.438482
v 657.438482 -6.538055 -657.438482
v 0.000000 6.538055 657.438482
v 0.000000 6.538055 -657.438482
v 0.000000 -6.538055 -657.438482
v 0.000000 -6.538055 657.438482
v -328.719241 6.538055 657.438482
v -328.719241 6.538055 -657.438482
v -328.719241 -6.538055 -657.438482
v -328.719241 -6.538055 657.438482
v -164.359620 6.538055 657.438482
v -164.359620 6.538055 -657.438482
v -164.359620 -6.538055 -657.438482
v -164.359620 -6.538055 657.438482
v -493.078861 6.538055 657.438482
v -493.078861 6.538055 -657.438482
v -493.078861 -6.538055 -657.438482
v -493.078861 -6.538055 657.438482
v 328.719241 6.538055 657.438482
v 328.719241 6.538055 -657.438482
v 328.719241 -6.538055 -657.438482
v 328.719241 -6.538055 657.438482
v 164.359620 6.538055 657.438482
v 164.359620 6.538055 -657.438482
v 164.359620 -6.538055 -657.438482
v 164.359620 -6.538055 657.438482
v 493.078861 6.538055 657.438482
v 493.078861 6.538055 -657.438482
v 493.078861 -6.538055 -657.438482
v 493.078861 -6.538055 657.438482
v 657.438482 6.538055 0.000000
v 493.078861 6.683359 0.000000
v 328.719241 10.565824 0.000000
v 164.359620 6.538055 0.000000
v 0.000000 6.025813 0.000000
v -164.359620 1.893756 0.000000
v -328.719241 6.538055 0.000000
v -493.078861 10.383273 0.000000
v -657.438482 6.538055 0.000000
v -657.438482 -6.538055 0.000000
v -493.078861 -2.889278 0.000000
v -328.719241 -6.538055 0.000000
v -164.359620 -11.097782 0.000000
v 0.000000 -7.026619 0.000000
v 164.359620 -6.538055 0.000000
v 328.719241 -2.747589 0.000000
v 493.078861 -6.538055 0.000000
v 657.438482 -6.538055 0.000000
v 657.438482 6.538055 328.719241
v 493.078861 6.683359 328.719241
v 328.719241 10.565824 328.719241
v 164.359620 6.538055 328.719241
v 0.000000 8.616086 328.719241
v -164.359620 50.688703 328.719241
v -328.719241 8.616086 328.719241
v -493.078861 6.538055 328.719241
v -657.438482 6.538055 328.719241
v -657.438482 -6.538055 328.719241
v -493.078861 -6.538055 328.719241
v -328.719241 -4.539710 328.719241
v -164.359620 37.106412 328.719241
v 0.000000 -4.539710 328.719241
v 164.359620 -6.538055 328.719241
v 328.719241 -2.747589 328.719241
v 493.078861 -6.538055 328.719241
v 657.438482 -6.538055 328.719241
v 657.438482 6.538055 493.078861
v 493.078861 6.538055 493.078861
v 328.719241 6.538055 493.078861
v 164.359620 6.538055 493.078861
v 0.000000 6.538055 493.078861
v -164.359620 21.282353 493.078861
v -328.719241 6.538055 493.078861
v -493.078861 6.538055 493.078861
v -657.438482 6.538055 493.078861
v -657.438482 -6.538055 493.078861
v -493.078861 -6.538055 493.078861
v -328.719241 -6.538055 493.078861
v -164.359620 7.955260 493.078861
v 0.000000 -6.538055 493.078861
v 164.359620 -6.538055 493.078861
v 328.719241 -6.538055 493.078861
v 493.078861 -6.538055 493.078861
v 657.438482 -6.538055 493.078861
v 657.438482 6.538055 164.359620
v 493.078861 35.919637 164.359620
v 328.719241 97.729530 164.359620
v 164.359620 10.386544 164.359620
v 0.000000 6.538055 164.359620
v -164.359620 6.538055 164.359620
v -328.719241 6.538055 164.359620
v -493.078861 6.538055 164.359620
v -657.438482 6.538055 164.359620
v -657.438482 -6.538055 164.359620
v -493.078861 -6.538055 164.359620
v -328.719241 -6.538055 164.359620
v -164.359620 -6.538055 164.359620
v 0.000000 -6.538055 164.359620
v 164.359620 -2.816023 164.359620
v 328.719241 84.957802 164.359620
v 493.078861 20.503793 164.359620
v 657.438482 -6.538055 164.359620
v 657.438482 6.538055 -328.719241
v 493.078861 9.902622 -328.719241
v 328.719241 62.652586 -328.719241
v 164.359620 4.264739 -328.719241
v 0.000000 -7.244907 -328.719241
v -164.359620 6.354882 -328.719241
v -328.719241 39.058278 -328.719241
v -493.078861 42.151318 -328.719241
v -657.438482 6.538055 -328.719241
v -657.438482 -6.538055 -328.719241
v -493.078861 29.166503 -328.719241
v -328.719241 25.559626 -328.719241
v -164.359620 -6.721229 -328.719241
v 0.000000 -20.141927 -328.719241
v 164.359620 -8.916712 -328.719241
v 328.719241 48.956690 -328.719241
v 493.078861 -3.284044 -328.719241
v 657.438482 -6.538055 -328.719241
v 657.438482 6.538055 -164.359620
v 493.078861 6.538055 -164.359620
v 328.719241 9.133846 -164.359620
v 164.359620 -9.795646 -164.359620
v 0.000000 1.124982 -164.359620
v -164.359620 -8.211998 -164.359620
v -328.719241 34.275596 -164.359620
v -493.078861 88.740558 -164.359620
v -657.438482 6.538055 -164.359620
v -657.438482 -6.538055 -164.359620
v -493.078861 74.474827 -164.359620
v -328.719241 20.609879 -164.359620
v -164.359620 -21.112209 -164.359620
v 0.000000 -11.837079 -164.359620
v 164.359620 -22.684490 -164.359620
v 328.719241 -4.023339 -164.359620
v 493.078861 -6.538055 -164.359620
v 657.438482 -6.538055 -164.359620
v 657.438482 6.538055 -493.078861
v 493.078861 6.538055 -493.078861
v 328.719241 9.902622 -493.078861
v 164.359620 6.354882 -493.078861
v 0.000000 -7.244907 -493.078861
v -164.359620 6.354882 -493.078861
v -328.719241 6.971154 -493.078861
v -493.078861 6.971154 -493.078861
v -657.438482 6.538055 -493.078861
v -657.438482 -6.538055 -493.078861
v -493.078861 -6.104956 -493.078861
v -328.719241 -6.104956 -493.078861
v -164.359620 -6.721229 -493.078861
v 0.000000 -20.141927 -493.078861
v 164.359620 -6.721229 -493.078861
v 328.719241 -3.284044 -493.078861
v 493.078861 -6.538055 -493.078861
v 657.438482 -6.538055 -493.078861
v -575.258672 6.538055 657.438482
v -575.258672 6.538055 493.078861
v -575.258672 6.538055 328.719241
v -575.258672 6.538055 164.359620
v -575.258672 6.538055 0.000000
v -575.258672 33.842495 -164.359620
v -575.258672 9.670729 -328.719241
v -575.258672 6.538055 -493.078861
v -575.258672 6.538055 -657.438482
v -575.258672 -6.538055 -657.438482
v -575.258672 -6.538055 -493.078861
v -575.258672 -3.508318 -328.719241
v -575.258672 20.176780 -164.359620
v -575.258672 -6.538055 0.000000
v -575.258672 -6.538055 164.359620
v -575.258672 -6.538055 328.719241
v -575.258672 -6.538055 493.078861
v -575.258672 -6.538055 657.438482
v -410.899051 6.538055 657.438482
v -410.899051 6.538055 493.078861
v -410.899051 6.538055 328.719241
v -410.899051 6.538055 164.359620
v -410.899051 10.383273 0.000000
v -410.899051 91.440127 -164.359620
v -410.899051 60.783205 -328.719241
v -410.899051 9.670729 -493.078861
v -410.899051 6.538055 -657.438482
v -410.899051 -6.538055 -657.438482
v -410.899051 -3.508318 -493.078861
v -410.899051 47.920226 -328.719241
v -410.899051 77.455484 -164.359620
v -410.899051 -2.889278 0.000000
v -410.899051 -6.538055 164.359620
v -410.899051 -6.538055 328.719241
v -410.899051 -6.538055 493.078861
v -410.899051 -6.538055 657.438482
v -246.539431 6.538055 657.438482
v -246.539431 13.257285 493.078861
v -246.539431 33.464783 328.719241
v -246.539431 6.538055 164.359620
v -246.539431 6.025813 0.000000
v -246.539431 1.893756 -164.359620
v -246.539431 9.670729 -328.719241
v -246.539431 6.538055 -493.078861
v -246.539431 6.538055 -657.438482
v -246.539431 -6.538055 -657.438482
v -246.539431 -6.538055 -493.078861
v -246.539431 -3.508318 -328.719241
v -246.539431 -11.097782 -164.359620
v -246.539431 -7.026619 0.000000
v -246.539431 -6.538055 164.359620
v -246.539431 20.021998 328.719241
v -246.539431 0.024948 493.078861
v -246.539431 -6.538055 657.438482
v -82.179810 6.538055 657.438482
v -82.179810 13.257285 493.078861
v -82.179810 33.464783 328.719241
v -82.179810 6.538055 164.359620
v -82.179810 1.893756 0.000000
v -82.179810 -8.211998 -164.359620
v -82.179810 -1.253415 -328.719241
v -82.179810 -1.253415 -493.078861
v -82.179810 6.538055 -657.438482
v -82.179810 -6.538055 -657.438482
v -82.179810 -14.204882 -493.078861
v -82.179810 -14.204882 -328.719241
v -82.179810 -21.112209 -164.359620
v -82.179810 -11.097782 0.000000
v -82.179810 -6.538055 164.359620
v -82.179810 20.021998 328.719241
v -82.179810 0.024948 493.078861
v -82.179810 -6.538055 657.438482
v 82.179810 6.538055 657.438482
v 82.179810 6.538055 493.078861
v 82.179810 6.538055 328.719241
v 82.179810 6.538055 164.359620
v 82.179810 6.538055 0.000000
v 82.179810 -3.423590 -164.359620
v 82.179810 -3.739220 -328.719241
v 82.179810 -1.253415 -493.078861
v 82.179810 6.538055 -657.438482
v 82.179810 -6.538055 -657.438482
v 82.179810 -14.204882 -493.078861
v 82.179810 -16.582656 -328.719241
v 82.179810 -16.364049 -164.359620
v 82.179810 -6.538055 0.000000
v 82.179810 -6.538055 164.359620
v 82.179810 -6.538055 328.719241
v 82.179810 -6.538055 493.078861
v 82.179810 -6.538055 657.438482
v 246.539431 6.538055 657.438482
v 246.539431 6.538055 493.078861
v 246.539431 7.070117 328.719241
v 246.539431 49.210867 164.359620
v 246.539431 7.070117 0.000000
v 246.539431 -2.980282 -164.359620
v 246.539431 38.963273 -328.719241
v 246.539431 6.981367 -493.078861
v 246.539431 6.538055 -657.438482
v 246.539431 -6.538055 -657.438482
v 246.539431 -6.094744 -493.078861
v 246.539431 25.324538 -328.719241
v 246.539431 -16.008139 -164.359620
v 246.539431 -6.005993 0.000000
v 246.539431 35.519071 164.359620
v 246.539431 -6.005993 328.719241
v 246.539431 -6.538055 493.078861
v 246.539431 -6.538055 657.438482
v 410.899051 6.538055 657.438482
v 410.899051 6.538055 493.078861
v 410.899051 9.039937 328.719241
v 410.899051 91.882257 164.359620
v 410.899051 9.039937 0.000000
v 410.899051 6.981367 -164.359620
v 410.899051 41.449078 -328.719241
v 410.899051 6.981367 -493.078861
v 410.899051 6.538055 -657.438482
v 410.899051 -6.538055 -657.438482
v 410.899051 -6.094744 -493.078861
v 410.899051 27.935617 -328.719241
v 410.899051 -6.094744 -164.359620
v 410.899051 -4.526703 0.000000
v 410.899051 77.745264 164.359620
v 410.899051 -4.526703 328.719241
v 410.899051 -6.538055 493.078861
v 410.899051 -6.538055 657.438482
v 575.258672 6.538055 657.438482
v 575.258672 6.538055 493.078861
v 575.258672 6.538055 328.719241
v 575.258672 8.507875 164.359620
v 575.258672 6.538055 0.000000
v 575.258672 6.538055 -164.359620
v 575.258672 6.538055 -328.719241
v 575.258672 6.538055 -493.078861
v 575.258672 6.538055 -657.438482
v 575.258672 -6.538055 -657.438482
v 575.258672 -6.538055 -493.078861
v 575.258672 -6.538055 -328.719241
v 575.258672 -6.538055 -164.359620
v 575.258672 -6.538055 0.000000
v 575.258672 -5.079804 164.359620
v 575.258672 -6.538055 328.719241
v 575.258672 -6.538055 493.078861
v 575.258672 -6.538055 657.438482
v 657.438482 6.538055 575.258672
v 575.258672 6.538055 575.258672
v 493.078861 6.538055 575.258672
v 410.899051 6.538055 575.258672
v 328.719241 6.538055 575.258672
v 246.539431 6.538055 575.258672
v 164.359620 6.538055 575.258672
v 82.179810 6.538055 575.258672
v 0.000000 6.538055 575.258672
v -82.179810 6.538055 575.258672
v -164.359620 6.538055 575.258672
v -246.539431 6.538055 575.258672
v -328.719241 6.538055 575.258672
v -410.899051 6.538055 575.258672
v -493.078861 6.538055 575.258672
v -575.258672 6.538055 575.258672
v -657.438482 6.538055 575.258672
v -657.438482 -6.538055 575.258672
v -575.258672 -6.538055 575.258672
v -493.078861 -6.538055 575.258672
v -410.899051 -6.538055 575.258672
v -328.719241 -6.538055 575.258672
v -246.539431 -6.538055 575.258672
v -164.359620 -6.538055 575.258672
v -82.179810 -6.538055 575.258672
v 0.000000 -6.538055 575.258672
v 82.179810 -6.538055 575.258672
v 164.359620 -6.538055 575.258672
v 246.539431 -6.538055 575.258672
v 328.719241 -6.538055 575.258672
v 410.899051 -6.538055 575.258672
v 493.078861 -6.538055 575.258672
v 575.258672 -6.538055 575.258672
v 657.438482 -6.538055 575.258672
v 657.438482 6.538055 410.899051
v 575.258672 6.538055 410.899051
v 493.078861 6.538055 410.899051
v 410.899051 6.538055 410.899051
v 328.719241 6.538055 410.899051
v 246.539431 6.538055 410.899051
v 164.359620 6.538055 410.899051
v 82.179810 6.538055 410.899051
v 0.000000 8.616086 410.899051
v -82.179810 33.464783 410.899051
v -164.359620 50.688703 410.899051
v -246.539431 33.464783 410.899051
v -328.719241 8.616086 410.899051
v -410.899051 6.538055 410.899051
v -493.078861 6.538055 410.899051
v -575.258672 6.538055 410.899051
v -657.438482 6.538055 410.899051
v -657.438482 -6.538055 410.899051
v -575.258672 -6.538055 410.899051
v -493.078861 -6.538055 410.899051
v -410.899051 -6.538055 410.899051
v -328.719241 -4.539710 410.899051
v -246.539431 20.021998 410.899051
v -164.359620 37.106412 410.899051
v -82.179810 20.021998 410.899051
v 0.000000 -4.539710 410.899051
v 82.179810 -6.538055 410.899051
v 164.359620 -6.538055 410.899051
v 246.539431 -6.538055 410.899051
v 328.719241 -6.538055 410.899051
v 410.899051 -6.538055 410.899051
v 493.078861 -6.538055 410.899051
v 575.258672 -6.538055 410.899051
v 657.438482 -6.538055 410.899051
v 657.438482 6.538055 246.539431
v 575.258672 6.683359 246.539431
v 493.078861 20.812940 246.539431
v 410.899051 56.730971 246.539431
v 328.719241 62.461147 246.539431
v 246.539431 29.446244 246.539431
v 164.359620 7.070117 246.539431
v 82.179810 6.538055 246.539431
v 0.000000 6.538055 246.539431
v -82.179810 13.257285 246.539431
v -164.359620 21.282353 246.539431
v -246.539431 13.257285 246.539431
v -328.719241 6.538055 246.539431
v -410.899051 6.538055 246.539431
v -493.078861 6.538055 246.539431
v -575.258672 6.538055 246.539431
v -657.438482 6.538055 246.539431
v -657.438482 -6.538055 246.539431
v -575.258672 -6.538055 246.539431
v -493.078861 -6.538055 246.539431
v -410.899051 -6.538055 246.539431
v -328.719241 -6.538055 246.539431
v -246.539431 0.024948 246.539431
v -164.359620 7.955260 246.539431
v -82.179810 0.024948 246.539431
v 0.000000 -6.538055 246.539431
v 82.179810 -6.538055 246.539431
v 164.359620 -6.005993 246.539431
v 246.539431 15.910310 246.539431
v 328.719241 48.589850 246.539431
v 410.899051 41.940559 246.539431
v 493.078861 6.152159 246.539431
v 575.258672 -6.538055 246.539431
v 657.438482 -6.538055 246.539431
v 657.438482 6.538055 82.179810
v 575.258672 6.683359 82.179810
v 493.078861 20.812940 82.179810
v 410.899051 56.730971 82.179810
v 328.719241 62.461147 82.179810
v 246.539431 29.446244 82.179810
v 164.359620 7.070117 82.179810
v 82.179810 6.538055 82.179810
v 0.000000 6.538055 82.179810
v -82.179810 6.538055 82.179810
v -164.359620 6.538055 82.179810
v -246.539431 6.538055 82.179810
v -328.719241 6.538055 82.179810
v -410.899051 6.538055 82.179810
v -493.078861 6.538055 82.179810
v -575.258672 6.538055 82.179810
v -657.438482 6.538055 82.179810
v -657.438482 -6.538055 82.179810
v -575.258672 -6.538055 82.179810
v -493.078861 -6.538055 82.179810
v -410.899051 -6.538055 82.179810
v -328.719241 -6.538055 82.179810
v -246.539431 -6.538055 82.179810
v -164.359620 -6.538055 82.179810
v -82.179810 -6.538055 82.179810
v 0.000000 -6.538055 82.179810
v 82.179810 -6.538055 82.179810
v 164.359620 -6.005993 82.179810
v 246.539431 15.910310 82.179810
v 328.719241 48.589850 82.179810
v 410.899051 41.940559 82.179810
v 493.078861 6.152159 82.179810
v 575.258672 -6.538055 82.179810
v 657.438482 -6.538055 82.179810
v 657.438482 6.538055 -82.179810
v 575.258672 6.538055 -82.179810
v 493.078861 6.538055 -82.179810
v 410.899051 6.538055 -82.179810
v 328.719241 6.538055 -82.179810
v 246.539431 4.052250 -82.179810
v 164.359620 1.083346 -82.179810
v 82.179810 4.052250 -82.179810
v 0.000000 1.893756 -82.179810
v -82.179810 -8.211998 -82.179810
v -164.359620 -8.211998 -82.179810
v -246.539431 1.893756 -82.179810
v -328.719241 18.976804 -82.179810
v -410.899051 56.399004 -82.179810
v -493.078861 56.399004 -82.179810
v -575.258672 18.976804 -82.179810
v -657.438482 6.538055 -82.179810
v -657.438482 -6.538055 -82.179810
v -575.258672 5.514995 -82.179810
v -493.078861 42.416712 -82.179810
v -410.899051 42.416712 -82.179810
v -328.719241 5.514995 -82.179810
v -246.539431 -11.097782 -82.179810
v -164.359620 -21.112209 -82.179810
v -82.179810 -21.112209 -82.179810
v 0.000000 -11.097782 -82.179810
v 82.179810 -8.966063 -82.179810
v 164.359620 -11.899913 -82.179810
v 246.539431 -8.966063 -82.179810
v 328.719241 -6.538055 -82.179810
v 410.899051 -6.538055 -82.179810
v 493.078861 -6.538055 -82.179810
v 575.258672 -6.538055 -82.179810
v 657.438482 -6.538055 -82.179810
v 657.438482 6.538055 -246.539431
v 575.258672 6.538055 -246.539431
v 493.078861 6.981367 -246.539431
v 410.899051 26.282476 -246.539431
v 328.719241 40.680306 -246.539431
v 246.539431 16.137127 -246.539431
v 164.359620 -9.387970 -246.539431
v 82.179810 -3.606764 -246.539431
v 0.000000 3.929481 -246.539431
v -82.179810 1.710582 -246.539431
v -164.359620 1.893756 -246.539431
v -246.539431 6.458912 -246.539431
v -328.719241 36.926980 -246.539431
v -410.899051 85.356137 -246.539431
v -493.078861 73.763817 -246.539431
v -575.258672 19.409902 -246.539431
v -657.438482 6.538055 -246.539431
v -657.438482 -6.538055 -246.539431
v -575.258672 5.948093 -246.539431
v -493.078861 61.412403 -246.539431
v -410.899051 74.318991 -246.539431
v -328.719241 23.990201 -246.539431
v -246.539431 -6.593520 -246.539431
v -164.359620 -11.097782 -246.539431
v -82.179810 -11.280956 -246.539431
v 0.000000 -9.044980 -246.539431
v 82.179810 -16.504498 -246.539431
v 164.359620 -22.389407 -246.539431
v 246.539431 2.421457 -246.539431
v 328.719241 27.143815 -246.539431
v 410.899051 12.890509 -246.539431
v 493.078861 -6.094744 -246.539431
v 575.258672 -6.538055 -246.539431
v 657.438482 -6.538055 -246.539431
v 657.438482 6.538055 -410.899051
v 575.258672 6.538055 -410.899051
v 493.078861 6.981367 -410.899051
v 410.899051 26.282476 -410.899051
v 328.719241 41.449078 -410.899051
v 246.539431 26.282476 -410.899051
v 164.359620 5.653809 -410.899051
v 82.179810 -7.244907 -410.899051
v 0.000000 -15.605646 -410.899051
v -82.179810 -7.244907 -410.899051
v -164.359620 5.210499 -410.899051
v -246.539431 6.971154 -410.899051
v -328.719241 24.921649 -410.899051
v -410.899051 39.058275 -410.899051
v -493.078861 24.921649 -410.899051
v -575.258672 6.971154 -410.899051
v -657.438482 6.538055 -410.899051
v -657.438482 -6.538055 -410.899051
v -575.258672 -6.104956 -410.899051
v -493.078861 11.551451 -410.899051
v -410.899051 25.559623 -410.899051
v -328.719241 11.551451 -410.899051
v -246.539431 -6.104956 -410.899051
v -164.359620 -7.817120 -410.899051
v -82.179810 -20.141927 -410.899051
v 0.000000 -28.437184 -410.899051
v 82.179810 -20.141927 -410.899051
v 164.359620 -7.373808 -410.899051
v 246.539431 12.890509 -410.899051
v 328.719241 27.935617 -410.899051
v 410.899051 12.890509 -410.899051
v 493.078861 -6.094744 -410.899051
v 575.258672 -6.538055 -410.899051
v 657.438482 -6.538055 -410.899051
v 657.438482 6.538055 -575.258672
v 575.258672 6.538055 -575.258672
v 493.078861 6.538055 -575.258672
v 410.899051 6.538055 -575.258672
v 328.719241 6.538055 -575.258672
v 246.539431 6.538055 -575.258672
v 164.359620 6.538055 -575.258672
v 82.179810 6.354882 -575.258672
v 0.000000 5.210499 -575.258672
v -82.179810 6.354882 -575.258672
v -164.359620 6.538055 -575.258672
v -246.539431 6.538055 -575.258672
v -328.719241 6.538055 -575.258672
v -410.899051 6.538055 -575.258672
v -493.078861 6.538055 -575.258672
v -575.258672 6.538055 -575.258672
v -657.438482 6.538055 -575.258672
v -657.438482 -6.538055 -575.258672
v -575.258672 -6.538055 -575.258672
v -493.078861 -6.538055 -575.258672
v -410.899051 -6.538055 -575.258672
v -328.719241 -6.538055 -575.258672
v -246.539431 -6.538055 -575.258672
v -164.359620 -6.538055 -575.258672
v -82.179810 -6.721229 -575.258672
v 0.000000 -7.817120 -575.258672
v 82.179810 -6.721229 -575.258672
v 164.359620 -6.538055 -575.258672
v 246.539431 -6.538055 -575.258672
v 328.719241 -6.538055 -575.258672
v 410.899051 -6.538055 -575.258672
v 493.078861 -6.538055 -575.258672
v 575.258672 -6.538055 -575.258672
v 657.438482 -6.538055 -575.258672
v -616.348577 6.538055 657.438482
v -616.348577 6.538055 575.258672
v -616.348577 6.538055 493.078861
v -616.348577 6.538055 410.899051
v -616.348577 6.538055 328.719241
v -616.348577 6.538055 246.539431
v -616.348577 6.538055 164.359620
v -616.348577 6.538055 82.179810
v -616.348577 6.538055 0.000000
v -616.348577 7.294246 -82.179810
v -616.348577 12.015287 -164.359620
v -616.348577 7.294246 -246.539431
v -616.348577 6.538055 -328.719241
v -616.348577 6.538055 -410.899051
v -616.348577 6.538055 -493.078861
v -616.348577 6.538055 -575.258672
v -616.348577 6.538055 -657.438482
v -616.348577 -6.538055 -657.438482
v -616.348577 -6.538055 -575.258672
v -616.348577 -6.538055 -493.078861
v -616.348577 -6.538055 -410.899051
v -616.348577 -6.538055 -328.719241
v -616.348577 -5.862387 -246.539431
v -616.348577 -1.300684 -164.359620
v -616.348577 -5.862387 -82.179810
v -616.348577 -6.538055 0.000000
v -616.348577 -6.538055 82.179810
v -616.348577 -6.538055 164.359620
v -616.348577 -6.538055 246.539431
v -616.348577 -6.538055 328.719241
v -616.348577 -6.538055 410.899051
v -616.348577 -6.538055 493.078861
v -616.348577 -6.538055 575.258672
v -616.348577 -6.538055 657.438482
v -534.168767 6.538055 657.438482
v -534.168767 6.538055 575.258672
v -534.168767 6.538055 493.078861
v -534.168767 6.538055 410.899051
v -534.168767 6.538055 328.719241
v -534.168767 6.538055 246.539431
v -534.168767 6.538055 164.359620
v -534.168767 6.538055 82.179810
v -534.168767 7.294246 0.000000
v -534.168767 38.695902 -82.179810
v -534.168767 63.429532 -164.359620
v -534.168767 45.749890 -246.539431
v -534.168767 22.901087 -328.719241
v -534.168767 13.650360 -410.899051
v -534.168767 6.538055 -493.078861
v -534.168767 6.538055 -575.258672
v -534.168767 6.538055 -657.438482
v -534.168767 -6.538055 -657.438482
v -534.168767 -6.538055 -575.258672
v -534.168767 -6.538055 -493.078861
v -534.168767 0.408882 -410.899051
v -534.168767 9.559320 -328.719241
v -534.168767 32.371938 -246.539431
v -534.168767 49.366818 -164.359620
v -534.168767 24.933335 -82.179810
v -534.168767 -5.862387 0.000000
v -534.168767 -6.538055 82.179810
v -534.168767 -6.538055 164.359620
v -534.168767 -6.538055 246.539431
v -534.168767 -6.538055 328.719241
v -534.168767 -6.538055 410.899051
v -534.168767 -6.538055 493.078861
v -534.168767 -6.538055 575.258672
v -534.168767 -6.538055 657.438482
v -451.988956 6.538055 657.438482
v -451.988956 6.538055 575.258672
v -451.988956 6.538055 493.078861
v -451.988956 6.538055 410.899051
v -451.988956 6.538055 328.719241
v -451.988956 6.538055 246.539431
v -451.988956 6.538055 164.359620
v -451.988956 6.538055 82.179810
v -451.988956 12.015287 0.000000
v -451.988956 63.429532 -82.179810
v -451.988956 100.173282 -164.359620
v -451.988956 88.998832 -246.539431
v -451.988956 56.878402 -328.719241
v -451.988956 35.039994 -410.899051
v -451.988956 8.737650 -493.078861
v -451.988956 6.538055 -575.258672
v -451.988956 6.538055 -657.438482
v -451.988956 -6.538055 -657.438482
v -451.988956 -6.538055 -575.258672
v -451.988956 -4.422807 -493.078861
v -451.988956 21.575754 -410.899051
v -451.988956 44.177725 -328.719241
v -451.988956 77.775336 -246.539431
v -451.988956 85.989905 -164.359620
v -451.988956 49.366818 -82.179810
v -451.988956 -1.300684 0.000000
v -451.988956 -6.538055 82.179810
v -451.988956 -6.538055 164.359620
v -451.988956 -6.538055 246.539431
v -451.988956 -6.538055 328.719241
v -451.988956 -6.538055 410.899051
v -451.988956 -6.538055 493.078861
v -451.988956 -6.538055 575.258672
v -451.988956 -6.538055 657.438482
v -369.809146 6.538055 657.438482
v -369.809146 6.538055 575.258672
v -369.809146 6.538055 493.078861
v -369.809146 6.538055 410.899051
v -369.809146 6.538055 328.719241
v -369.809146 6.538055 246.539431
v -369.809146 6.538055 164.359620
v -369.809146 6.538055 82.179810
v -369.809146 7.294246 0.000000
v -369.809146 38.695902 -82.179810
v -369.809146 65.629127 -164.359620
v -369.809146 65.161670 -246.539431
v -369.809146 53.485033 -328.719241
v -369.809146 35.039994 -410.899051
v -369.809146 8.737650 -493.078861
v -369.809146 6.538055 -575.258672
v -369.809146 6.538055 -657.438482
v -369.809146 -6.538055 -657.438482
v -369.809146 -6.538055 -575.258672
v -369.809146 -4.422807 -493.078861
v -369.809146 21.575754 -410.899051
v -369.809146 40.111652 -328.719241
v -369.809146 53.252062 -246.539431
v -369.809146 51.740680 -164.359620
v -369.809146 24.933335 -82.179810
v -369.809146 -5.862387 0.000000
v -369.809146 -6.538055 82.179810
v -369.809146 -6.538055 164.359620
v -369.809146 -6.538055 246.539431
v -369.809146 -6.538055 328.719241
v -369.809146 -6.538055 410.899051
v -369.809146 -6.538055 493.078861
v -369.809146 -6.538055 575.258672
v -369.809146 -6.538055 657.438482
v -287.629336 6.538055 657.438482
v -287.629336 6.538055 575.258672
v -287.629336 7.903538 493.078861
v -287.629336 18.918352 410.899051
v -287.629336 18.918352 328.719241
v -287.629336 7.903538 246.539431
v -287.629336 6.538055 164.359620
v -287.629336 6.538055 82.179810
v -287.629336 6.538055 0.000000
v -287.629336 6.514702 -82.179810
v -287.629336 11.235742 -164.359620
v -287.629336 14.406550 -246.539431
v -287.629336 22.144890 -328.719241
v -287.629336 13.650360 -410.899051
v -287.629336 6.538055 -493.078861
v -287.629336 6.538055 -575.258672
v -287.629336 6.538055 -657.438482
v -287.629336 -6.538055 -657.438482
v -287.629336 -6.538055 -575.258672
v -287.629336 -6.538055 -493.078861
v -287.629336 0.408882 -410.899051
v -287.629336 8.803123 -328.719241
v -287.629336 1.165071 -246.539431
v -287.629336 -2.050336 -164.359620
v -287.629336 -6.612039 -82.179810
v -287.629336 -6.538055 0.000000
v -287.629336 -6.538055 82.179810
v -287.629336 -6.538055 164.359620
v -287.629336 -5.235690 246.539431
v -287.629336 5.616800 328.719241
v -287.629336 5.616800 410.899051
v -287.629336 -5.235690 493.078861
v -287.629336 -6.538055 575.258672
v -287.629336 -6.538055 657.438482
v -205.449526 6.538055 657.438482
v -205.449526 6.538055 575.258672
v -205.449526 18.918352 493.078861
v -205.449526 45.857244 410.899051
v -205.449526 45.857244 328.719241
v -205.449526 18.918352 246.539431
v -205.449526 6.538055 164.359620
v -205.449526 6.538055 82.179810
v -205.449526 4.017428 0.000000
v -205.449526 -3.563138 -82.179810
v -205.449526 -3.563138 -164.359620
v -205.449526 4.017428 -246.539431
v -205.449526 6.538055 -328.719241
v -205.449526 6.538055 -410.899051
v -205.449526 6.538055 -493.078861
v -205.449526 6.538055 -575.258672
v -205.449526 6.538055 -657.438482
v -205.449526 -6.538055 -657.438482
v -205.449526 -6.538055 -575.258672
v -205.449526 -6.538055 -493.078861
v -205.449526 -6.538055 -410.899051
v -205.449526 -6.538055 -328.719241
v -205.449526 -9.000075 -246.539431
v -205.449526 -16.501696 -164.359620
v -205.449526 -16.501696 -82.179810
v -205.449526 -9.000075 0.000000
v -205.449526 -6.538055 82.179810
v -205.449526 -6.538055 164.359620
v -205.449526 5.616800 246.539431
v -205.449526 32.312236 328.719241
v -205.449526 32.312236 410.899051
v -205.449526 5.616800 493.078861
v -205.449526 -6.538055 575.258672
v -205.449526 -6.538055 657.438482
v -123.269715 6.538055 657.438482
v -123.269715 6.538055 575.258672
v -123.269715 18.918352 493.078861
v -123.269715 45.857244 410.899051
v -123.269715 45.857244 328.719241
v -123.269715 18.918352 246.539431
v -123.269715 6.538055 164.359620
v -123.269715 6.538055 82.179810
v -123.269715 1.006934 0.000000
v -123.269715 -10.024453 -82.179810
v -123.269715 -10.024453 -164.359620
v -123.269715 1.006934 -246.539431
v -123.269715 3.523665 -328.719241
v -123.269715 -0.076550 -410.899051
v -123.269715 3.523665 -493.078861
v -123.269715 6.538055 -575.258672
v -123.269715 6.538055 -657.438482
v -123.269715 -6.538055 -657.438482
v -123.269715 -6.538055 -575.258672
v -123.269715 -9.482357 -493.078861
v -123.269715 -13.040065 -410.899051
v -123.269715 -9.482357 -328.719241
v -123.269715 -11.975026 -246.539431
v -123.269715 -22.910675 -164.359620
v -123.269715 -22.910675 -82.179810
v -123.269715 -11.975026 0.000000
v -123.269715 -6.538055 82.179810
v -123.269715 -6.538055 164.359620
v -123.269715 5.616800 246.539431
v -123.269715 32.312236 328.719241
v -123.269715 32.312236 410.899051
v -123.269715 5.616800 493.078861
v -123.269715 -6.538055 575.258672
v -123.269715 -6.538055 657.438482
v -41.089905 6.538055 657.438482
v -41.089905 6.538055 575.258672
v -41.089905 7.903538 493.078861
v -41.089905 18.918352 410.899051
v -41.089905 18.918352 328.719241
v -41.089905 7.903538 246.539431
v -41.089905 6.538055 164.359620
v -41.089905 6.538055 82.179810
v -41.089905 4.017428 0.000000
v -41.089905 -3.563138 -82.179810
v -41.089905 -3.563138 -164.359620
v -41.089905 3.085179 -246.539431
v -41.089905 -5.541849 -328.719241
v -41.089905 -13.268864 -410.899051
v -41.089905 -5.541849 -493.078861
v -41.089905 5.605806 -575.258672
v -41.089905 6.538055 -657.438482
v -41.089905 -6.538055 -657.438482
v -41.089905 -7.434555 -575.258672
v -41.089905 -18.453459 -493.078861
v -41.089905 -26.117889 -410.899051
v -41.089905 -18.453459 -328.719241
v -41.089905 -9.896574 -246.539431
v -41.089905 -16.501696 -164.359620
v -41.089905 -16.501696 -82.179810
v -41.089905 -9.000075 0.000000
v -41.089905 -6.538055 82.179810
v -41.089905 -6.538055 164.359620
v -41.089905 -5.235690 246.539431
v -41.089905 5.616800 328.719241
v -41.089905 5.616800 410.899051
v -41.089905 -5.235690 493.078861
v -41.089905 -6.538055 575.258672
v -41.089905 -6.538055 657.438482
v 41.089905 6.538055 657.438482
v 41.089905 6.538055 575.258672
v 41.089905 6.538055 493.078861
v 41.089905 6.538055 410.899051
v 41.089905 6.538055 328.719241
v 41.089905 6.538055 246.539431
v 41.089905 6.538055 164.359620
v 41.089905 6.538055 82.179810
v 41.089905 6.538055 0.000000
v 41.089905 5.253344 -82.179810
v 41.089905 1.178373 -164.359620
v 41.089905 1.025668 -246.539431
v 41.089905 -6.047015 -328.719241
v 41.089905 -13.268864 -410.899051
v 41.089905 -5.541849 -493.078861
v 41.089905 5.605806 -575.258672
v 41.089905 6.538055 -657.438482
v 41.089905 -6.538055 -657.438482
v 41.089905 -7.434555 -575.258672
v 41.089905 -18.453459 -493.078861
v 41.089905 -26.117889 -410.899051
v 41.089905 -18.935273 -328.719241
v 41.089905 -11.903038 -246.539431
v 41.089905 -11.760818 -164.359620
v 41.089905 -7.769522 -82.179810
v 41.089905 -6.538055 0.000000
v 41.089905 -6.538055 82.179810
v 41.089905 -6.538055 164.359620
v 41.089905 -6.538055 246.539431
v 41.089905 -6.538055 328.719241
v 41.089905 -6.538055 410.899051
v 41.089905 -6.538055 493.078861
v 41.089905 -6.538055 575.258672
v 41.089905 -6.538055 657.438482
v 123.269715 6.538055 657.438482
v 123.269715 6.538055 575.258672
v 123.269715 6.538055 493.078861
v 123.269715 6.538055 410.899051
v 123.269715 6.538055 328.719241
v 123.269715 6.538055 246.539431
v 123.269715 6.538055 164.359620
v 123.269715 6.538055 82.179810
v 123.269715 6.538055 0.000000
v 123.269715 1.957917 -82.179810
v 123.269715 -8.008228 -164.359620
v 123.269715 -8.008228 -246.539431
v 123.269715 -1.056472 -328.719241
v 123.269715 -0.076550 -410.899051
v 123.269715 3.523665 -493.078861
v 123.269715 6.538055 -575.258672
v 123.269715 6.538055 -657.438482
v 123.269715 -6.538055 -657.438482
v 123.269715 -6.538055 -575.258672
v 123.269715 -9.482357 -493.078861
v 123.269715 -13.040065 -410.899051
v 123.269715 -13.923310 -328.719241
v 123.269715 -20.910869 -246.539431
v 123.269715 -20.910869 -164.359620
v 123.269715 -11.034790 -82.179810
v 123.269715 -6.538055 0.000000
v 123.269715 -6.538055 82.179810
v 123.269715 -6.538055 164.359620
v 123.269715 -6.538055 246.539431
v 123.269715 -6.538055 328.719241
v 123.269715 -6.538055 410.899051
v 123.269715 -6.538055 493.078861
v 123.269715 -6.538055 575.258672
v 123.269715 -6.538055 657.438482
v 205.449526 -6.538055 657.438482
v 205.449526 6.538055 657.438482
v 205.449526 6.538055 575.258672
v 205.449526 6.538055 493.078861
v 205.449526 6.538055 410.899051
v 205.449526 6.538055 328.719241
v 205.449526 15.275521 246.539431
v 205.449526 25.711055 164.359620
v 205.449526 15.275521 82.179810
v 205.449526 6.538055 0.000000
v 205.449526 1.957917 -82.179810
v 205.449526 -8.008228 -164.359620
v 205.449526 -0.588867 -246.539431
v 205.449526 18.684878 -328.719241
v 205.449526 14.176841 -410.899051
v 205.449526 6.538055 -493.078861
v 205.449526 6.538055 -575.258672
v 205.449526 6.538055 -657.438482
v 205.449526 -6.538055 -657.438482
v 205.449526 -6.538055 -575.258672
v 205.449526 -6.538055 -493.078861
v 205.449526 0.923124 -410.899051
v 205.449526 5.214186 -328.719241
v 205.449526 -14.036389 -246.539431
v 205.449526 -20.910869 -164.359620
v 205.449526 -11.034790 -82.179810
v 205.449526 -6.538055 0.000000
v 205.449526 1.996256 82.179810
v 205.449526 12.308574 164.359620
v 205.449526 1.996256 246.539431
v 205.449526 -6.538055 328.719241
v 205.449526 -6.538055 410.899051
v 205.449526 -6.538055 493.078861
v 205.449526 -6.538055 575.258672
v 287.629336 6.538055 657.438482
v 287.629336 6.538055 575.258672
v 287.629336 6.538055 493.078861
v 287.629336 6.538055 410.899051
v 287.629336 9.240257 328.719241
v 287.629336 47.711367 246.539431
v 287.629336 77.099705 164.359620
v 287.629336 47.711367 82.179810
v 287.629336 9.240257 0.000000
v 287.629336 6.032889 -82.179810
v 287.629336 4.309117 -164.359620
v 287.629336 32.518343 -246.539431
v 287.629336 56.224881 -328.719241
v 287.629336 37.149822 -410.899051
v 287.629336 8.889255 -493.078861
v 287.629336 6.538055 -575.258672
v 287.629336 6.538055 -657.438482
v 287.629336 -6.538055 -657.438482
v 287.629336 -6.538055 -575.258672
v 287.629336 -4.266227 -493.078861
v 287.629336 23.656858 -410.899051
v 287.629336 42.554528 -328.719241
v 287.629336 18.826793 -246.539431
v 287.629336 -8.834556 -164.359620
v 287.629336 -7.019870 -82.179810
v 287.629336 -3.939473 0.000000
v 287.629336 33.893770 82.179810
v 287.629336 63.756393 164.359620
v 287.629336 33.893770 246.539431
v 287.629336 -3.939473 328.719241
v 287.629336 -6.538055 410.899051
v 287.629336 -6.538055 493.078861
v 287.629336 -6.538055 575.258672
v 287.629336 -6.538055 657.438482
v 369.809146 6.538055 657.438482
v 369.809146 6.538055 575.258672
v 369.809146 6.538055 493.078861
v 369.809146 6.538055 410.899051
v 369.809146 10.601823 328.719241
v 369.809146 66.267441 246.539431
v 369.809146 103.725386 164.359620
v 369.809146 66.267441 82.179810
v 369.809146 10.601823 0.000000
v 369.809146 6.538055 -82.179810
v 369.809146 8.889255 -164.359620
v 369.809146 37.149822 -246.539431
v 369.809146 56.730042 -328.719241
v 369.809146 37.149822 -410.899051
v 369.809146 8.889255 -493.078861
v 369.809146 6.538055 -575.258672
v 369.809146 6.538055 -657.438482
v 369.809146 -6.538055 -657.438482
v 369.809146 -6.538055 -575.258672
v 369.809146 -4.266227 -493.078861
v 369.809146 23.656858 -410.899051
v 369.809146 43.079361 -328.719241
v 369.809146 23.656858 -246.539431
v 369.809146 -4.266227 -164.359620
v 369.809146 -6.538055 -82.179810
v 369.809146 -2.959018 0.000000
v 369.809146 52.091515 82.179810
v 369.809146 90.780670 164.359620
v 369.809146 52.091515 246.539431
v 369.809146 -2.959018 328.719241
v 369.809146 -6.538055 410.899051
v 369.809146 -6.538055 493.078861
v 369.809146 -6.538055 575.258672
v 369.809146 -6.538055 657.438482
v 451.988956 6.538055 657.438482
v 451.988956 6.538055 575.258672
v 451.988956 6.538055 493.078861
v 451.988956 6.538055 410.899051
v 451.988956 7.825767 328.719241
v 451.988956 38.156388 246.539431
v 451.988956 65.145371 164.359620
v 451.988956 38.156388 82.179810
v 451.988956 7.825767 0.000000
v 451.988956 6.538055 -82.179810
v 451.988956 6.538055 -164.359620
v 451.988956 14.176841 -246.539431
v 451.988956 23.300173 -328.719241
v 451.988956 14.176841 -410.899051
v 451.988956 6.538055 -493.078861
v 451.988956 6.538055 -575.258672
v 451.988956 6.538055 -657.438482
v 451.988956 -6.538055 -657.438482
v 451.988956 -6.538055 -575.258672
v 451.988956 -6.538055 -493.078861
v 451.988956 0.923124 -410.899051
v 451.988956 9.938735 -328.719241
v 451.988956 0.923124 -246.539431
v 451.988956 -6.538055 -164.359620
v 451.988956 -6.538055 -82.179810
v 451.988956 -5.636611 0.000000
v 451.988956 23.033275 82.179810
v 451.988956 49.800802 164.359620
v 451.988956 23.033275 246.539431
v 451.988956 -5.636611 328.719241
v 451.988956 -6.538055 410.899051
v 451.988956 -6.538055 493.078861
v 451.988956 -6.538055 575.258672
v 451.988956 -6.538055 657.438482
v 534.168767 6.538055 657.438482
v 534.168767 6.538055 575.258672
v 534.168767 6.538055 493.078861
v 534.168767 6.538055 410.899051
v 534.168767 6.538055 328.719241
v 534.168767 11.452262 246.539431
v 534.168767 18.036401 164.359620
v 534.168767 11.452262 82.179810
v 534.168767 6.538055 0.000000
v 534.168767 6.538055 -82.179810
v 534.168767 6.538055 -164.359620
v 534.168767 6.538055 -246.539431
v 534.168767 6.538055 -328.719241
v 534.168767 6.538055 -410.899051
v 534.168767 6.538055 -493.078861
v 534.168767 6.538055 -575.258672
v 534.168767 6.538055 -657.438482
v 534.168767 -6.538055 -657.438482
v 534.168767 -6.538055 -575.258672
v 534.168767 -6.538055 -493.078861
v 534.168767 -6.538055 -410.899051
v 534.168767 -6.538055 -328.719241
v 534.168767 -6.538055 -246.539431
v 534.168767 -6.538055 -164.359620
v 534.168767 -6.538055 -82.179810
v 534.168767 -6.538055 0.000000
v 534.168767 -2.476480 82.179810
v 534.168767 3.527106 164.359620
v 534.168767 -2.476480 246.539431
v 534.168767 -6.538055 328.719241
v 534.168767 -6.538055 410.899051
v 534.168767 -6.538055 493.078861
v 534.168767 -6.538055 575.258672
v 534.168767 -6.538055 657.438482
v 616.348577 6.538055 657.438482
v 616.348577 6.538055 575.258672
v 616.348577 6.538055 493.078861
v 616.348577 6.538055 410.899051
v 616.348577 6.538055 328.719241
v 616.348577 6.538055 246.539431
v 616.348577 6.538055 164.359620
v 616.348577 6.538055 82.179810
v 616.348577 6.538055 0.000000
v 616.348577 6.538055 -82.179810
v 616.348577 6.538055 -164.359620
v 616.348577 6.538055 -246.539431
v 616.348577 6.538055 -328.719241
v 616.348577 6.538055 -410.899051
v 616.348577 6.538055 -493.078861
v 616.348577 6.538055 -575.258672
v 616.348577 6.538055 -657.438482
v 616.348577 -6.538055 -657.438482
v 616.348577 -6.538055 -575.258672
v 616.348577 -6.538055 -493.078861
v 616.348577 -6.538055 -410.899051
v 616.348577 -6.538055 -328.719241
v 616.348577 -6.538055 -246.539431
v 616.348577 -6.538055 -164.359620
v 616.348577 -6.538055 -82.179810
v 616.348577 -6.538055 0.000000
v 616.348577 -6.538055 82.179810
v 616.348577 -6.538055 164.359620
v 616.348577 -6.538055 246.539431
v 616.348577 -6.538055 328.719241
v 616.348577 -6.538055 410.899051
v 616.348577 -6.538055 493.078861
v 616.348577 -6.538055 575.258672
v 616.348577 -6.538055 657.438482
v 657.438482 6.538055 616.348577
v 616.348577 6.538055 616.348577
v 575.258672 6.538055 616.348577
v 534.168767 6.538055 616.348577
v 493.078861 6.538055 616.348577
v 451.988956 6.538055 616.348577
v 410.899051 6.538055 616.348577
v 369.809146 6.538055 616.348577
v 328.719241 6.538055 616.348577
v 287.629336 6.538055 616.348577
v 246.539431 6.538055 616.348577
v 205.449526 6.538055 616.348577
v 164.359620 6.538055 616.348577
v 123.269715 6.538055 616.348577
v 82.179810 6.538055 616.348577
v 41.089905 6.538055 616.348577
v 0.000000 6.538055 616.348577
v -41.089905 6.538055 616.348577
v -82.179810 6.538055 616.348577
v -123.269715 6.538055 616.348577
v -164.359620 6.538055 616.348577
v -205.449526 6.538055 616.348577
v -246.539431 6.538055 616.348577
v -287.629336 6.538055 616.348577
v -328.719241 6.538055 616.348577
v -369.809146 6.538055 616.348577
v -410.899051 6.538055 616.348577
v -451.988956 6.538055 616.348577
v -493.078861 6.538055 616.348577
v -534.168767 6.538055 616.348577
v -575.258672 6.538055 616.348577
v -616.348577 6.538055 616.348577
v -657.438482 6.538055 616.348577
v -657.438482 -6.538055 616.348577
v -616.348577 -6.538055 616.348577
v -575.258672 -6.538055 616.348577
v -534.168767 -6.538055 616.348577
v -493.078861 -6.538055 616.348577
v -451.988956 -6.538055 616.348577
v -410.899051 -6.538055 616.348577
v -369.809146 -6.538055 616.348577
v -328.719241 -6.538055 616.348577
v -287.629336 -6.538055 616.348577
v -246.539431 -6.538055 616.348577
v -205.449526 -6.538055 616.348577
v -164.359620 -6.538055 616.348577
v -123.269715 -6.538055 616.348577
v -82.179810 -6.538055 616.348577
v -41.089905 -6.538055 616.348577
v 0.000000 -6.538055 616.348577
v 41.089905 -6.538055 616.348577
v 82.179810 -6.538055 616.348577
v 123.269715 -6.538055 616.348577
v 164.359620 -6.538055 616.348577
v 205.449526 -6.538055 616.348577
v 246.539431 -6.538055 616.348577
v 287.629336 -6.538055 616.348577
v 328.719241 -6.538055 616.348577
v 369.809146 -6.538055 616.348577
v 410.899051 -6.538055 616.348577
v 451.988956 -6.538055 616.348577
v 493.078861 -6.538055 616.348577
v 534.168767 -6.538055 616.348577
v 575.258672 -6.538055 616.348577
v 616.348577 -6.538055 616.348577
v 657.438482 -6.538055 616.348577
v 657.438482 6.538055 534.168767
v 616.348577 6.538055 534.168767
v 575.258672 6.538055 534.168767
v 534.168767 6.538055 534.168767
v 493.078861 6.538055 534.168767
v 451.988956 6.538055 534.168767
v 410.899051 6.538055 534.168767
v 369.809146 6.538055 534.168767
v 328.719241 6.538055 534.168767
v 287.629336 6.538055 534.168767
v 246.539431 6.538055 534.168767
v 205.449526 6.538055 534.168767
v 164.359620 6.538055 534.168767
v 123.269715 6.538055 534.168767
v 82.179810 6.538055 534.168767
v 41.089905 6.538055 534.168767
v 0.000000 6.538055 534.168767
v -41.089905 6.538055 534.168767
v -82.179810 6.947218 534.168767
v -123.269715 8.616086 534.168767
v -164.359620 9.497596 534.168767
v -205.449526 8.616086 534.168767
v -246.539431 6.947218 534.168767
v -287.629336 6.538055 534.168767
v -328.719241 6.538055 534.168767
v -369.809146 6.538055 534.168767
v -410.899051 6.538055 534.168767
v -451.988956 6.538055 534.168767
v -493.078861 6.538055 534.168767
v -534.168767 6.538055 534.168767
v -575.258672 6.538055 534.168767
v -616.348577 6.538055 534.168767
v -657.438482 6.538055 534.168767
v -657.438482 -6.538055 534.168767
v -616.348577 -6.538055 534.168767
v -575.258672 -6.538055 534.168767
v -534.168767 -6.538055 534.168767
v -493.078861 -6.538055 534.168767
v -451.988956 -6.538055 534.168767
v -410.899051 -6.538055 534.168767
v -369.809146 -6.538055 534.168767
v -328.719241 -6.538055 534.168767
v -287.629336 -6.538055 534.168767
v -246.539431 -6.128892 534.168767
v -205.449526 -4.539710 534.168767
v -164.359620 -3.675761 534.168767
v -123.269715 -4.539710 534.168767
v -82.179810 -6.128892 534.168767
v -41.089905 -6.538055 534.168767
v 0.000000 -6.538055 534.168767
v 41.089905 -6.538055 534.168767
v 82.179810 -6.538055 534.168767
v 123.269715 -6.538055 534.168767
v 164.359620 -6.538055 534.168767
v 205.449526 -6.538055 534.168767
v 246.539431 -6.538055 534.168767
v 287.629336 -6.538055 534.168767
v 328.719241 -6.538055 534.168767
v 369.809146 -6.538055 534.168767
v 410.899051 -6.538055 534.168767
v 451.988956 -6.538055 534.168767
v 493.078861 -6.538055 534.168767
v 534.168767 -6.538055 534.168767
v 575.258672 -6.538055 534.168767
v 616.348577 -6.538055 534.168767
v 657.438482 -6.538055 534.168767
v 657.438482 6.538055 451.988956
v 616.348577 6.538055 451.988956
v 575.258672 6.538055 451.988956
v 534.168767 6.538055 451.988956
v 493.078861 6.538055 451.988956
v 451.988956 6.538055 451.988956
v 410.899051 6.538055 451.988956
v 369.809146 6.538055 451.988956
v 328.719241 6.538055 451.988956
v 287.629336 6.538055 451.988956
v 246.539431 6.538055 451.988956
v 205.449526 6.538055 451.988956
v 164.359620 6.538055 451.988956
v 123.269715 6.538055 451.988956
v 82.179810 6.538055 451.988956
v 41.089905 6.538055 451.988956
v 0.000000 6.947218 451.988956
v -41.089905 13.257285 451.988956
v -82.179810 23.905646 451.988956
v -123.269715 33.464783 451.988956
v -164.359620 37.260992 451.988956
v -205.449526 33.464783 451.988956
v -246.539431 23.905646 451.988956
v -287.629336 13.257285 451.988956
v -328.719241 6.947218 451.988956
v -369.809146 6.538055 451.988956
v -410.899051 6.538055 451.988956
v -451.988956 6.538055 451.988956
v -493.078861 6.538055 451.988956
v -534.168767 6.538055 451.988956
v -575.258672 6.538055 451.988956
v -616.348577 6.538055 451.988956
v -657.438482 6.538055 451.988956
v -657.438482 -6.538055 451.988956
v -616.348577 -6.538055 451.988956
v -575.258672 -6.538055 451.988956
v -534.168767 -6.538055 451.988956
v -493.078861 -6.538055 451.988956
v -451.988956 -6.538055 451.988956
v -410.899051 -6.538055 451.988956
v -369.809146 -6.538055 451.988956
v -328.719241 -6.128892 451.988956
v -287.629336 0.024948 451.988956
v -246.539431 10.551704 451.988956
v -205.449526 20.021998 451.988956
v -164.359620 23.785678 451.988956
v -123.269715 20.021998 451.988956
v -82.179810 10.551704 451.988956
v -41.089905 0.024948 451.988956
v 0.000000 -6.128892 451.988956
v 41.089905 -6.538055 451.988956
v 82.179810 -6.538055 451.988956
v 123.269715 -6.538055 451.988956
v 164.359620 -6.538055 451.988956
v 205.449526 -6.538055 451.988956
v 246.539431 -6.538055 451.988956
v 287.629336 -6.538055 451.988956
v 328.719241 -6.538055 451.988956
v 369.809146 -6.538055 451.988956
v 410.899051 -6.538055 451.988956
v 451.988956 -6.538055 451.988956
v 493.078861 -6.538055 451.988956
v 534.168767 -6.538055 451.988956
v 575.258672 -6.538055 451.988956
v 616.348577 -6.538055 451.988956
v 657.438482 -6.538055 451.988956
v 657.438482 6.538055 369.809146
v 616.348577 6.538055 369.809146
v 575.258672 6.538055 369.809146
v 534.168767 6.538055 369.809146
v 493.078861 6.538055 369.809146
v 451.988956 6.538055 369.809146
v 410.899051 6.538055 369.809146
v 369.809146 6.538055 369.809146
v 328.719241 6.538055 369.809146
v 287.629336 6.538055 369.809146
v 246.539431 6.538055 369.809146
v 205.449526 6.538055 369.809146
v 164.359620 6.538055 369.809146
v 123.269715 6.538055 369.809146
v 82.179810 6.538055 369.809146
v 41.089905 6.538055 369.809146
v 0.000000 9.497596 369.809146
v -41.089905 21.282353 369.809146
v -82.179810 37.260992 369.809146
v -123.269715 50.688703 369.809146
v -164.359620 55.897509 369.809146
v -205.449526 50.688703 369.809146
v -246.539431 37.260992 369.809146
v -287.629336 21.282353 369.809146
v -328.719241 9.497596 369.809146
v -369.809146 6.538055 369.809146
v -410.899051 6.538055 369.809146
v -451.988956 6.538055 369.809146
v -493.078861 6.538055 369.809146
v -534.168767 6.538055 369.809146
v -575.258672 6.538055 369.809146
v -616.348577 6.538055 369.809146
v -657.438482 6.538055 369.809146
v -657.438482 -6.538055 369.809146
v -616.348577 -6.538055 369.809146
v -575.258672 -6.538055 369.809146
v -534.168767 -6.538055 369.809146
v -493.078861 -6.538055 369.809146
v -451.988956 -6.538055 369.809146
v -410.899051 -6.538055 369.809146
v -369.809146 -6.538055 369.809146
v -328.719241 -3.675761 369.809146
v -287.629336 7.955260 369.809146
v -246.539431 23.785678 369.809146
v -205.449526 37.106412 369.809146
v -164.359620 42.276242 369.809146
v -123.269715 37.106412 369.809146
v -82.179810 23.785678 369.809146
v -41.089905 7.955260 369.809146
v 0.000000 -3.675761 369.809146
v 41.089905 -6.538055 369.809146
v 82.179810 -6.538055 369.809146
v 123.269715 -6.538055 369.809146
v 164.359620 -6.538055 369.809146
v 205.449526 -6.538055 369.809146
v 246.539431 -6.538055 369.809146
v 287.629336 -6.538055 369.809146
v 328.719241 -6.538055 369.809146
v 369.809146 -6.538055 369.809146
v 410.899051 -6.538055 369.809146
v 451.988956 -6.538055 369.809146
v 493.078861 -6.538055 369.809146
v 534.168767 -6.538055 369.809146
v 575.258672 -6.538055 369.809146
v 616.348577 -6.538055 369.809146
v 657.438482 -6.538055 369.809146
v 657.438482 6.538055 287.629336
v 616.348577 6.538055 287.629336
v 575.258672 6.538055 287.629336
v 534.168767 7.309233 287.629336
v 493.078861 11.452262 287.629336
v 451.988956 18.005360 287.629336
v 410.899051 27.552141 287.629336
v 369.809146 33.341520 287.629336
v 328.719241 31.531411 287.629336
v 287.629336 23.705374 287.629336
v 246.539431 15.275521 287.629336
v 205.449526 8.313684 287.629336
v 164.359620 6.538055 287.629336
v 123.269715 6.538055 287.629336
v 82.179810 6.538055 287.629336
v 41.089905 6.538055 287.629336
v 0.000000 6.947218 287.629336
v -41.089905 13.257285 287.629336
v -82.179810 23.905646 287.629336
v -123.269715 33.464783 287.629336
v -164.359620 37.260992 287.629336
v -205.449526 33.464783 287.629336
v -246.539431 23.905646 287.629336
v -287.629336 13.257285 287.629336
v -328.719241 6.947218 287.629336
v -369.809146 6.538055 287.629336
v -410.899051 6.538055 287.629336
v -451.988956 6.538055 287.629336
v -493.078861 6.538055 287.629336
v -534.168767 6.538055 287.629336
v -575.258672 6.538055 287.629336
v -616.348577 6.538055 287.629336
v -657.438482 6.538055 287.629336
v -657.438482 -6.538055 287.629336
v -616.348577 -6.538055 287.629336
v -575.258672 -6.538055 287.629336
v -534.168767 -6.538055 287.629336
v -493.078861 -6.538055 287.629336
v -451.988956 -6.538055 287.629336
v -410.899051 -6.538055 287.629336
v -369.809146 -6.538055 287.629336
v -328.719241 -6.128892 287.629336
v -287.629336 0.024948 287.629336
v -246.539431 10.551704 287.629336
v -205.449526 20.021998 287.629336
v -164.359620 23.785678 287.629336
v -123.269715 20.021998 287.629336
v -82.179810 10.551704 287.629336
v -41.089905 0.024948 287.629336
v 0.000000 -6.128892 287.629336
v 41.089905 -6.538055 287.629336
v 82.179810 -6.538055 287.629336
v 123.269715 -6.538055 287.629336
v 164.359620 -6.538055 287.629336
v 205.449526 -4.844503 287.629336
v 246.539431 1.996256 287.629336
v 287.629336 10.095609 287.629336
v 328.719241 17.545326 287.629336
v 369.809146 19.039137 287.629336
v 410.899051 13.029965 287.629336
v 451.988956 3.596793 287.629336
v 493.078861 -2.476480 287.629336
v 534.168767 -6.052588 287.629336
v 575.258672 -6.538055 287.629336
v 616.348577 -6.538055 287.629336
v 657.438482 -6.538055 287.629336
v 657.438482 6.538055 205.449526
v 616.348577 6.538055 205.449526
v 575.258672 7.825767 205.449526
v 534.168767 16.077037 205.449526
v 493.078861 31.351383 205.449526
v 451.988956 57.374922 205.449526
v 410.899051 82.088961 205.449526
v 369.809146 93.511577 205.449526
v 328.719241 88.113880 205.449526
v 287.629336 68.901117 205.449526
v 246.539431 43.453194 205.449526
v 205.449526 22.636984 205.449526
v 164.359620 9.240257 205.449526
v 123.269715 6.538055 205.449526
v 82.179810 6.538055 205.449526
v 41.089905 6.538055 205.449526
v 0.000000 6.538055 205.449526
v -41.089905 6.538055 205.449526
v -82.179810 6.947218 205.449526
v -123.269715 8.616086 205.449526
v -164.359620 9.497596 205.449526
v -205.449526 8.616086 205.449526
v -246.539431 6.947218 205.449526
v -287.629336 6.538055 205.449526
v -328.719241 6.538055 205.449526
v -369.809146 6.538055 205.449526
v -410.899051 6.538055 205.449526
v -451.988956 6.538055 205.449526
v -493.078861 6.538055 205.449526
v -534.168767 6.538055 205.449526
v -575.258672 6.538055 205.449526
v -616.348577 6.538055 205.449526
v -657.438482 6.538055 205.449526
v -657.438482 -6.538055 205.449526
v -616.348577 -6.538055 205.449526
v -575.258672 -6.538055 205.449526
v -534.168767 -6.538055 205.449526
v -493.078861 -6.538055 205.449526
v -451.988956 -6.538055 205.449526
v -410.899051 -6.538055 205.449526
v -369.809146 -6.538055 205.449526
v -328.719241 -6.538055 205.449526
v -287.629336 -6.538055 205.449526
v -246.539431 -6.128892 205.449526
v -205.449526 -4.539710 205.449526
v -164.359620 -3.675761 205.449526
v -123.269715 -4.539710 205.449526
v -82.179810 -6.128892 205.449526
v -41.089905 -6.538055 205.449526
v 0.000000 -6.538055 205.449526
v 41.089905 -6.538055 205.449526
v 82.179810 -6.538055 205.449526
v 123.269715 -6.538055 205.449526
v 164.359620 -3.939473 205.449526
v 205.449526 9.267715 205.449526
v 246.539431 29.765856 205.449526
v 287.629336 55.359395 205.449526
v 328.719241 74.951250 205.449526
v 369.809146 80.125323 205.449526
v 410.899051 67.675437 205.449526
v 451.988956 42.029937 205.449526
v 493.078861 16.106750 205.449526
v 534.168767 1.724485 205.449526
v 575.258672 -5.636611 205.449526
v 616.348577 -6.538055 205.449526
v 657.438482 -6.538055 205.449526
v 657.438482 6.538055 123.269715
v 616.348577 6.538055 123.269715
v 575.258672 7.825767 123.269715
v 534.168767 16.077037 123.269715
v 493.078861 31.351383 123.269715
v 451.988956 57.374922 123.269715
v 410.899051 82.088961 123.269715
v 369.809146 93.511577 123.269715
v 328.719241 88.113880 123.269715
v 287.629336 68.901117 123.269715
v 246.539431 43.453194 123.269715
v 205.449526 22.636984 123.269715
v 164.359620 9.240257 123.269715
v 123.269715 6.538055 123.269715
v 82.179810 6.538055 123.269715
v 41.089905 6.538055 123.269715
v 0.000000 6.538055 123.269715
v -41.089905 6.538055 123.269715
v -82.179810 6.538055 123.269715
v -123.269715 6.538055 123.269715
v -164.359620 6.538055 123.269715
v -205.449526 6.538055 123.269715
v -246.539431 6.538055 123.269715
v -287.629336 6.538055 123.269715
v -328.719241 6.538055 123.269715
v -369.809146 6.538055 123.269715
v -410.899051 6.538055 123.269715
v -451.988956 6.538055 123.269715
v -493.078861 6.538055 123.269715
v -534.168767 6.538055 123.269715
v -575.258672 6.538055 123.269715
v -616.348577 6.538055 123.269715
v -657.438482 6.538055 123.269715
v -657.438482 -6.538055 123.269715
v -616.348577 -6.538055 123.269715
v -575.258672 -6.538055 123.269715
v -534.168767 -6.538055 123.269715
v -493.078861 -6.538055 123.269715
v -451.988956 -6.538055 123.269715
v -410.899051 -6.538055 123.269715
v -369.809146 -6.538055 123.269715
v -328.719241 -6.538055 123.269715
v -287.629336 -6.538055 123.269715
v -246.539431 -6.538055 123.269715
v -205.449526 -6.538055 123.269715
v -164.359620 -6.538055 123.269715
v -123.269715 -6.538055 123.269715
v -82.179810 -6.538055 123.269715
v -41.089905 -6.538055 123.269715
v 0.000000 -6.538055 123.269715
v 41.089905 -6.538055 123.269715
v 82.179810 -6.538055 123.269715
v 123.269715 -6.538055 123.269715
v 164.359620 -3.939473 123.269715
v 205.449526 9.267715 123.269715
v 246.539431 29.765856 123.269715
v 287.629336 55.359395 123.269715
v 328.719241 74.951250 123.269715
v 369.809146 80.125323 123.269715
v 410.899051 67.675437 123.269715
v 451.988956 42.029937 123.269715
v 493.078861 16.106750 123.269715
v 534.168767 1.724485 123.269715
v 575.258672 -5.636611 123.269715
v 616.348577 -6.538055 123.269715
v 657.438482 -6.538055 123.269715
v 657.438482 6.538055 41.089905
v 616.348577 6.538055 41.089905
v 575.258672 6.538055 41.089905
v 534.168767 7.309233 41.089905
v 493.078861 11.452262 41.089905
v 451.988956 18.005360 41.089905
v 410.899051 27.552141 41.089905
v 369.809146 33.341520 41.089905
v 328.719241 31.531411 41.089905
v 287.629336 23.705374 41.089905
v 246.539431 15.275521 41.089905
v 205.449526 8.313684 41.089905
v 164.359620 6.538055 41.089905
v 123.269715 6.538055 41.089905
v 82.179810 6.538055 41.089905
v 41.089905 6.538055 41.089905
v 0.000000 6.538055 41.089905
v -41.089905 6.384563 41.089905
v -82.179810 5.758511 41.089905
v -123.269715 5.427824 41.089905
v -164.359620 5.758511 41.089905
v -205.449526 6.384563 41.089905
v -246.539431 6.538055 41.089905
v -287.629336 6.538055 41.089905
v -328.719241 6.538055 41.089905
v -369.809146 6.538055 41.089905
v -410.899051 6.538055 41.089905
v -451.988956 6.538055 41.089905
v -493.078861 6.538055 41.089905
v -534.168767 6.538055 41.089905
v -575.258672 6.538055 41.089905
v -616.348577 6.538055 41.089905
v -657.438482 6.538055 41.089905
v -657.438482 -6.538055 41.089905
v -616.348577 -6.538055 41.089905
v -575.258672 -6.538055 41.089905
v -534.168767 -6.538055 41.089905
v -493.078861 -6.538055 41.089905
v -451.988956 -6.538055 41.089905
v -410.899051 -6.538055 41.089905
v -369.809146 -6.538055 41.089905
v -328.719241 -6.538055 41.089905
v -287.629336 -6.538055 41.089905
v -246.539431 -6.538055 41.089905
v -205.449526 -6.691547 41.089905
v -164.359620 -7.287707 41.089905
v -123.269715 -7.611805 41.089905
v -82.179810 -7.287707 41.089905
v -41.089905 -6.691547 41.089905
v 0.000000 -6.538055 41.089905
v 41.089905 -6.538055 41.089905
v 82.179810 -6.538055 41.089905
v 123.269715 -6.538055 41.089905
v 164.359620 -6.538055 41.089905
v 205.449526 -4.844503 41.089905
v 246.539431 1.996256 41.089905
v 287.629336 10.095609 41.089905
v 328.719241 17.545326 41.089905
v 369.809146 19.039137 41.089905
v 410.899051 13.029965 41.089905
v 451.988956 3.596793 41.089905
v 493.078861 -2.476480 41.089905
v 534.168767 -6.052588 41.089905
v 575.258672 -6.538055 41.089905
v 616.348577 -6.538055 41.089905
v 657.438482 -6.538055 41.089905
v 657.438482 6.538055 -41.089905
v 616.348577 6.538055 -41.089905
v 575.258672 6.538055 -41.089905
v 534.168767 6.538055 -41.089905
v 493.078861 6.538055 -41.089905
v 451.988956 6.538055 -41.089905
v 410.899051 6.538055 -41.089905
v 369.809146 6.538055 -41.089905
v 328.719241 6.538055 -41.089905
v 287.629336 6.538055 -41.089905
v 246.539431 6.386684 -41.089905
v 205.449526 5.769280 -41.089905
v 164.359620 5.443162 -41.089905
v 123.269715 5.769280 -41.089905
v 82.179810 6.386684 -41.089905
v 41.089905 6.384563 -41.089905
v 0.000000 4.017428 -41.089905
v -41.089905 0.022841 -41.089905
v -82.179810 -3.563138 -41.089905
v -123.269715 -4.987235 -41.089905
v -164.359620 -3.563138 -41.089905
v -205.449526 0.022841 -41.089905
v -246.539431 4.017428 -41.089905
v -287.629336 6.384563 -41.089905
v -328.719241 9.064186 -41.089905
v -369.809146 18.976804 -41.089905
v -410.899051 29.459999 -41.089905
v -451.988956 33.842495 -41.089905
v -493.078861 29.459999 -41.089905
v -534.168767 18.976804 -41.089905
v -575.258672 9.064186 -41.089905
v -616.348577 6.538055 -41.089905
v -657.438482 6.538055 -41.089905
v -657.438482 -6.538055 -41.089905
v -616.348577 -6.538055 -41.089905
v -575.258672 -4.167387 -41.089905
v -534.168767 5.514995 -41.089905
v -493.078861 15.826980 -41.089905
v -451.988956 20.176780 -41.089905
v -410.899051 15.826980 -41.089905
v -369.809146 5.514995 -41.089905
v -328.719241 -4.167387 -41.089905
v -287.629336 -6.691547 -41.089905
v -246.539431 -9.000075 -41.089905
v -205.449526 -12.949042 -41.089905
v -164.359620 -16.501696 -41.089905
v -123.269715 -17.913594 -41.089905
v -82.179810 -16.501696 -41.089905
v -41.089905 -12.949042 -41.089905
v 0.000000 -9.000075 -41.089905
v 41.089905 -6.691547 -41.089905
v 82.179810 -6.689426 -41.089905
v 123.269715 -7.277350 -41.089905
v 164.359620 -7.596972 -41.089905
v 205.449526 -7.277350 -41.089905
v 246.539431 -6.689426 -41.089905
v 287.629336 -6.538055 -41.089905
v 328.719241 -6.538055 -41.089905
v 369.809146 -6.538055 -41.089905
v 410.899051 -6.538055 -41.089905
v 451.988956 -6.538055 -41.089905
v 493.078861 -6.538055 -41.089905
v 534.168767 -6.538055 -41.089905
v 575.258672 -6.538055 -41.089905
v 616.348577 -6.538055 -41.089905
v 657.438482 -6.538055 -41.089905
v 657.438482 6.538055 -123.269715
v 616.348577 6.538055 -123.269715
v 575.258672 6.538055 -123.269715
v 534.168767 6.538055 -123.269715
v 493.078861 6.538055 -123.269715
v 451.988956 6.538055 -123.269715
v 410.899051 6.538055 -123.269715
v 369.809146 6.538055 -123.269715
v 328.719241 6.386684 -123.269715
v 287.629336 4.052250 -123.269715
v 246.539431 0.112848 -123.269715
v 205.449526 -3.423590 -123.269715
v 164.359620 -4.828013 -123.269715
v 123.269715 -3.423590 -123.269715
v 82.179810 0.112848 -123.269715
v 41.089905 2.942018 -123.269715
v 0.000000 0.855563 -123.269715
v -41.089905 -4.987235 -123.269715
v -82.179810 -10.024453 -123.269715
v -123.269715 -11.978467 -123.269715
v -164.359620 -10.024453 -123.269715
v -205.449526 -4.987235 -123.269715
v -246.539431 1.006934 -123.269715
v -287.629336 9.273041 -123.269715
v -328.719241 29.459999 -123.269715
v -369.809146 56.399004 -123.269715
v -410.899051 79.349954 -123.269715
v -451.988956 88.307457 -123.269715
v -493.078861 79.349954 -123.269715
v -534.168767 56.399004 -123.269715
v -575.258672 29.459999 -123.269715
v -616.348577 10.383273 -123.269715
v -657.438482 6.538055 -123.269715
v -657.438482 -6.538055 -123.269715
v -616.348577 -2.889278 -123.269715
v -575.258672 15.826980 -123.269715
v -534.168767 42.416712 -123.269715
v -493.078861 65.114844 -123.269715
v -451.988956 73.970638 -123.269715
v -410.899051 65.114844 -123.269715
v -369.809146 42.416712 -123.269715
v -328.719241 15.826980 -123.269715
v -287.629336 -3.963027 -123.269715
v -246.539431 -11.975026 -123.269715
v -205.449526 -17.913594 -123.269715
v -164.359620 -22.910675 -123.269715
v -123.269715 -24.850067 -123.269715
v -82.179810 -22.910675 -123.269715
v -41.089905 -17.913594 -123.269715
v 0.000000 -12.126398 -123.269715
v 41.089905 -10.025203 -123.269715
v 82.179810 -12.860476 -123.269715
v 123.269715 -16.364049 -123.269715
v 164.359620 -17.756438 -123.269715
v 205.449526 -16.364049 -123.269715
v 246.539431 -12.860476 -123.269715
v 287.629336 -8.966063 -123.269715
v 328.719241 -6.689426 -123.269715
v 369.809146 -6.538055 -123.269715
v 410.899051 -6.538055 -123.269715
v 451.988956 -6.538055 -123.269715
v 493.078861 -6.538055 -123.269715
v 534.168767 -6.538055 -123.269715
v 575.258672 -6.538055 -123.269715
v 616.348577 -6.538055 -123.269715
v 657.438482 -6.538055 -123.269715
v 657.438482 6.538055 -205.449526
v 616.348577 6.538055 -205.449526
v 575.258672 6.538055 -205.449526
v 534.168767 6.538055 -205.449526
v 493.078861 6.538055 -205.449526
v 451.988956 8.090410 -205.449526
v 410.899051 14.176841 -205.449526
v 369.809146 20.612652 -205.449526
v 328.719241 22.205281 -205.449526
v 287.629336 15.113135 -205.449526
v 246.539431 2.676365 -205.449526
v 205.449526 -8.354443 -205.449526
v 164.359620 -11.722662 -205.449526
v 123.269715 -9.795646 -205.449526
v 82.179810 -4.828013 -205.449526
v 41.089905 0.929853 -205.449526
v 0.000000 2.922535 -205.449526
v -41.089905 0.022841 -205.449526
v -82.179810 -3.563138 -205.449526
v -123.269715 -4.987235 -205.449526
v -164.359620 -3.563138 -205.449526
v -205.449526 0.022841 -205.449526
v -246.539431 4.017428 -205.449526
v -287.629336 11.675146 -205.449526
v -328.719241 36.524939 -205.449526
v -369.809146 69.049801 -205.449526
v -410.899051 94.068497 -205.449526
v -451.988956 100.776286 -205.449526
v -493.078861 86.363915 -205.449526
v -534.168767 57.844368 -205.449526
v -575.258672 29.459999 -205.449526
v -616.348577 10.383273 -205.449526
v -657.438482 6.538055 -205.449526
v -657.438482 -6.538055 -205.449526
v -616.348577 -2.889278 -205.449526
v -575.258672 15.826980 -205.449526
v -534.168767 43.953950 -205.449526
v -493.078861 72.892227 -205.449526
v -451.988956 88.097282 -205.449526
v -410.899051 81.639667 -205.449526
v -369.809146 56.188810 -205.449526
v -328.719241 23.172710 -205.449526
v -287.629336 -1.664216 -205.449526
v -246.539431 -9.000075 -205.449526
v -205.449526 -12.949042 -205.449526
v -164.359620 -16.501696 -205.449526
v -123.269715 -17.913594 -205.449526
v -82.179810 -16.501696 -205.449526
v -41.089905 -12.949042 -205.449526
v 0.000000 -10.049198 -205.449526
v 41.089905 -12.029464 -205.449526
v 82.179810 -17.756438 -205.449526
v 123.269715 -22.684490 -205.449526
v 164.359620 -24.597088 -205.449526
v 205.449526 -21.472188 -205.449526
v 246.539431 -10.720376 -205.449526
v 287.629336 1.667912 -205.449526
v 328.719241 8.832023 -205.449526
v 369.809146 7.280250 -205.449526
v 410.899051 0.923124 -205.449526
v 451.988956 -5.096850 -205.449526
v 493.078861 -6.538055 -205.449526
v 534.168767 -6.538055 -205.449526
v 575.258672 -6.538055 -205.449526
v 616.348577 -6.538055 -205.449526
v 657.438482 -6.538055 -205.449526
v 657.438482 6.538055 -287.629336
v 616.348577 6.538055 -287.629336
v 575.258672 6.538055 -287.629336
v 534.168767 6.538055 -287.629336
v 493.078861 8.889255 -287.629336
v 451.988956 20.612652 -287.629336
v 410.899051 37.149822 -287.629336
v 369.809146 51.238247 -287.629336
v 328.719241 56.578677 -287.629336
v 287.629336 48.733094 -287.629336
v 246.539431 30.623626 -287.629336
v 205.449526 10.501910 -287.629336
v 164.359620 -2.534216 -287.629336
v 123.269715 -4.019649 -287.629336
v 82.179810 -2.884530 -287.629336
v 41.089905 -1.498143 -287.629336
v 0.000000 -0.227921 -287.629336
v -41.089905 0.834168 -287.629336
v -82.179810 2.744121 -287.629336
v -123.269715 4.815239 -287.629336
v -164.359620 5.758511 -287.629336
v -205.449526 6.384563 -287.629336
v -246.539431 8.737650 -287.629336
v -287.629336 19.642599 -287.629336
v -328.719241 37.114874 -287.629336
v -369.809146 58.119133 -287.629336
v -410.899051 71.643060 -287.629336
v -451.988956 71.422952 -287.629336
v -493.078861 56.312672 -287.629336
v -534.168767 31.887908 -287.629336
v -575.258672 11.263779 -287.629336
v -616.348577 6.538055 -287.629336
v -657.438482 6.538055 -287.629336
v -657.438482 -6.538055 -287.629336
v -616.348577 -6.538055 -287.629336
v -575.258672 -2.052138 -287.629336
v -534.168767 18.766613 -287.629336
v -493.078861 44.106927 -287.629336
v -451.988956 60.109052 -287.629336
v -410.899051 60.317482 -287.629336
v -369.809146 45.923811 -287.629336
v -328.719241 23.946427 -287.629336
v -287.629336 6.327863 -287.629336
v -246.539431 -4.422807 -287.629336
v -205.449526 -6.691547 -287.629336
v -164.359620 -7.287707 -287.629336
v -123.269715 -8.196074 -287.629336
v -82.179810 -10.232009 -287.629336
v -41.089905 -12.120534 -287.629336
v 0.000000 -13.191436 -287.629336
v 41.089905 -14.378264 -287.629336
v 82.179810 -15.721901 -287.629336
v 123.269715 -16.892081 -287.629336
v 164.359620 -15.698464 -287.629336
v 205.449526 -3.066608 -287.629336
v 246.539431 16.838722 -287.629336
v 287.629336 34.985929 -287.629336
v 328.719241 42.927990 -287.629336
v 369.809146 37.629082 -287.629336
v 410.899051 23.656858 -287.629336
v 451.988956 7.280250 -287.629336
v 493.078861 -4.266227 -287.629336
v 534.168767 -6.538055 -287.629336
v 575.258672 -6.538055 -287.629336
v 616.348577 -6.538055 -287.629336
v 657.438482 -6.538055 -287.629336
v 657.438482 6.538055 -369.809146
v 616.348577 6.538055 -369.809146
v 575.258672 6.538055 -369.809146
v 534.168767 6.538055 -369.809146
v 493.078861 8.889255 -369.809146
v 451.988956 20.612652 -369.809146
v 410.899051 37.149822 -369.809146
v 369.809146 51.238247 -369.809146
v 328.719241 56.730042 -369.809146
v 287.629336 51.238247 -369.809146
v 246.539431 36.998450 -369.809146
v 205.449526 19.843875 -369.809146
v 164.359620 6.862113 -369.809146
v 123.269715 0.218886 -369.809146
v 82.179810 -5.693220 -369.809146
v 41.089905 -11.101365 -369.809146
v 0.000000 -13.268864 -369.809146
v -41.089905 -11.101365 -369.809146
v -82.179810 -5.541849 -369.809146
v -123.269715 0.987661 -369.809146
v -164.359620 5.605806 -369.809146
v -205.449526 6.538055 -369.809146
v -246.539431 8.737650 -369.809146
v -287.629336 19.642599 -369.809146
v -328.719241 35.039997 -369.809146
v -369.809146 48.157419 -369.809146
v -410.899051 53.271522 -369.809146
v -451.988956 48.157419 -369.809146
v -493.078861 35.039994 -369.809146
v -534.168767 19.642599 -369.809146
v -575.258672 8.737650 -369.809146
v -616.348577 6.538055 -369.809146
v -657.438482 6.538055 -369.809146
v -657.438482 -6.538055 -369.809146
v -616.348577 -6.538055 -369.809146
v -575.258672 -4.422807 -369.809146
v -534.168767 6.327863 -369.809146
v -493.078861 21.575754 -369.809146
v -451.988956 34.584976 -369.809146
v -410.899051 39.659611 -369.809146
v -369.809146 34.584976 -369.809146
v -328.719241 21.575759 -369.809146
v -287.629336 6.327863 -369.809146
v -246.539431 -4.422807 -369.809146
v -205.449526 -6.538055 -369.809146
v -164.359620 -7.434555 -369.809146
v -123.269715 -11.990982 -369.809146
v -82.179810 -18.453459 -369.809146
v -41.089905 -23.967120 -369.809146
v 0.000000 -26.117889 -369.809146
v 41.089905 -23.967120 -369.809146
v 82.179810 -18.604830 -369.809146
v 123.269715 -12.730278 -369.809146
v 164.359620 -6.227913 -369.809146
v 205.449526 6.540953 -369.809146
v 246.539431 23.505486 -369.809146
v 287.629336 37.629082 -369.809146
v 328.719241 43.079361 -369.809146
v 369.809146 37.629082 -369.809146
v 410.899051 23.656858 -369.809146
v 451.988956 7.280250 -369.809146
v 493.078861 -4.266227 -369.809146
v 534.168767 -6.538055 -369.809146
v 575.258672 -6.538055 -369.809146
v 616.348577 -6.538055 -369.809146
v 657.438482 -6.538055 -369.809146
v 657.438482 6.538055 -451.988956
v 616.348577 6.538055 -451.988956
v 575.258672 6.538055 -451.988956
v 534.168767 6.538055 -451.988956
v 493.078861 6.538055 -451.988956
v 451.988956 8.090410 -451.988956
v 410.899051 14.176841 -451.988956
v 369.809146 20.612652 -451.988956
v 328.719241 23.300173 -451.988956
v 287.629336 20.612652 -451.988956
v 246.539431 14.176841 -451.988956
v 205.449526 8.090410 -451.988956
v 164.359620 5.605806 -451.988956
v 123.269715 0.987661 -451.988956
v 82.179810 -5.541849 -451.988956
v 41.089905 -11.101365 -451.988956
v 0.000000 -13.268864 -451.988956
v -41.089905 -11.101365 -451.988956
v -82.179810 -5.541849 -451.988956
v -123.269715 0.987661 -451.988956
v -164.359620 5.605806 -451.988956
v -205.449526 6.538055 -451.988956
v -246.539431 6.538055 -451.988956
v -287.629336 7.983419 -451.988956
v -328.719241 13.650360 -451.988956
v -369.809146 19.642599 -451.988956
v -410.899051 22.144890 -451.988956
v -451.988956 19.642599 -451.988956
v -493.078861 13.650360 -451.988956
v -534.168767 7.983419 -451.988956
v -575.258672 6.538055 -451.988956
v -616.348577 6.538055 -451.988956
v -657.438482 6.538055 -451.988956
v -657.438482 -6.538055 -451.988956
v -616.348577 -6.538055 -451.988956
v -575.258672 -6.538055 -451.988956
v -534.168767 -5.159503 -451.988956
v -493.078861 0.408882 -451.988956
v -451.988956 6.327863 -451.988956
v -410.899051 8.803123 -451.988956
v -369.809146 6.327863 -451.988956
v -328.719241 0.408882 -451.988956
v -287.629336 -5.159503 -451.988956
v -246.539431 -6.538055 -451.988956
v -205.449526 -6.538055 -451.988956
v -164.359620 -7.434555 -451.988956
v -123.269715 -11.990982 -451.988956
v -82.179810 -18.453459 -451.988956
v -41.089905 -23.967120 -451.988956
v 0.000000 -26.117889 -451.988956
v 41.089905 -23.967120 -451.988956
v 82.179810 -18.453459 -451.988956
v 123.269715 -11.990982 -451.988956
v 164.359620 -7.434555 -451.988956
v 205.449526 -5.096850 -451.988956
v 246.539431 0.923124 -451.988956
v 287.629336 7.280250 -451.988956
v 328.719241 9.938735 -451.988956
v 369.809146 7.280250 -451.988956
v 410.899051 0.923124 -451.988956
v 451.988956 -5.096850 -451.988956
v 493.078861 -6.538055 -451.988956
v 534.168767 -6.538055 -451.988956
v 575.258672 -6.538055 -451.988956
v 616.348577 -6.538055 -451.988956
v 657.438482 -6.538055 -451.988956
v 657.438482 6.538055 -534.168767
v 616.348577 6.538055 -534.168767
v 575.258672 6.538055 -534.168767
v 534.168767 6.538055 -534.168767
v 493.078861 6.538055 -534.168767
v 451.988956 6.538055 -534.168767
v 410.899051 6.538055 -534.168767
v 369.809146 6.538055 -534.168767
v 328.719241 6.538055 -534.168767
v 287.629336 6.538055 -534.168767
v 246.539431 6.538055 -534.168767
v 205.449526 6.538055 -534.168767
v 164.359620 6.538055 -534.168767
v 123.269715 5.925470 -534.168767
v 82.179810 3.523665 -534.168767
v 41.089905 0.987661 -534.168767
v 0.000000 -0.076550 -534.168767
v -41.089905 0.987661 -534.168767
v -82.179810 3.523665 -534.168767
v -123.269715 5.925470 -534.168767
v -164.359620 6.538055 -534.168767
v -205.449526 6.538055 -534.168767
v -246.539431 6.538055 -534.168767
v -287.629336 6.538055 -534.168767
v -328.719241 6.538055 -534.168767
v -369.809146 6.538055 -534.168767
v -410.899051 6.538055 -534.168767
v -451.988956 6.538055 -534.168767
v -493.078861 6.538055 -534.168767
v -534.168767 6.538055 -534.168767
v -575.258672 6.538055 -534.168767
v -616.348577 6.538055 -534.168767
v -657.438482 6.538055 -534.168767
v -657.438482 -6.538055 -534.168767
v -616.348577 -6.538055 -534.168767
v -575.258672 -6.538055 -534.168767
v -534.168767 -6.538055 -534.168767
v -493.078861 -6.538055 -534.168767
v -451.988956 -6.538055 -534.168767
v -410.899051 -6.538055 -534.168767
v -369.809146 -6.538055 -534.168767
v -328.719241 -6.538055 -534.168767
v -287.629336 -6.538055 -534.168767
v -246.539431 -6.538055 -534.168767
v -205.449526 -6.538055 -534.168767
v -164.359620 -6.538055 -534.168767
v -123.269715 -7.122324 -534.168767
v -82.179810 -9.482357 -534.168767
v -41.089905 -11.990982 -534.168767
v 0.000000 -13.040065 -534.168767
v 41.089905 -11.990982 -534.168767
v 82.179810 -9.482357 -534.168767
v 123.269715 -7.122324 -534.168767
v 164.359620 -6.538055 -534.168767
v 205.449526 -6.538055 -534.168767
v 246.539431 -6.538055 -534.168767
v 287.629336 -6.538055 -534.168767
v 328.719241 -6.538055 -534.168767
v 369.809146 -6.538055 -534.168767
v 410.899051 -6.538055 -534.168767
v 451.988956 -6.538055 -534.168767
v 493.078861 -6.538055 -534.168767
v 534.168767 -6.538055 -534.168767
v 575.258672 -6.538055 -534.168767
v 616.348577 -6.538055 -534.168767
v 657.438482 -6.538055 -534.168767
v 657.438482 -6.538055 -616.348577
v 616.348577 -6.538055 -616.348577
v 575.258672 -6.538055 -616.348577
v 534.168767 -6.538055 -616.348577
v 493.078861 -6.538055 -616.348577
v 451.988956 -6.538055 -616.348577
v 410.899051 -6.538055 -616.348577
v 369.809146 -6.538055 -616.348577
v 328.719241 -6.538055 -616.348577
v 287.629336 -6.538055 -616.348577
v 246.539431 -6.538055 -616.348577
v 205.449526 -6.538055 -616.348577
v 164.359620 -6.538055 -616.348577
v 123.269715 -6.538055 -616.348577
v 82.179810 -6.538055 -616.348577
v 41.089905 -6.538055 -616.348577
v 0.000000 -6.538055 -616.348577
v -41.089905 -6.538055 -616.348577
v -82.179810 -6.538055 -616.348577
v -123.269715 -6.538055 -616.348577
v -164.359620 -6.538055 -616.348577
v -205.449526 -6.538055 -616.348577
v -246.539431 -6.538055 -616.348577
v -287.629336 -6.538055 -616.348577
v -328.719241 -6.538055 -616.348577
v -369.809146 -6.538055 -616.348577
v -410.899051 -6.538055 -616.348577
v -451.988956 -6.538055 -616.348577
v -493.078861 -6.538055 -616.348577
v -534.168767 -6.538055 -616.348577
v -575.258672 -6.538055 -616.348577
v -616.348577 -6.538055 -616.348577
v -657.438482 -6.538055 -616.348577
v -657.438482 6.538055 -616.348577
v -616.348577 6.538055 -616.348577
v -575.258672 6.538055 -616.348577
v -534.168767 6.538055 -616.348577
v -493.078861 6.538055 -616.348577
v -451.988956 6.538055 -616.348577
v -410.899051 6.538055 -616.348577
v -369.809146 6.538055 -616.348577
v -328.719241 6.538055 -616.348577
v -287.629336 6.538055 -616.348577
v -246.539431 6.538055 -616.348577
v -205.449526 6.538055 -616.348577
v -164.359620 6.538055 -616.348577
v -123.269715 6.538055 -616.348577
v -82.179810 6.538055 -616.348577
v -41.089905 6.538055 -616.348577
v 0.000000 6.538055 -616.348577
v 41.089905 6.538055 -616.348577
v 82.179810 6.538055 -616.348577
v 123.269715 6.538055 -616.348577
v 164.359620 6.538055 -616.348577
v 205.449526 6.538055 -616.348577
v 246.539431 6.538055 -616.348577
v 287.629336 6.538055 -616.348577
v 328.719241 6.538055 -616.348577
v 369.809146 6.538055 -616.348577
v 410.899051 6.538055 -616.348577
v 451.988956 6.538055 -616.348577
v 493.078861 6.538055 -616.348577
v 534.168767 6.538055 -616.348577
v 575.258672 6.538055 -616.348577
v 616.348577 6.538055 -616.348577
v 657.438482 6.538055 -616.348577
vt 0.590998 0.500010
vt 0.000143 0.024464
vt 0.595705 0.484303
vt 0.003628 0.504448
vt 0.019029 0.519663
vt 0.596234 0.515548
vt 0.604422 0.999852
vt 0.021103 0.999688
vt 0.495427 0.018747
vt 0.495498 0.003415
vt 0.015312 0.009003
vt 0.015456 0.024314
vt 0.003561 0.502909
vt 0.605161 0.984375
vt 0.610133 0.984366
vt 0.497438 0.500171
vt 0.250209 0.501995
vt 0.591479 0.234340
vt 0.265787 0.517183
vt 0.250333 0.517307
vt 0.496433 0.250470
vt 0.252825 0.997090
vt 0.268291 0.997080
vt 0.496667 0.265930
vt 0.001463 0.255712
vt 0.016775 0.255595
vt 0.016896 0.271047
vt 0.001582 0.271167
vt 0.126376 0.503279
vt 0.593592 0.359322
vt 0.141891 0.518379
vt 0.126467 0.518590
vt 0.495130 0.126827
vt 0.129140 0.997727
vt 0.144606 0.997566
vt 0.495201 0.142289
vt 0.000782 0.131897
vt 0.016092 0.131747
vt 0.016127 0.147170
vt 0.000820 0.147320
vt 0.188244 0.502495
vt 0.592536 0.296831
vt 0.203872 0.517645
vt 0.188353 0.517788
vt 0.495603 0.188650
vt 0.190983 0.997239
vt 0.206440 0.997181
vt 0.495787 0.204101
vt 0.000982 0.193757
vt 0.016275 0.193625
vt 0.016379 0.209140
vt 0.001082 0.209265
vt 0.064910 0.503981
vt 0.594649 0.421812
vt 0.080343 0.519145
vt 0.065002 0.519296
vt 0.495192 0.064970
vt 0.067300 0.998728
vt 0.082746 0.998441
vt 0.495133 0.080427
vt 0.000504 0.070434
vt 0.015819 0.070284
vt 0.015911 0.085625
vt 0.000597 0.085775
vt 0.373983 0.500771
vt 0.589366 0.109359
vt 0.389594 0.515949
vt 0.374091 0.516071
vt 0.498542 0.374368
vt 0.376783 0.997232
vt 0.392321 0.997191
vt 0.498753 0.389899
vt 0.002214 0.379486
vt 0.017513 0.379349
vt 0.017640 0.394850
vt 0.002340 0.394988
vt 0.312026 0.501410
vt 0.327498 0.501240
vt 0.327611 0.516547
vt 0.312141 0.516720
vt 0.497450 0.312322
vt 0.314703 0.997128
vt 0.330196 0.997170
vt 0.497736 0.327807
vt 0.001861 0.317530
vt 0.017171 0.317402
vt 0.017245 0.332872
vt 0.001938 0.333002
vt 0.435925 0.500408
vt 0.588310 0.046868
vt 0.451452 0.515662
vt 0.436025 0.515714
vt 0.499232 0.436350
vt 0.438785 0.996917
vt 0.454204 0.996809
vt 0.499375 0.451768
vt 0.002836 0.441411
vt 0.018142 0.441269
vt 0.018333 0.456692
vt 0.003024 0.456835
vt 0.438613 0.750296
vt 0.454032 0.749856
vt 0.453948 0.765323
vt 0.438492 0.765645
vt 0.375483 0.751434
vt 0.391423 0.751579
vt 0.391469 0.766487
vt 0.375655 0.766406
vt 0.313061 0.749913
vt 0.328460 0.750218
vt 0.328719 0.765547
vt 0.313268 0.765315
vt 0.251821 0.749520
vt 0.267114 0.749546
vt 0.267272 0.765022
vt 0.251981 0.765016
vt 0.190464 0.749575
vt 0.205825 0.749578
vt 0.206085 0.765139
vt 0.190813 0.765104
vt 0.128678 0.749466
vt 0.144200 0.749533
vt 0.144717 0.764939
vt 0.129240 0.764841
vt 0.065260 0.749492
vt 0.081211 0.749351
vt 0.081231 0.766211
vt 0.065348 0.766043
vt 0.600195 0.749889
vt 0.018370 0.749944
vt 0.017789 0.765469
vt 0.600460 0.765511
vt 0.260861 0.003820
vt 0.595224 0.749973
vt 0.261176 0.019160
vt 0.245667 0.019992
vt 0.246109 0.082816
vt 0.245995 0.066872
vt 0.262507 0.066680
vt 0.262926 0.082563
vt 0.247257 0.145784
vt 0.246954 0.130267
vt 0.262327 0.130578
vt 0.262661 0.146054
vt 0.248265 0.207407
vt 0.248020 0.192047
vt 0.263546 0.192150
vt 0.263822 0.207421
vt 0.249206 0.268688
vt 0.248938 0.253397
vt 0.264431 0.253314
vt 0.264679 0.268603
vt 0.250843 0.330017
vt 0.250298 0.314625
vt 0.265697 0.314591
vt 0.266170 0.330037
vt 0.253194 0.392959
vt 0.252785 0.377024
vt 0.267764 0.376950
vt 0.268077 0.392766
vt 0.252462 0.455561
vt 0.252648 0.440146
vt 0.267997 0.439777
vt 0.267927 0.455232
vt 0.500008 0.749125
vt 0.252477 0.501539
vt 0.604686 0.734377
vt 0.609658 0.734368
vt 0.437644 0.622821
vt 0.453049 0.623118
vt 0.453435 0.638659
vt 0.438047 0.638325
vt 0.374632 0.622228
vt 0.390532 0.621952
vt 0.390596 0.638590
vt 0.374807 0.638687
vt 0.312383 0.624287
vt 0.327743 0.623831
vt 0.327558 0.639299
vt 0.312271 0.639814
vt 0.251282 0.625487
vt 0.266531 0.625233
vt 0.266521 0.640795
vt 0.251265 0.641071
vt 0.189042 0.625358
vt 0.204041 0.625392
vt 0.204462 0.641023
vt 0.189151 0.640986
vt 0.126724 0.626585
vt 0.142401 0.626438
vt 0.142400 0.642022
vt 0.126907 0.642080
vt 0.065461 0.626856
vt 0.080794 0.626779
vt 0.080873 0.642180
vt 0.065519 0.642242
vt 0.598082 0.624907
vt 0.019475 0.627083
vt 0.019499 0.642438
vt 0.598347 0.640530
vt 0.138029 0.007528
vt 0.593111 0.624991
vt 0.138208 0.022842
vt 0.122856 0.023060
vt 0.123531 0.084373
vt 0.123365 0.069042
vt 0.138749 0.068855
vt 0.138931 0.084207
vt 0.124167 0.145964
vt 0.124064 0.130298
vt 0.139556 0.130233
vt 0.139745 0.145717
vt 0.124105 0.207609
vt 0.123836 0.192606
vt 0.139460 0.192466
vt 0.139737 0.207775
vt 0.124926 0.270069
vt 0.124937 0.254817
vt 0.140513 0.254551
vt 0.140482 0.269810
vt 0.124510 0.331300
vt 0.124715 0.315933
vt 0.140234 0.315572
vt 0.139965 0.330865
vt 0.123641 0.394123
vt 0.123675 0.378221
vt 0.140027 0.378102
vt 0.140155 0.393917
vt 0.125802 0.456593
vt 0.125270 0.441199
vt 0.140757 0.441373
vt 0.141346 0.456731
vt 0.499017 0.623377
vt 0.126769 0.502548
vt 0.604923 0.859376
vt 0.609896 0.859367
vt 0.436487 0.561607
vt 0.451926 0.561610
vt 0.452148 0.576943
vt 0.436703 0.576898
vt 0.374398 0.561853
vt 0.389949 0.561720
vt 0.390079 0.576908
vt 0.374488 0.577051
vt 0.312407 0.562701
vt 0.327860 0.562475
vt 0.327899 0.577791
vt 0.312456 0.578055
vt 0.250806 0.563345
vt 0.266189 0.563243
vt 0.266323 0.578669
vt 0.250993 0.578777
vt 0.188655 0.564011
vt 0.204211 0.563807
vt 0.204076 0.579786
vt 0.188754 0.580098
vt 0.126559 0.564608
vt 0.141936 0.564337
vt 0.142008 0.579840
vt 0.126538 0.580021
vt 0.065220 0.565325
vt 0.080547 0.565184
vt 0.080602 0.580566
vt 0.065281 0.580695
vt 0.597026 0.562416
vt 0.019263 0.565663
vt 0.019328 0.581013
vt 0.597290 0.578039
vt 0.076644 0.008334
vt 0.592054 0.562501
vt 0.076797 0.023643
vt 0.061450 0.023821
vt 0.061946 0.085103
vt 0.061843 0.069777
vt 0.077211 0.069594
vt 0.077325 0.084915
vt 0.062080 0.146492
vt 0.062105 0.131115
vt 0.077514 0.130853
vt 0.077576 0.146316
vt 0.062531 0.208750
vt 0.062487 0.193195
vt 0.078561 0.193039
vt 0.078495 0.208366
vt 0.062954 0.270716
vt 0.062813 0.255333
vt 0.078243 0.255272
vt 0.078378 0.270603
vt 0.063171 0.332392
vt 0.063149 0.316937
vt 0.078500 0.316742
vt 0.078485 0.332188
vt 0.063415 0.394480
vt 0.063298 0.378931
vt 0.078496 0.378781
vt 0.078605 0.394371
vt 0.064283 0.456442
vt 0.064038 0.441008
vt 0.079331 0.440983
vt 0.079617 0.456422
vt 0.498007 0.561526
vt 0.064915 0.502516
vt 0.605042 0.921876
vt 0.610014 0.921866
vt 0.438086 0.686545
vt 0.454113 0.686467
vt 0.454181 0.702526
vt 0.438342 0.702587
vt 0.376812 0.686833
vt 0.390261 0.686770
vt 0.390495 0.700484
vt 0.376492 0.700904
vt 0.312072 0.687153
vt 0.327909 0.687066
vt 0.327961 0.703020
vt 0.312241 0.703042
vt 0.251274 0.687604
vt 0.266568 0.687469
vt 0.266662 0.703017
vt 0.251364 0.703091
vt 0.189563 0.688141
vt 0.205068 0.688033
vt 0.205203 0.703365
vt 0.189738 0.703440
vt 0.127533 0.688213
vt 0.143021 0.688210
vt 0.143252 0.703529
vt 0.127742 0.703538
vt 0.065625 0.688334
vt 0.081089 0.688289
vt 0.081137 0.703614
vt 0.065612 0.703665
vt 0.599139 0.687398
vt 0.019411 0.688471
vt 0.019288 0.703809
vt 0.599403 0.703021
vt 0.199327 0.006322
vt 0.594167 0.687482
vt 0.199559 0.021655
vt 0.184226 0.022020
vt 0.185039 0.083682
vt 0.184840 0.068224
vt 0.200168 0.067964
vt 0.200365 0.083484
vt 0.185930 0.145597
vt 0.185692 0.130113
vt 0.201020 0.130073
vt 0.201251 0.145581
vt 0.186728 0.207626
vt 0.186589 0.192125
vt 0.201889 0.192056
vt 0.202058 0.207518
vt 0.187141 0.269118
vt 0.187031 0.253826
vt 0.202516 0.253671
vt 0.202686 0.268967
vt 0.187714 0.330416
vt 0.187549 0.314610
vt 0.203435 0.314530
vt 0.203669 0.330224
vt 0.188408 0.392682
vt 0.188258 0.379313
vt 0.202297 0.378754
vt 0.202096 0.392734
vt 0.189120 0.456706
vt 0.188946 0.440792
vt 0.205025 0.440762
vt 0.205177 0.456508
vt 0.499918 0.686234
vt 0.189614 0.502446
vt 0.604804 0.796877
vt 0.609777 0.796867
vt 0.439301 0.873621
vt 0.454516 0.873513
vt 0.454507 0.889067
vt 0.439278 0.889235
vt 0.376940 0.874094
vt 0.391565 0.873988
vt 0.391776 0.888823
vt 0.376908 0.888689
vt 0.313839 0.873609
vt 0.329810 0.873835
vt 0.330084 0.889351
vt 0.314145 0.889274
vt 0.252618 0.873812
vt 0.267897 0.873719
vt 0.267917 0.889263
vt 0.252663 0.889356
vt 0.191357 0.874099
vt 0.206635 0.873981
vt 0.206565 0.889487
vt 0.191170 0.889590
vt 0.128450 0.874094
vt 0.144933 0.874254
vt 0.144590 0.889753
vt 0.128221 0.889414
vt 0.064527 0.875534
vt 0.080968 0.874459
vt 0.081192 0.889656
vt 0.065003 0.890797
vt 0.602309 0.874870
vt 0.016285 0.877020
vt 0.017165 0.892525
vt 0.602573 0.890493
vt 0.388264 0.001136
vt 0.597337 0.874954
vt 0.388216 0.016457
vt 0.372690 0.015801
vt 0.371107 0.080553
vt 0.371954 0.064065
vt 0.387247 0.064286
vt 0.386363 0.080508
vt 0.371934 0.144578
vt 0.371517 0.128119
vt 0.386836 0.127618
vt 0.387424 0.143972
vt 0.372634 0.206252
vt 0.372510 0.190976
vt 0.387992 0.190539
vt 0.388133 0.205931
vt 0.373336 0.267507
vt 0.373197 0.252221
vt 0.388731 0.252023
vt 0.388877 0.267280
vt 0.374422 0.329378
vt 0.373950 0.313437
vt 0.389614 0.313499
vt 0.389942 0.329418
vt 0.375570 0.391141
vt 0.375442 0.376504
vt 0.390046 0.376237
vt 0.390415 0.391110
vt 0.376107 0.454057
vt 0.375970 0.438843
vt 0.391577 0.438569
vt 0.391656 0.453799
vt 0.500321 0.873220
vt 0.376552 0.499863
vt 0.604448 0.609379
vt 0.609421 0.609369
vt 0.438613 0.811628
vt 0.454036 0.811542
vt 0.454160 0.826969
vt 0.438792 0.827005
vt 0.376023 0.811705
vt 0.391812 0.811715
vt 0.391966 0.827386
vt 0.376331 0.827512
vt 0.313404 0.811565
vt 0.328730 0.811522
vt 0.328557 0.826690
vt 0.313330 0.826847
vt 0.252337 0.811590
vt 0.267540 0.811553
vt 0.267583 0.827085
vt 0.252389 0.827132
vt 0.191733 0.811601
vt 0.206763 0.811573
vt 0.206860 0.827190
vt 0.191803 0.827243
vt 0.129914 0.812408
vt 0.146573 0.811818
vt 0.146979 0.827488
vt 0.130103 0.828039
vt 0.067099 0.814716
vt 0.081510 0.815061
vt 0.081447 0.828784
vt 0.066736 0.829069
vt 0.601252 0.812379
vt 0.015759 0.813267
vt 0.015340 0.829433
vt 0.601516 0.828002
vt 0.324583 0.000343
vt 0.596280 0.812463
vt 0.325063 0.015606
vt 0.308906 0.016309
vt 0.311772 0.081992
vt 0.311170 0.067595
vt 0.325537 0.066952
vt 0.325528 0.081837
vt 0.309517 0.147203
vt 0.309821 0.130591
vt 0.325451 0.130528
vt 0.325185 0.147385
vt 0.310250 0.207369
vt 0.310038 0.192339
vt 0.325675 0.192165
vt 0.325863 0.207220
vt 0.311195 0.268140
vt 0.310991 0.252938
vt 0.326528 0.252746
vt 0.326722 0.267940
vt 0.312130 0.329330
vt 0.311929 0.314003
vt 0.327205 0.313693
vt 0.327292 0.328915
vt 0.313326 0.392371
vt 0.313067 0.376590
vt 0.328860 0.376640
vt 0.328987 0.392273
vt 0.314144 0.454577
vt 0.313983 0.439156
vt 0.329361 0.439085
vt 0.329570 0.454452
vt 0.500074 0.811206
vt 0.314548 0.500613
vt 0.604567 0.671878
vt 0.609539 0.671868
vt 0.438914 0.935619
vt 0.454281 0.935448
vt 0.454219 0.950820
vt 0.438827 0.950965
vt 0.376774 0.936292
vt 0.392432 0.936206
vt 0.392355 0.951405
vt 0.376761 0.951471
vt 0.314525 0.935789
vt 0.329976 0.935921
vt 0.330075 0.951246
vt 0.314598 0.951158
vt 0.252727 0.935484
vt 0.268118 0.935503
vt 0.268206 0.951022
vt 0.252748 0.951022
vt 0.190871 0.935891
vt 0.206340 0.935809
vt 0.206327 0.951199
vt 0.190868 0.951258
vt 0.128784 0.936474
vt 0.144381 0.936266
vt 0.144376 0.951606
vt 0.128814 0.951794
vt 0.065956 0.937586
vt 0.081643 0.937267
vt 0.081975 0.952548
vt 0.066384 0.952855
vt 0.603365 0.937361
vt 0.019417 0.938551
vt 0.019954 0.953828
vt 0.603629 0.952983
vt 0.449641 0.002969
vt 0.598393 0.937445
vt 0.449555 0.018316
vt 0.434272 0.018011
vt 0.433944 0.080255
vt 0.434021 0.064566
vt 0.449298 0.064756
vt 0.449232 0.080348
vt 0.433913 0.143005
vt 0.433875 0.127403
vt 0.449193 0.127195
vt 0.449251 0.142761
vt 0.434432 0.204969
vt 0.434270 0.189501
vt 0.449631 0.189255
vt 0.449817 0.204713
vt 0.435106 0.266741
vt 0.434844 0.251352
vt 0.450376 0.251126
vt 0.450619 0.266580
vt 0.436494 0.328573
vt 0.436119 0.313128
vt 0.451485 0.312955
vt 0.451818 0.328425
vt 0.437773 0.390993
vt 0.437608 0.375342
vt 0.452785 0.375086
vt 0.452970 0.390673
vt 0.438022 0.452834
vt 0.437944 0.437467
vt 0.453286 0.437134
vt 0.453391 0.452526
vt 0.500263 0.935126
vt 0.438445 0.498814
vt 0.604330 0.546879
vt 0.609302 0.546870
vt 0.034255 0.504240
vt 0.595177 0.453058
vt 0.049670 0.519432
vt 0.034346 0.519553
vt 0.034642 0.580916
vt 0.034578 0.565561
vt 0.049897 0.565449
vt 0.049960 0.580811
vt 0.034828 0.642372
vt 0.034797 0.627009
vt 0.050126 0.626933
vt 0.050169 0.642307
vt 0.034678 0.703772
vt 0.034779 0.688430
vt 0.050185 0.688384
vt 0.050122 0.703722
vt 0.033240 0.765342
vt 0.033825 0.749848
vt 0.049427 0.749663
vt 0.049201 0.765534
vt 0.031801 0.829521
vt 0.032643 0.813592
vt 0.050520 0.814131
vt 0.049491 0.829401
vt 0.032564 0.892285
vt 0.031574 0.876908
vt 0.047605 0.876511
vt 0.048522 0.891781
vt 0.035367 0.953499
vt 0.034848 0.938224
vt 0.050361 0.937901
vt 0.050846 0.953173
vt 0.495350 0.034120
vt 0.036470 0.999366
vt 0.051872 0.999043
vt 0.495268 0.049532
vt 0.434185 0.033447
vt 0.449466 0.033731
vt 0.449379 0.049212
vt 0.434100 0.048967
vt 0.372817 0.031082
vt 0.388213 0.031852
vt 0.387966 0.047801
vt 0.372682 0.047088
vt 0.309498 0.033144
vt 0.325418 0.032010
vt 0.325585 0.049647
vt 0.310318 0.050972
vt 0.245833 0.035446
vt 0.261312 0.034610
vt 0.261753 0.050552
vt 0.245910 0.051047
vt 0.184436 0.037386
vt 0.199775 0.037040
vt 0.199976 0.052478
vt 0.184639 0.052789
vt 0.123027 0.038381
vt 0.138388 0.038169
vt 0.138569 0.053508
vt 0.123197 0.053709
vt 0.061591 0.039135
vt 0.076944 0.038957
vt 0.077083 0.054274
vt 0.061723 0.054454
vt 0.000276 0.039781
vt 0.015589 0.039630
vt 0.015711 0.054953
vt 0.000397 0.055103
vt 0.095607 0.503662
vt 0.594120 0.390567
vt 0.111071 0.518791
vt 0.095699 0.518976
vt 0.095920 0.580417
vt 0.095878 0.565023
vt 0.111214 0.564834
vt 0.111233 0.580241
vt 0.096227 0.642125
vt 0.096121 0.626703
vt 0.111430 0.626637
vt 0.111573 0.642086
vt 0.096678 0.703576
vt 0.096566 0.688251
vt 0.112049 0.688226
vt 0.112216 0.703552
vt 0.097112 0.765837
vt 0.097171 0.749332
vt 0.113030 0.749368
vt 0.113261 0.765145
vt 0.095488 0.828852
vt 0.095607 0.814621
vt 0.112036 0.813539
vt 0.111900 0.828634
vt 0.096710 0.888939
vt 0.096603 0.873870
vt 0.112274 0.873861
vt 0.112162 0.888987
vt 0.097593 0.952270
vt 0.097373 0.936978
vt 0.113101 0.936707
vt 0.113214 0.952014
vt 0.495098 0.095892
vt 0.098208 0.998170
vt 0.113674 0.997932
vt 0.495096 0.111360
vt 0.433866 0.111718
vt 0.433895 0.095988
vt 0.449190 0.095970
vt 0.449174 0.111594
vt 0.371029 0.111925
vt 0.370771 0.096206
vt 0.385887 0.096077
vt 0.386166 0.111559
vt 0.310665 0.112712
vt 0.311530 0.096207
vt 0.325772 0.095791
vt 0.325766 0.112243
vt 0.246620 0.114619
vt 0.246339 0.098768
vt 0.262800 0.098454
vt 0.262372 0.114607
vt 0.185464 0.114633
vt 0.185246 0.099155
vt 0.200573 0.099019
vt 0.200792 0.114551
vt 0.123874 0.115005
vt 0.123699 0.099698
vt 0.139119 0.099557
vt 0.139322 0.114901
vt 0.062085 0.115769
vt 0.062030 0.100434
vt 0.077421 0.100233
vt 0.077489 0.115546
vt 0.000673 0.101130
vt 0.015988 0.100980
vt 0.016047 0.116352
vt 0.000734 0.116502
vt 0.157255 0.502865
vt 0.593064 0.328076
vt 0.172840 0.517964
vt 0.157349 0.518166
vt 0.157778 0.579894
vt 0.157480 0.564165
vt 0.173101 0.564117
vt 0.173432 0.580084
vt 0.158181 0.641714
vt 0.158409 0.626087
vt 0.174041 0.625648
vt 0.173835 0.641264
vt 0.158755 0.703514
vt 0.158521 0.688207
vt 0.174038 0.688190
vt 0.174251 0.703487
vt 0.160095 0.764979
vt 0.159647 0.749545
vt 0.175067 0.749556
vt 0.175476 0.765033
vt 0.161883 0.827354
vt 0.161687 0.811670
vt 0.176684 0.811640
vt 0.176786 0.827314
vt 0.160475 0.889805
vt 0.160852 0.874265
vt 0.176124 0.874197
vt 0.175843 0.889704
vt 0.159901 0.951457
vt 0.159922 0.936106
vt 0.175413 0.935982
vt 0.175396 0.951343
vt 0.495305 0.157746
vt 0.160069 0.997429
vt 0.175527 0.997321
vt 0.495441 0.173200
vt 0.434117 0.174042
vt 0.433997 0.158549
vt 0.449344 0.158287
vt 0.449472 0.173783
vt 0.372367 0.175744
vt 0.372194 0.160477
vt 0.387722 0.159844
vt 0.387863 0.175211
vt 0.309835 0.177292
vt 0.309622 0.162298
vt 0.325303 0.162257
vt 0.325504 0.177153
vt 0.247759 0.176652
vt 0.247508 0.161232
vt 0.262939 0.161434
vt 0.263235 0.176815
vt 0.186395 0.176605
vt 0.186169 0.161093
vt 0.201478 0.161080
vt 0.201693 0.176573
vt 0.123886 0.177596
vt 0.124073 0.161963
vt 0.139691 0.161492
vt 0.139494 0.177146
vt 0.062348 0.177645
vt 0.062152 0.162031
vt 0.077876 0.162073
vt 0.078307 0.177717
vt 0.000860 0.162774
vt 0.016161 0.162627
vt 0.016206 0.178114
vt 0.000910 0.178256
vt 0.219256 0.502225
vt 0.592007 0.265586
vt 0.234866 0.517418
vt 0.219379 0.517527
vt 0.219731 0.579288
vt 0.219840 0.563540
vt 0.235401 0.563395
vt 0.235507 0.578916
vt 0.220095 0.641226
vt 0.219660 0.625562
vt 0.235643 0.625630
vt 0.235834 0.641277
vt 0.220633 0.703276
vt 0.220527 0.687897
vt 0.235928 0.687749
vt 0.236021 0.703181
vt 0.221347 0.765115
vt 0.221166 0.749559
vt 0.236503 0.749528
vt 0.236655 0.765057
vt 0.221976 0.827176
vt 0.221848 0.811581
vt 0.237067 0.811599
vt 0.237180 0.827173
vt 0.222026 0.889428
vt 0.221987 0.873903
vt 0.237328 0.873873
vt 0.237411 0.889401
vt 0.221805 0.951137
vt 0.221854 0.935690
vt 0.237330 0.935558
vt 0.237287 0.951064
vt 0.495990 0.219554
vt 0.221898 0.997138
vt 0.237360 0.997108
vt 0.496207 0.235010
vt 0.434674 0.235956
vt 0.434560 0.220480
vt 0.449999 0.220188
vt 0.450173 0.235668
vt 0.373012 0.236938
vt 0.372799 0.221601
vt 0.388318 0.221389
vt 0.388534 0.236770
vt 0.310758 0.237670
vt 0.310498 0.222454
vt 0.326089 0.222335
vt 0.326327 0.237537
vt 0.248703 0.238082
vt 0.248490 0.222747
vt 0.264041 0.222683
vt 0.264227 0.237990
vt 0.186932 0.238482
vt 0.186836 0.223083
vt 0.202213 0.222946
vt 0.202362 0.238330
vt 0.124834 0.239188
vt 0.124517 0.223220
vt 0.140181 0.223399
vt 0.140476 0.239126
vt 0.062620 0.239932
vt 0.062516 0.224376
vt 0.078251 0.224022
vt 0.078135 0.239793
vt 0.001204 0.224764
vt 0.016506 0.224645
vt 0.016642 0.240129
vt 0.001334 0.240246
vt 0.281114 0.501729
vt 0.590951 0.203095
vt 0.296684 0.516888
vt 0.281234 0.517043
vt 0.281674 0.578504
vt 0.281578 0.563095
vt 0.296982 0.562911
vt 0.297050 0.578296
vt 0.281773 0.640519
vt 0.281791 0.624964
vt 0.297073 0.624657
vt 0.297021 0.640205
vt 0.281913 0.702973
vt 0.281806 0.687351
vt 0.296970 0.687246
vt 0.297104 0.702974
vt 0.282561 0.765067
vt 0.282409 0.749605
vt 0.297720 0.749719
vt 0.297888 0.765163
vt 0.282897 0.827055
vt 0.282843 0.811565
vt 0.298149 0.811583
vt 0.298163 0.826973
vt 0.283296 0.889181
vt 0.283197 0.873649
vt 0.298490 0.873610
vt 0.298710 0.889192
vt 0.283679 0.951061
vt 0.283581 0.935594
vt 0.299075 0.935694
vt 0.299146 0.951104
vt 0.496913 0.281390
vt 0.283757 0.997081
vt 0.299225 0.997097
vt 0.497174 0.296852
vt 0.435782 0.297686
vt 0.435439 0.282198
vt 0.450902 0.282048
vt 0.451188 0.297509
vt 0.373714 0.298102
vt 0.373511 0.282808
vt 0.389039 0.282658
vt 0.389292 0.298070
vt 0.311709 0.298748
vt 0.311450 0.283443
vt 0.326936 0.283253
vt 0.327097 0.298518
vt 0.249862 0.299287
vt 0.249508 0.283980
vt 0.264967 0.283890
vt 0.265303 0.299214
vt 0.187402 0.299515
vt 0.187265 0.284354
vt 0.202884 0.284215
vt 0.203126 0.299402
vt 0.124839 0.300618
vt 0.124901 0.285332
vt 0.140450 0.285065
vt 0.140380 0.300317
vt 0.063112 0.301510
vt 0.063051 0.286105
vt 0.078457 0.285956
vt 0.078494 0.301334
vt 0.001687 0.286617
vt 0.017001 0.286494
vt 0.017092 0.301944
vt 0.001779 0.302069
vt 0.342983 0.501072
vt 0.589894 0.140604
vt 0.358589 0.516215
vt 0.343094 0.516376
vt 0.343384 0.577519
vt 0.343343 0.562247
vt 0.358859 0.562034
vt 0.358916 0.577263
vt 0.343115 0.638853
vt 0.343201 0.623287
vt 0.358835 0.622726
vt 0.358898 0.638589
vt 0.344392 0.702691
vt 0.344613 0.686983
vt 0.361586 0.686903
vt 0.361129 0.701827
vt 0.344259 0.765844
vt 0.343961 0.750628
vt 0.359641 0.751064
vt 0.359903 0.766157
vt 0.344383 0.826810
vt 0.344288 0.811522
vt 0.360154 0.811603
vt 0.360513 0.827222
vt 0.346334 0.889223
vt 0.346430 0.874076
vt 0.362316 0.874158
vt 0.362027 0.888911
vt 0.345593 0.951353
vt 0.345491 0.936102
vt 0.361107 0.936239
vt 0.361161 0.951440
vt 0.498023 0.343311
vt 0.345709 0.997210
vt 0.361241 0.997235
vt 0.498296 0.358834
vt 0.437303 0.359684
vt 0.436918 0.344080
vt 0.452170 0.343935
vt 0.452504 0.359494
vt 0.375270 0.361869
vt 0.374931 0.345977
vt 0.390078 0.345652
vt 0.390024 0.361345
vt 0.312712 0.360732
vt 0.312379 0.344880
vt 0.327650 0.344710
vt 0.328312 0.360825
vt 0.252172 0.361185
vt 0.251492 0.345513
vt 0.266709 0.345570
vt 0.267266 0.361207
vt 0.188086 0.364061
vt 0.187895 0.347055
vt 0.203620 0.346604
vt 0.203016 0.363360
vt 0.123912 0.362412
vt 0.124219 0.346768
vt 0.139764 0.346423
vt 0.139721 0.362197
vt 0.063228 0.363392
vt 0.063192 0.347877
vt 0.078463 0.347676
vt 0.078457 0.363209
vt 0.002018 0.348487
vt 0.017322 0.348354
vt 0.017409 0.363848
vt 0.002108 0.363983
vt 0.404986 0.500550
vt 0.588838 0.078113
vt 0.420569 0.515774
vt 0.405090 0.515851
vt 0.405661 0.576850
vt 0.405491 0.561643
vt 0.421007 0.561612
vt 0.421207 0.576857
vt 0.406480 0.638286
vt 0.406403 0.622086
vt 0.422111 0.622443
vt 0.422445 0.638032
vt 0.404911 0.701027
vt 0.404181 0.686705
vt 0.420580 0.686628
vt 0.421258 0.701988
vt 0.407257 0.766308
vt 0.407327 0.751309
vt 0.423061 0.750813
vt 0.422936 0.765994
vt 0.407716 0.827105
vt 0.407532 0.811694
vt 0.423121 0.811680
vt 0.423367 0.826990
vt 0.407431 0.889117
vt 0.407206 0.873863
vt 0.423469 0.873738
vt 0.423561 0.889296
vt 0.407904 0.951279
vt 0.408023 0.936039
vt 0.423504 0.935822
vt 0.423392 0.951123
vt 0.498933 0.405412
vt 0.407840 0.997120
vt 0.423330 0.997024
vt 0.499089 0.420898
vt 0.437896 0.422058
vt 0.437857 0.406578
vt 0.453096 0.406217
vt 0.453193 0.421702
vt 0.375832 0.423026
vt 0.375696 0.406776
vt 0.390955 0.406755
vt 0.391388 0.422866
vt 0.313788 0.423667
vt 0.313557 0.408083
vt 0.328962 0.408020
vt 0.329100 0.423665
vt 0.252914 0.424597
vt 0.253160 0.408865
vt 0.268154 0.408548
vt 0.268094 0.424224
vt 0.188751 0.423261
vt 0.188565 0.406663
vt 0.202934 0.407208
vt 0.204189 0.423688
vt 0.124649 0.425683
vt 0.124042 0.409990
vt 0.140121 0.409839
vt 0.140176 0.425805
vt 0.063799 0.425532
vt 0.063585 0.410019
vt 0.078795 0.409950
vt 0.079047 0.425492
vt 0.002488 0.410482
vt 0.017789 0.410342
vt 0.017958 0.425818
vt 0.002655 0.425958
vt 0.466751 0.500299
vt 0.587781 0.015623
vt 0.482206 0.515554
vt 0.466846 0.515611
vt 0.467545 0.576969
vt 0.467324 0.561605
vt 0.482682 0.561580
vt 0.482903 0.576965
vt 0.468715 0.638896
vt 0.468391 0.623303
vt 0.483707 0.623385
vt 0.483995 0.638994
vt 0.469543 0.702329
vt 0.469489 0.686389
vt 0.484655 0.686311
vt 0.484735 0.702151
vt 0.469333 0.765055
vt 0.469379 0.749524
vt 0.484699 0.749285
vt 0.484676 0.764847
vt 0.469503 0.826894
vt 0.469412 0.811435
vt 0.484755 0.811321
vt 0.484828 0.826799
vt 0.469758 0.888931
vt 0.469750 0.873409
vt 0.485024 0.873311
vt 0.485037 0.888821
vt 0.469580 0.950697
vt 0.469624 0.935309
vt 0.484950 0.935202
vt 0.484918 0.950599
vt 0.499526 0.467151
vt 0.469589 0.996711
vt 0.484941 0.996629
vt 0.499693 0.482504
vt 0.438273 0.483501
vt 0.438132 0.468176
vt 0.453517 0.467886
vt 0.453668 0.483222
vt 0.376397 0.484566
vt 0.376249 0.469292
vt 0.391767 0.469051
vt 0.391903 0.484330
vt 0.314416 0.485295
vt 0.314284 0.469952
vt 0.329741 0.469794
vt 0.329893 0.485118
vt 0.252390 0.486230
vt 0.252381 0.470910
vt 0.267909 0.470617
vt 0.267949 0.485960
vt 0.189449 0.487182
vt 0.189286 0.472019
vt 0.205212 0.471818
vt 0.205279 0.487011
vt 0.126540 0.487241
vt 0.126223 0.471928
vt 0.141816 0.472002
vt 0.142150 0.487279
vt 0.064730 0.487193
vt 0.064517 0.471836
vt 0.079883 0.471816
vt 0.080116 0.487171
vt 0.003211 0.472227
vt 0.018522 0.472082
vt 0.018705 0.487439
vt 0.003391 0.487585
vt 0.466973 0.530931
vt 0.482333 0.530880
vt 0.482492 0.546220
vt 0.467133 0.546261
vt 0.436151 0.531016
vt 0.451580 0.530973
vt 0.451737 0.546289
vt 0.436305 0.546314
vt 0.405208 0.531136
vt 0.420693 0.531066
vt 0.420838 0.546347
vt 0.405341 0.546402
vt 0.374197 0.531354
vt 0.389707 0.531230
vt 0.389824 0.546490
vt 0.374300 0.546617
vt 0.343193 0.531674
vt 0.358690 0.531504
vt 0.358781 0.546778
vt 0.343277 0.546965
vt 0.312245 0.532038
vt 0.327710 0.531855
vt 0.327795 0.547164
vt 0.312335 0.547364
vt 0.281353 0.532372
vt 0.296794 0.532212
vt 0.296894 0.547552
vt 0.281468 0.547721
vt 0.250473 0.532629
vt 0.265915 0.532512
vt 0.266050 0.547862
vt 0.250629 0.547970
vt 0.219524 0.532816
vt 0.235013 0.532727
vt 0.235189 0.548044
vt 0.219706 0.548095
vt 0.188456 0.533045
vt 0.204002 0.532915
vt 0.204151 0.548168
vt 0.188556 0.548284
vt 0.157410 0.533453
vt 0.172916 0.533234
vt 0.172965 0.548485
vt 0.157424 0.548729
vt 0.126528 0.533910
vt 0.141949 0.533685
vt 0.141965 0.548997
vt 0.126559 0.549245
vt 0.095773 0.534306
vt 0.111139 0.534118
vt 0.111185 0.549463
vt 0.095831 0.549654
vt 0.065083 0.534624
vt 0.080422 0.534475
vt 0.080489 0.549821
vt 0.065155 0.549967
vt 0.034430 0.534879
vt 0.049753 0.534759
vt 0.049828 0.550098
vt 0.034507 0.550215
vt 0.596498 0.531171
vt 0.019114 0.534987
vt 0.019192 0.550320
vt 0.596762 0.546794
vt 0.045963 0.008682
vt 0.591526 0.531255
vt 0.046110 0.023992
vt 0.030778 0.024156
vt 0.031036 0.054794
vt 0.030913 0.039472
vt 0.046247 0.039307
vt 0.046374 0.054627
vt 0.031240 0.085462
vt 0.031146 0.070124
vt 0.046487 0.069954
vt 0.046585 0.085287
vt 0.031373 0.116179
vt 0.031316 0.100813
vt 0.046663 0.100629
vt 0.046717 0.115983
vt 0.031432 0.146987
vt 0.031411 0.131567
vt 0.046744 0.131357
vt 0.046743 0.146763
vt 0.031475 0.177951
vt 0.031448 0.162447
vt 0.046723 0.162221
vt 0.046725 0.177759
vt 0.031650 0.209029
vt 0.031534 0.193487
vt 0.046772 0.193346
vt 0.046904 0.208936
vt 0.031951 0.240033
vt 0.031796 0.224547
vt 0.047078 0.224485
vt 0.047270 0.239965
vt 0.032225 0.270932
vt 0.032098 0.255491
vt 0.047439 0.255403
vt 0.047574 0.270823
vt 0.032416 0.301810
vt 0.032330 0.286369
vt 0.047678 0.286241
vt 0.047755 0.301667
vt 0.032553 0.332728
vt 0.032488 0.317262
vt 0.047813 0.317108
vt 0.047861 0.332569
vt 0.032698 0.363706
vt 0.032620 0.348210
vt 0.047911 0.348052
vt 0.047973 0.363555
vt 0.032922 0.394719
vt 0.032797 0.379212
vt 0.048061 0.379073
vt 0.048183 0.394596
vt 0.033251 0.425699
vt 0.033074 0.410218
vt 0.048342 0.410110
vt 0.048532 0.425603
vt 0.033644 0.456578
vt 0.033444 0.441154
vt 0.048742 0.441066
vt 0.048960 0.456494
vt 0.034030 0.487326
vt 0.033842 0.471969
vt 0.049172 0.471887
vt 0.049371 0.487244
vt 0.497658 0.530815
vt 0.034203 0.502650
vt 0.605101 0.953125
vt 0.610074 0.953116
vt 0.468082 0.607801
vt 0.467798 0.592363
vt 0.483150 0.592385
vt 0.483421 0.607853
vt 0.436960 0.592189
vt 0.452407 0.592294
vt 0.452705 0.607677
vt 0.437270 0.607490
vt 0.406100 0.607088
vt 0.405860 0.592006
vt 0.421446 0.592078
vt 0.421740 0.607271
vt 0.374562 0.592190
vt 0.390217 0.592030
vt 0.390366 0.607044
vt 0.374609 0.607241
vt 0.343338 0.608033
vt 0.343388 0.592781
vt 0.358942 0.592458
vt 0.358922 0.607608
vt 0.312473 0.593430
vt 0.327902 0.593115
vt 0.327857 0.608455
vt 0.312451 0.608835
vt 0.281787 0.609440
vt 0.281747 0.593952
vt 0.297091 0.593711
vt 0.297100 0.609162
vt 0.251149 0.594298
vt 0.266437 0.594148
vt 0.266514 0.609677
vt 0.251259 0.609882
vt 0.219408 0.610241
vt 0.219482 0.594926
vt 0.235482 0.594521
vt 0.235514 0.610069
vt 0.188851 0.595710
vt 0.203854 0.595401
vt 0.203780 0.610395
vt 0.188945 0.610531
vt 0.158470 0.610794
vt 0.158212 0.595507
vt 0.173845 0.595683
vt 0.174107 0.610662
vt 0.126541 0.595511
vt 0.142208 0.595415
vt 0.142351 0.610925
vt 0.126589 0.611048
vt 0.096032 0.611269
vt 0.095968 0.595835
vt 0.111261 0.595686
vt 0.111317 0.611161
vt 0.065340 0.596077
vt 0.080658 0.595963
vt 0.080721 0.611370
vt 0.065400 0.611466
vt 0.034753 0.611643
vt 0.034701 0.596278
vt 0.050020 0.596181
vt 0.050075 0.611557
vt 0.597554 0.593662
vt 0.019386 0.596368
vt 0.019435 0.611725
vt 0.597818 0.609285
vt 0.107340 0.007955
vt 0.592583 0.593746
vt 0.107503 0.023265
vt 0.092149 0.023458
vt 0.092450 0.054091
vt 0.092303 0.038773
vt 0.107665 0.038581
vt 0.107823 0.053903
vt 0.092720 0.084727
vt 0.092590 0.069410
vt 0.107977 0.069226
vt 0.108125 0.084546
vt 0.092930 0.115329
vt 0.092835 0.100036
vt 0.108266 0.099855
vt 0.108401 0.115140
vt 0.093149 0.146265
vt 0.092999 0.130610
vt 0.108530 0.130411
vt 0.108657 0.146160
vt 0.093908 0.177878
vt 0.093489 0.162253
vt 0.108781 0.162265
vt 0.108896 0.177899
vt 0.094101 0.207900
vt 0.094170 0.192888
vt 0.109000 0.192745
vt 0.109098 0.207590
vt 0.093732 0.239523
vt 0.093880 0.223531
vt 0.109193 0.223215
vt 0.109276 0.239309
vt 0.093853 0.270470
vt 0.093761 0.255182
vt 0.109339 0.255043
vt 0.109377 0.270299
vt 0.093905 0.301130
vt 0.093901 0.285782
vt 0.109384 0.285576
vt 0.109351 0.300892
vt 0.093805 0.331948
vt 0.093871 0.316516
vt 0.109271 0.316249
vt 0.109140 0.331659
vt 0.093651 0.362996
vt 0.093722 0.347439
vt 0.108971 0.347147
vt 0.108799 0.362738
vt 0.093731 0.394273
vt 0.093636 0.378617
vt 0.108688 0.378429
vt 0.108750 0.394190
vt 0.094272 0.425492
vt 0.093956 0.409912
vt 0.109043 0.409918
vt 0.109471 0.425547
vt 0.094970 0.456439
vt 0.094626 0.440999
vt 0.109931 0.441066
vt 0.110357 0.456495
vt 0.095538 0.487175
vt 0.095279 0.471826
vt 0.110719 0.471866
vt 0.111008 0.487201
vt 0.498472 0.592353
vt 0.095744 0.502495
vt 0.604982 0.890626
vt 0.609955 0.890616
vt 0.469300 0.670452
vt 0.469030 0.654607
vt 0.484264 0.654693
vt 0.484492 0.670475
vt 0.438259 0.654257
vt 0.453751 0.654428
vt 0.453940 0.670410
vt 0.438107 0.670503
vt 0.404714 0.672379
vt 0.405791 0.655927
vt 0.422038 0.654763
vt 0.421039 0.671265
vt 0.375460 0.656487
vt 0.390483 0.656689
vt 0.390312 0.673056
vt 0.376308 0.672764
vt 0.344199 0.671275
vt 0.343446 0.655026
vt 0.359711 0.655628
vt 0.360939 0.671983
vt 0.312139 0.655455
vt 0.327554 0.655102
vt 0.327773 0.671108
vt 0.312063 0.671258
vt 0.281758 0.671720
vt 0.281753 0.656106
vt 0.296964 0.655823
vt 0.296937 0.671511
vt 0.251231 0.656603
vt 0.266508 0.656354
vt 0.266518 0.671912
vt 0.251229 0.672109
vt 0.220479 0.672536
vt 0.220402 0.657022
vt 0.235906 0.656871
vt 0.235889 0.672318
vt 0.189275 0.657100
vt 0.204810 0.657036
vt 0.204975 0.672723
vt 0.189411 0.672863
vt 0.158278 0.672914
vt 0.158102 0.657461
vt 0.173728 0.657255
vt 0.173830 0.672912
vt 0.127122 0.657499
vt 0.142536 0.657535
vt 0.142787 0.672886
vt 0.127332 0.672870
vt 0.096455 0.672900
vt 0.096341 0.657525
vt 0.111730 0.657498
vt 0.111890 0.672876
vt 0.065570 0.657619
vt 0.080953 0.657568
vt 0.081026 0.672939
vt 0.065608 0.672984
vt 0.034829 0.673084
vt 0.034841 0.657731
vt 0.050198 0.657675
vt 0.050207 0.673034
vt 0.598611 0.656153
vt 0.019503 0.657788
vt 0.019477 0.673132
vt 0.598875 0.671775
vt 0.168692 0.007012
vt 0.593639 0.656237
vt 0.168893 0.022333
vt 0.153553 0.022601
vt 0.153934 0.053292
vt 0.153744 0.037939
vt 0.169093 0.037680
vt 0.169292 0.053056
vt 0.154318 0.084040
vt 0.154125 0.068661
vt 0.169489 0.068453
vt 0.169688 0.083867
vt 0.154734 0.114810
vt 0.154518 0.099424
vt 0.169894 0.099291
vt 0.170112 0.114722
vt 0.155252 0.145607
vt 0.154976 0.130199
vt 0.170348 0.130159
vt 0.170605 0.145611
vt 0.155469 0.176788
vt 0.155426 0.161166
vt 0.170873 0.161097
vt 0.171116 0.176642
vt 0.155741 0.207864
vt 0.155562 0.192332
vt 0.171312 0.192217
vt 0.171418 0.207777
vt 0.156062 0.238948
vt 0.155970 0.223449
vt 0.171476 0.223277
vt 0.171504 0.238686
vt 0.156035 0.269551
vt 0.156039 0.254273
vt 0.171541 0.254026
vt 0.171589 0.269315
vt 0.155991 0.300011
vt 0.156030 0.284798
vt 0.171639 0.284553
vt 0.171672 0.299732
vt 0.155754 0.330593
vt 0.155866 0.315189
vt 0.171659 0.314855
vt 0.171754 0.330542
vt 0.156733 0.362684
vt 0.155909 0.346458
vt 0.172161 0.346908
vt 0.173141 0.363643
vt 0.158265 0.393474
vt 0.157844 0.378430
vt 0.174209 0.379015
vt 0.174725 0.392985
vt 0.156821 0.425194
vt 0.157712 0.408866
vt 0.174212 0.407466
vt 0.173327 0.423958
vt 0.157098 0.456815
vt 0.156649 0.441376
vt 0.172871 0.441036
vt 0.173064 0.456777
vt 0.157845 0.487297
vt 0.157525 0.472065
vt 0.173361 0.472083
vt 0.173621 0.487272
vt 0.499549 0.654681
vt 0.158072 0.502581
vt 0.604864 0.828127
vt 0.609836 0.828117
vt 0.469450 0.733908
vt 0.469517 0.718184
vt 0.484752 0.717941
vt 0.484731 0.733655
vt 0.438737 0.718836
vt 0.454236 0.718515
vt 0.454166 0.734297
vt 0.438770 0.734778
vt 0.407163 0.735106
vt 0.406219 0.717469
vt 0.422496 0.718483
vt 0.423154 0.735215
vt 0.375858 0.717186
vt 0.390889 0.716848
vt 0.391253 0.734944
vt 0.375441 0.734984
vt 0.343698 0.735092
vt 0.343836 0.718936
vt 0.360109 0.718185
vt 0.359510 0.735219
vt 0.312491 0.718825
vt 0.327927 0.719013
vt 0.328110 0.734789
vt 0.312792 0.734433
vt 0.282235 0.734106
vt 0.282062 0.718562
vt 0.297296 0.718639
vt 0.297513 0.734218
vt 0.251491 0.718572
vt 0.266793 0.718548
vt 0.266949 0.734058
vt 0.251648 0.734046
vt 0.220969 0.734077
vt 0.220784 0.718669
vt 0.236155 0.718617
vt 0.236323 0.734057
vt 0.189941 0.718772
vt 0.205377 0.718722
vt 0.205586 0.734102
vt 0.190177 0.734132
vt 0.159296 0.734177
vt 0.159007 0.718837
vt 0.174483 0.718812
vt 0.174747 0.734158
vt 0.127978 0.718852
vt 0.143507 0.718849
vt 0.143814 0.734179
vt 0.128275 0.734158
vt 0.096957 0.734108
vt 0.096800 0.718867
vt 0.112408 0.718854
vt 0.112659 0.734127
vt 0.065560 0.718970
vt 0.081172 0.718902
vt 0.081196 0.734124
vt 0.065448 0.734236
vt 0.034232 0.734464
vt 0.034505 0.719114
vt 0.049998 0.719048
vt 0.049784 0.734359
vt 0.599667 0.718643
vt 0.019090 0.719154
vt 0.018792 0.734522
vt 0.599931 0.734266
vt 0.229985 0.005320
vt 0.594696 0.718727
vt 0.230256 0.020666
vt 0.214895 0.021209
vt 0.215300 0.052109
vt 0.215113 0.036623
vt 0.230455 0.036099
vt 0.230609 0.051649
vt 0.215656 0.083272
vt 0.215475 0.067665
vt 0.230741 0.067308
vt 0.230886 0.083048
vt 0.216096 0.114495
vt 0.215867 0.098893
vt 0.231114 0.098802
vt 0.231373 0.114498
vt 0.216573 0.145588
vt 0.216335 0.130061
vt 0.231643 0.130110
vt 0.231903 0.145647
vt 0.217018 0.176559
vt 0.216802 0.161086
vt 0.232141 0.161128
vt 0.232364 0.176578
vt 0.217414 0.207448
vt 0.217222 0.192015
vt 0.232580 0.192007
vt 0.232793 0.207413
vt 0.217796 0.238221
vt 0.217605 0.222852
vt 0.233012 0.222794
vt 0.233235 0.238146
vt 0.218214 0.268854
vt 0.217995 0.253555
vt 0.233467 0.253467
vt 0.233720 0.268766
vt 0.218788 0.299349
vt 0.218470 0.284120
vt 0.234010 0.284050
vt 0.234364 0.299323
vt 0.219652 0.329955
vt 0.219213 0.314539
vt 0.234819 0.314596
vt 0.235417 0.329906
vt 0.219394 0.362090
vt 0.219848 0.345837
vt 0.235970 0.345482
vt 0.236378 0.361277
vt 0.218563 0.392925
vt 0.218643 0.377865
vt 0.236442 0.377208
vt 0.236679 0.393045
vt 0.220723 0.424639
vt 0.219465 0.408316
vt 0.237078 0.408985
vt 0.237385 0.424972
vt 0.221148 0.456281
vt 0.221257 0.440829
vt 0.237155 0.440565
vt 0.236907 0.455942
vt 0.221061 0.486779
vt 0.221052 0.471541
vt 0.236771 0.471227
vt 0.236764 0.486509
vt 0.500034 0.717793
vt 0.221158 0.502062
vt 0.604745 0.765627
vt 0.609717 0.765618
vt 0.469349 0.795988
vt 0.469321 0.780535
vt 0.484675 0.780361
vt 0.484702 0.795847
vt 0.438459 0.780969
vt 0.453922 0.780741
vt 0.453953 0.796140
vt 0.438500 0.796291
vt 0.407348 0.796523
vt 0.407264 0.781384
vt 0.422910 0.781197
vt 0.422969 0.796424
vt 0.375789 0.781445
vt 0.391539 0.781480
vt 0.391644 0.796572
vt 0.375896 0.796553
vt 0.344452 0.796320
vt 0.344431 0.781066
vt 0.360081 0.781276
vt 0.360149 0.796440
vt 0.313399 0.780737
vt 0.328865 0.780882
vt 0.328871 0.796237
vt 0.313443 0.796187
vt 0.282764 0.796054
vt 0.282675 0.780540
vt 0.298011 0.780629
vt 0.298099 0.796130
vt 0.252121 0.780532
vt 0.267403 0.780501
vt 0.267484 0.796021
vt 0.252252 0.796055
vt 0.221679 0.796099
vt 0.221513 0.780642
vt 0.236785 0.780586
vt 0.236923 0.796083
vt 0.191190 0.780620
vt 0.206347 0.780663
vt 0.206579 0.796104
vt 0.191519 0.796090
vt 0.161218 0.796034
vt 0.160646 0.780482
vt 0.175945 0.780544
vt 0.176379 0.796064
vt 0.129491 0.780700
vt 0.145347 0.780436
vt 0.145970 0.796101
vt 0.129488 0.796705
vt 0.095906 0.799788
vt 0.096556 0.783352
vt 0.112817 0.781831
vt 0.112172 0.798131
vt 0.065986 0.783601
vt 0.081283 0.784126
vt 0.081375 0.800654
vt 0.066823 0.800054
vt 0.032952 0.797626
vt 0.032941 0.781380
vt 0.049673 0.782336
vt 0.050457 0.798747
vt 0.600724 0.781134
vt 0.017094 0.781169
vt 0.016397 0.797143
vt 0.600988 0.796757
vt 0.292363 0.001933
vt 0.595752 0.781218
vt 0.292803 0.017230
vt 0.276855 0.018204
vt 0.278527 0.050721
vt 0.277320 0.034027
vt 0.293545 0.033741
vt 0.294931 0.051200
vt 0.280789 0.082323
vt 0.280031 0.067013
vt 0.296485 0.067560
vt 0.297309 0.082138
vt 0.279008 0.113925
vt 0.280260 0.097634
vt 0.296669 0.096743
vt 0.295267 0.113064
vt 0.278154 0.146439
vt 0.278158 0.130599
vt 0.294132 0.130380
vt 0.293808 0.146829
vt 0.278743 0.177038
vt 0.278440 0.161738
vt 0.293989 0.162067
vt 0.294261 0.177229
vt 0.279344 0.207438
vt 0.279060 0.192281
vt 0.294529 0.192367
vt 0.294783 0.207428
vt 0.279751 0.237876
vt 0.279564 0.222605
vt 0.295019 0.222528
vt 0.295245 0.237770
vt 0.280154 0.268491
vt 0.279942 0.253211
vt 0.295461 0.253097
vt 0.295669 0.268329
vt 0.280764 0.299095
vt 0.280435 0.283761
vt 0.295944 0.283607
vt 0.296260 0.298940
vt 0.281502 0.329942
vt 0.281115 0.314480
vt 0.296558 0.314282
vt 0.296852 0.329708
vt 0.282385 0.361144
vt 0.281930 0.345502
vt 0.297180 0.345283
vt 0.297548 0.360972
vt 0.283084 0.392589
vt 0.282798 0.376846
vt 0.297911 0.376710
vt 0.298180 0.392449
vt 0.283299 0.423950
vt 0.283236 0.408309
vt 0.298380 0.408147
vt 0.298529 0.423763
vt 0.283343 0.454960
vt 0.283322 0.439497
vt 0.298644 0.439291
vt 0.298742 0.454743
vt 0.283460 0.485711
vt 0.283386 0.470358
vt 0.298838 0.470137
vt 0.298944 0.485490
vt 0.499996 0.780222
vt 0.283568 0.501032
vt 0.604627 0.703128
vt 0.609599 0.703118
vt 0.469694 0.857884
vt 0.469604 0.842376
vt 0.484908 0.842290
vt 0.484978 0.857797
vt 0.439011 0.842452
vt 0.454305 0.842438
vt 0.454434 0.857957
vt 0.439193 0.858006
vt 0.407333 0.858597
vt 0.407624 0.842916
vt 0.423501 0.842528
vt 0.423464 0.858175
vt 0.376682 0.843822
vt 0.391919 0.843495
vt 0.391702 0.859137
vt 0.376895 0.859507
vt 0.345856 0.858668
vt 0.344997 0.842697
vt 0.361232 0.843432
vt 0.361961 0.859274
vt 0.313283 0.842188
vt 0.328722 0.842192
vt 0.329265 0.858068
vt 0.313457 0.857831
vt 0.283051 0.858111
vt 0.282930 0.842579
vt 0.298174 0.842414
vt 0.298271 0.858001
vt 0.252421 0.842633
vt 0.267650 0.842606
vt 0.267792 0.858143
vt 0.252514 0.858170
vt 0.221973 0.858349
vt 0.222028 0.842824
vt 0.237231 0.842724
vt 0.237238 0.858245
vt 0.191732 0.842945
vt 0.206857 0.842889
vt 0.206737 0.858476
vt 0.191558 0.858568
vt 0.161301 0.858683
vt 0.161729 0.843041
vt 0.176679 0.843013
vt 0.176421 0.858641
vt 0.129876 0.843518
vt 0.146653 0.843111
vt 0.145710 0.858743
vt 0.129354 0.858845
vt 0.096456 0.858598
vt 0.095996 0.843394
vt 0.112156 0.843660
vt 0.112433 0.858796
vt 0.065945 0.844097
vt 0.081402 0.843355
vt 0.081178 0.858976
vt 0.064982 0.859873
vt 0.030731 0.861475
vt 0.030835 0.845645
vt 0.048352 0.845100
vt 0.047510 0.860990
vt 0.601780 0.843625
vt 0.015202 0.845507
vt 0.015547 0.861360
vt 0.602044 0.859247
vt 0.356801 0.000084
vt 0.596809 0.843709
vt 0.357009 0.015302
vt 0.341140 0.015201
vt 0.341257 0.048296
vt 0.341528 0.030789
vt 0.357362 0.030456
vt 0.357135 0.047240
vt 0.339920 0.081535
vt 0.340486 0.066030
vt 0.356228 0.064824
vt 0.355502 0.081051
vt 0.340770 0.112160
vt 0.340197 0.095994
vt 0.355373 0.096248
vt 0.355917 0.112234
vt 0.340808 0.146811
vt 0.340940 0.130009
vt 0.356278 0.129260
vt 0.356432 0.145618
vt 0.341198 0.176800
vt 0.340987 0.161859
vt 0.356622 0.161183
vt 0.356818 0.176294
vt 0.341554 0.206970
vt 0.341370 0.191849
vt 0.356985 0.191426
vt 0.357135 0.206603
vt 0.341874 0.237342
vt 0.341731 0.222139
vt 0.357250 0.221838
vt 0.357390 0.237103
vt 0.342237 0.267760
vt 0.342025 0.252534
vt 0.357559 0.252383
vt 0.357769 0.267653
vt 0.342541 0.298285
vt 0.342454 0.283038
vt 0.357978 0.282912
vt 0.358105 0.298135
vt 0.342771 0.328809
vt 0.342530 0.313411
vt 0.358179 0.313306
vt 0.358643 0.329077
vt 0.344509 0.361272
vt 0.343515 0.345041
vt 0.359497 0.345635
vt 0.360366 0.361746
vt 0.345080 0.391973
vt 0.345160 0.376729
vt 0.360845 0.376693
vt 0.360714 0.391512
vt 0.344634 0.423552
vt 0.344760 0.407681
vt 0.360431 0.407146
vt 0.360273 0.423269
vt 0.345038 0.454346
vt 0.344809 0.439052
vt 0.360360 0.438984
vt 0.360555 0.454225
vt 0.345382 0.484949
vt 0.345221 0.469645
vt 0.360727 0.469485
vt 0.360886 0.484769
vt 0.500214 0.842192
vt 0.345530 0.500255
vt 0.604508 0.640628
vt 0.609480 0.640619
vt 0.469678 0.919887
vt 0.469728 0.904428
vt 0.485021 0.904312
vt 0.484988 0.919773
vt 0.439180 0.904787
vt 0.454448 0.904581
vt 0.454363 0.920039
vt 0.439038 0.920236
vt 0.408089 0.920594
vt 0.407851 0.904781
vt 0.423703 0.904938
vt 0.423671 0.920485
vt 0.376852 0.904290
vt 0.392146 0.904438
vt 0.392407 0.920526
vt 0.376803 0.920505
vt 0.345470 0.920651
vt 0.345793 0.904841
vt 0.361538 0.904490
vt 0.361185 0.920563
vt 0.314279 0.904862
vt 0.329895 0.904971
vt 0.329844 0.920550
vt 0.314415 0.920362
vt 0.283444 0.920117
vt 0.283340 0.904670
vt 0.298841 0.904736
vt 0.298960 0.920232
vt 0.252687 0.904702
vt 0.267932 0.904666
vt 0.268010 0.920033
vt 0.252708 0.920021
vt 0.221949 0.920246
vt 0.222020 0.904850
vt 0.237442 0.904766
vt 0.237400 0.920107
vt 0.191017 0.905055
vt 0.206486 0.904948
vt 0.206406 0.920383
vt 0.190918 0.920490
vt 0.160011 0.920725
vt 0.160200 0.905301
vt 0.175624 0.905170
vt 0.175486 0.920593
vt 0.128480 0.905119
vt 0.144535 0.905354
vt 0.144476 0.920896
vt 0.128734 0.920963
vt 0.097141 0.921101
vt 0.096906 0.904775
vt 0.112517 0.904774
vt 0.112898 0.920943
vt 0.065275 0.906383
vt 0.081282 0.905398
vt 0.081378 0.921535
vt 0.065526 0.922142
vt 0.034214 0.922942
vt 0.033448 0.907638
vt 0.049160 0.907207
vt 0.049759 0.922624
vt 0.602837 0.906115
vt 0.018016 0.907926
vt 0.018773 0.923258
vt 0.603101 0.921738
vt 0.419069 0.002253
vt 0.597865 0.906200
vt 0.418972 0.017604
vt 0.403630 0.017081
vt 0.403396 0.048224
vt 0.403580 0.032514
vt 0.418895 0.033049
vt 0.418815 0.048598
vt 0.402095 0.080372
vt 0.402827 0.064345
vt 0.418579 0.064368
vt 0.418219 0.080229
vt 0.401951 0.111648
vt 0.401715 0.096023
vt 0.418027 0.096002
vt 0.418111 0.111766
vt 0.403017 0.143655
vt 0.402538 0.127609
vt 0.418373 0.127602
vt 0.418549 0.143343
vt 0.403320 0.174743
vt 0.403207 0.159315
vt 0.418623 0.158881
vt 0.418735 0.174359
vt 0.403587 0.205605
vt 0.403449 0.190137
vt 0.418876 0.189792
vt 0.419015 0.205279
vt 0.403895 0.236556
vt 0.403734 0.221135
vt 0.419125 0.220819
vt 0.419231 0.236271
vt 0.404276 0.267049
vt 0.404073 0.251803
vt 0.419388 0.251579
vt 0.419640 0.266881
vt 0.404830 0.297951
vt 0.404522 0.282455
vt 0.419966 0.282311
vt 0.420323 0.297820
vt 0.405554 0.328983
vt 0.405197 0.313385
vt 0.420695 0.313268
vt 0.421126 0.328687
vt 0.405591 0.360614
vt 0.405683 0.344871
vt 0.421476 0.344302
vt 0.421643 0.360010
vt 0.406031 0.391224
vt 0.405638 0.375931
vt 0.421837 0.375624
vt 0.422108 0.391222
vt 0.407025 0.422753
vt 0.406619 0.406916
vt 0.422424 0.406895
vt 0.422564 0.422470
vt 0.407163 0.453492
vt 0.407122 0.438222
vt 0.422566 0.437836
vt 0.422617 0.453161
vt 0.407390 0.484067
vt 0.407258 0.468773
vt 0.422714 0.468476
vt 0.422848 0.483786
vt 0.500325 0.904225
vt 0.407550 0.499370
vt 0.604389 0.578129
vt 0.609361 0.578120
vt 0.469558 0.981393
vt 0.484908 0.981309
vt 0.438763 0.981607
vt 0.454177 0.981495
vt 0.407826 0.981821
vt 0.423313 0.981719
vt 0.376769 0.981938
vt 0.392308 0.981898
vt 0.345691 0.981909
vt 0.361225 0.981940
vt 0.314683 0.981817
vt 0.330176 0.981863
vt 0.283737 0.981767
vt 0.299206 0.981783
vt 0.252798 0.981780
vt 0.268268 0.981767
vt 0.221861 0.981826
vt 0.237328 0.981798
vt 0.190934 0.981927
vt 0.206398 0.981867
vt 0.159992 0.982116
vt 0.175467 0.982008
vt 0.129014 0.982422
vt 0.144508 0.982252
vt 0.098010 0.982863
vt 0.113513 0.982624
vt 0.067034 0.983429
vt 0.082514 0.983132
vt 0.036159 0.984065
vt 0.051579 0.983742
vt 0.005452 0.984705
vt 0.020781 0.984389
vt 0.599186 0.984313
vt 0.480127 0.018664
vt 0.479963 0.049474
vt 0.480045 0.034047
vt 0.479825 0.080422
vt 0.479886 0.064936
vt 0.479787 0.111427
vt 0.479790 0.095922
vt 0.479890 0.142421
vt 0.479821 0.126929
vt 0.480130 0.173376
vt 0.479995 0.157904
vt 0.480477 0.204300
vt 0.480292 0.188840
vt 0.480898 0.235222
vt 0.480680 0.219759
vt 0.481357 0.266152
vt 0.481125 0.250687
vt 0.481862 0.297077
vt 0.481601 0.281614
vt 0.482432 0.328033
vt 0.482141 0.312547
vt 0.483002 0.359065
vt 0.482724 0.343539
vt 0.483460 0.390134
vt 0.483250 0.374602
vt 0.483785 0.421130
vt 0.483635 0.405647
vt 0.484062 0.451990
vt 0.483924 0.436577
vt 0.484375 0.482718
vt 0.484210 0.467369
vt 0.609243 0.515620
vt 0.604270 0.515629
vt 0.499880 0.497825
vt 0.500264 0.996568
vt 0.484902 0.965967
vt 0.500222 0.965902
vt 0.469557 0.966057
vt 0.454183 0.966167
vt 0.438777 0.966292
vt 0.423332 0.966420
vt 0.407844 0.966540
vt 0.392317 0.966632
vt 0.376760 0.966680
vt 0.361199 0.966672
vt 0.345654 0.966623
vt 0.330138 0.966557
vt 0.314649 0.966496
vt 0.299179 0.966455
vt 0.283717 0.966440
vt 0.268248 0.966444
vt 0.252772 0.966460
vt 0.237295 0.966478
vt 0.221823 0.966504
vt 0.206358 0.966542
vt 0.190892 0.966600
vt 0.175419 0.966683
vt 0.159931 0.966792
vt 0.144426 0.966934
vt 0.128899 0.967105
vt 0.113357 0.967316
vt 0.097806 0.967561
vt 0.082259 0.967838
vt 0.066736 0.968134
vt 0.051244 0.968453
vt 0.035797 0.968778
vt 0.020402 0.969105
vt 0.603893 0.968606
vt 0.598922 0.968690
vt 0.464837 0.018525
vt 0.464752 0.033924
vt 0.464666 0.049375
vt 0.464587 0.064871
vt 0.464523 0.080400
vt 0.464485 0.095949
vt 0.464478 0.111503
vt 0.464507 0.127047
vt 0.464574 0.142573
vt 0.464675 0.158079
vt 0.464808 0.173566
vt 0.464969 0.189039
vt 0.465155 0.204502
vt 0.465362 0.219964
vt 0.465580 0.235432
vt 0.465808 0.250904
vt 0.466036 0.266375
vt 0.466277 0.281839
vt 0.466536 0.297296
vt 0.466822 0.312759
vt 0.467127 0.328241
vt 0.467439 0.343749
vt 0.467736 0.359286
vt 0.467993 0.374840
vt 0.468196 0.390390
vt 0.468356 0.405913
vt 0.468488 0.421396
vt 0.468610 0.436838
vt 0.468736 0.452243
vt 0.468875 0.467615
vt 0.469034 0.482959
vt 0.469216 0.498278
vt 0.500230 0.981248
vt 0.609213 0.499995
vt 0.604157 0.984229
vt 0.005778 1.000000
vt 0.004614 0.954159
vt 0.005068 0.969427
vt 0.500235 0.950529
vt 0.609272 0.531245
vt 0.003422 0.923599
vt 0.004070 0.938890
vt 0.500297 0.919692
vt 0.609332 0.562495
vt 0.001830 0.892805
vt 0.002666 0.908254
vt 0.500336 0.888731
vt 0.609391 0.593744
vt 0.000350 0.861371
vt 0.000999 0.877192
vt 0.500279 0.857703
vt 0.609450 0.624994
vt 0.000067 0.829198
vt 0.000000 0.845350
vt 0.500141 0.826694
vt 0.609510 0.656244
vt 0.001092 0.796960
vt 0.000438 0.813024
vt 0.500023 0.795720
vt 0.609569 0.687493
vt 0.002456 0.765421
vt 0.001794 0.781089
vt 0.499993 0.764696
vt 0.609629 0.718743
vt 0.003441 0.734511
vt 0.003016 0.749916
vt 0.500028 0.733493
vt 0.609688 0.749993
vt 0.003952 0.703830
vt 0.003745 0.719159
vt 0.500004 0.702032
vt 0.609747 0.781242
vt 0.004154 0.673179
vt 0.004082 0.688506
vt 0.499763 0.670437
vt 0.609807 0.812492
vt 0.004184 0.642505
vt 0.004184 0.657846
vt 0.499293 0.638991
vt 0.609866 0.843742
vt 0.004124 0.611806
vt 0.004162 0.627158
vt 0.498738 0.607834
vt 0.609925 0.874992
vt 0.004017 0.581103
vt 0.004075 0.596454
vt 0.498226 0.576921
vt 0.609985 0.906241
vt 0.003881 0.550416
vt 0.003953 0.565757
vt 0.497817 0.546160
vt 0.610044 0.937491
vt 0.003719 0.519761
vt 0.003803 0.535084
vt 0.497531 0.515486
vt 0.610103 0.968741
vt 0.609183 0.484370
vt 0.482112 0.500240
vt 0.610163 0.999990
vt 0.609124 0.453121
vt 0.609154 0.468745
vt 0.451354 0.500353
vt 0.588046 0.031245
vt 0.609065 0.421871
vt 0.609094 0.437496
vt 0.420467 0.500471
vt 0.588574 0.062491
vt 0.609005 0.390621
vt 0.609035 0.406246
vt 0.389488 0.500649
vt 0.589102 0.093736
vt 0.608946 0.359372
vt 0.608976 0.374996
vt 0.358479 0.500914
vt 0.589630 0.124981
vt 0.608887 0.328122
vt 0.608916 0.343747
vt 0.590423 0.171849
vt 0.590159 0.156227
vt 0.608827 0.296872
vt 0.608857 0.312497
vt 0.296566 0.501575
vt 0.590687 0.187472
vt 0.608768 0.265623
vt 0.608798 0.281247
vt 0.265664 0.501869
vt 0.591215 0.218718
vt 0.608709 0.234373
vt 0.608738 0.249998
vt 0.234741 0.502111
vt 0.591743 0.249963
vt 0.608649 0.203123
vt 0.608679 0.218748
vt 0.203754 0.502349
vt 0.592272 0.281208
vt 0.608590 0.171873
vt 0.608620 0.187498
vt 0.172739 0.502669
vt 0.592800 0.312454
vt 0.608531 0.140624
vt 0.608560 0.156249
vt 0.141800 0.503072
vt 0.593328 0.343699
vt 0.608471 0.109374
vt 0.608501 0.124999
vt 0.110980 0.503478
vt 0.593856 0.374944
vt 0.608412 0.078124
vt 0.608441 0.093749
vt 0.080252 0.503830
vt 0.594385 0.406190
vt 0.608353 0.046875
vt 0.608382 0.062499
vt 0.049579 0.504117
vt 0.594913 0.437435
vt 0.608293 0.015625
vt 0.608323 0.031250
vt 0.018939 0.504350
vt 0.595441 0.468680
vt 0.595969 0.499926
vt 0.480199 0.003329
vt 0.464915 0.003185
vt 0.484560 0.498039
vt 0.604300 0.531254
vt 0.453845 0.498539
vt 0.604359 0.562504
vt 0.598657 0.953067
vt 0.434366 0.002662
vt 0.423013 0.499094
vt 0.604419 0.593754
vt 0.598129 0.921822
vt 0.403718 0.001737
vt 0.392060 0.499629
vt 0.604478 0.625003
vt 0.597601 0.890577
vt 0.372643 0.000529
vt 0.361038 0.500069
vt 0.604537 0.656253
vt 0.597073 0.859331
vt 0.340750 0.000000
vt 0.330034 0.500431
vt 0.604597 0.687503
vt 0.596545 0.828086
vt 0.308411 0.001000
vt 0.299064 0.500811
vt 0.604656 0.718752
vt 0.596016 0.796841
vt 0.276512 0.002902
vt 0.268045 0.501277
vt 0.604715 0.750002
vt 0.595488 0.765595
vt 0.245374 0.004642
vt 0.236850 0.501807
vt 0.604775 0.781252
vt 0.594960 0.734350
vt 0.214646 0.005870
vt 0.205404 0.502282
vt 0.604834 0.812502
vt 0.594431 0.703105
vt 0.184012 0.006695
vt 0.173823 0.502543
vt 0.604893 0.843751
vt 0.593903 0.671859
vt 0.153365 0.007285
vt 0.142384 0.502576
vt 0.604953 0.875001
vt 0.593375 0.640614
vt 0.122686 0.007749
vt 0.111226 0.502517
vt 0.605012 0.906251
vt 0.592847 0.609369
vt 0.091991 0.008148
vt 0.080310 0.502493
vt 0.605072 0.937500
vt 0.592318 0.578123
vt 0.061301 0.008511
vt 0.049548 0.502568
vt 0.605131 0.968750
vt 0.591790 0.546878
vt 0.030633 0.008846
vt 0.018875 0.502763
vt 0.582546 0.000084
vt 0.591262 0.515633
vt -0.000000 0.009154
vt 0.582810 0.015707
vt 0.604211 0.484380
vt 0.604241 0.500005
vt 0.583338 0.046952
vt 0.583074 0.031329
vt 0.604152 0.453130
vt 0.604181 0.468755
vt 0.583866 0.078198
vt 0.583602 0.062575
vt 0.604092 0.421880
vt 0.604122 0.437505
vt 0.584395 0.109443
vt 0.584130 0.093820
vt 0.604033 0.390631
vt 0.604063 0.406256
vt 0.584923 0.140688
vt 0.584659 0.125066
vt 0.603974 0.359381
vt 0.604003 0.375006
vt 0.603914 0.328131
vt 0.603944 0.343756
vt 0.585451 0.171934
vt 0.585187 0.156311
vt 0.585979 0.203179
vt 0.585715 0.187556
vt 0.603855 0.296882
vt 0.603885 0.312506
vt 0.586508 0.234424
vt 0.586244 0.218802
vt 0.603796 0.265632
vt 0.603825 0.281257
vt 0.587036 0.265670
vt 0.586772 0.250047
vt 0.603736 0.234382
vt 0.603766 0.250007
vt 0.587564 0.296915
vt 0.587300 0.281292
vt 0.603677 0.203133
vt 0.603707 0.218757
vt 0.588092 0.328160
vt 0.587828 0.312538
vt 0.603618 0.171883
vt 0.603647 0.187508
vt 0.588621 0.359406
vt 0.588356 0.343783
vt 0.603558 0.140633
vt 0.603588 0.156258
vt 0.589149 0.390651
vt 0.588885 0.375028
vt 0.603499 0.109384
vt 0.603529 0.125008
vt 0.589677 0.421896
vt 0.589413 0.406274
vt 0.603440 0.078134
vt 0.603469 0.093759
vt 0.590205 0.453142
vt 0.589941 0.437519
vt 0.603380 0.046884
vt 0.603410 0.062509
vt 0.590734 0.484387
vt 0.590469 0.468764
vt 0.603321 0.015634
vt 0.603351 0.031259
vt 0.603291 0.000010
vt 0.608263 0.000000
vt 0.599450 0.999936
vt 0.605190 1.000000
vt 0.587517 0.000000
vn 0.000000 0.000000 1.000000
vn 0.000000 0.000000 1.000000
vn 0.000000 0.000000 1.000000
vn 0.000000 0.000000 1.000000
vn 0.000000 1.000000 0.000000
vn 0.000000 1.000000 0.000000
vn 0.000000 1.000000 0.000000
vn 0.000000 1.000000 0.000000
vn 0.000000 0.000000 -1.000000
vn 0.000000 0.000000 -1.000000
vn 0.000000 0.000000 -1.000000
vn 0.000000 0.000000 -1.000000
vn 0.000000 -1.000000 0.000000
vn 0.000000 -1.000000 0.000000
vn 0.000000 -1.000000 0.000000
vn 0.000000 -1.000000 0.000000
vn 1.000000 0.000000 0.000000
vn 1.000000 0.000000 0.000000
vn 1.000000 0.000000 0.000000
vn 1.000000 0.000000 0.000000
vn -1.000000 0.000000 0.000000
vn -1.000000 0.000000 0.000000
vn -1.000000 0.000000 0.000000
vn -1.000000 0.000000 0.000000
vn 0.000000 1.000000 0.000000
vn 0.000000 1.000000 0.000000
vn 0.000000 1.000000 0.000000
vn 0.000000 1.000000 0.000000
vn 0.000000 0.000000 -1.000000
vn 0.000000 0.000000 -1.000000
vn 0.000000 0.000000 -1.000000
vn 0.000000 0.000000 -1.000000
vn 0.000000 -1.000000 0.000000
vn 0.000000 -1.000000 0.000000
vn 0.000000 -1.000000 0.000000
vn 0.000000 -1.000000 0.000000
vn 0.000000 0.000000 1.000000
vn 0.000000 0.000000 1.000000
vn 0.000000 0.000000 1.000000
vn 0.000000 0.000000 1.000000
vn 0.000000 1.000000 0.000000
vn 0.000000 1.000000 0.000000
vn 0.000000 1.000000 0.000000
vn 0.000000 1.000000 0.000000
vn 0.000000 0.000000 -1.000000
vn 0.000000 0.000000 -1.000000
vn 0.000000 0.000000 -1.000000
vn 0.000000 0.000000 -1.000000
vn 0.000000 -1.000000 0.000000
vn 0.000000 -1.000000 0.000000
vn 0.000000 -1.000000 0.000000
vn 0.000000 -1.000000 0.000000
vn 0.000000 0.000000 1.000000
vn 0.000000 0.000000 1.000000
vn 0.000000 0.000000 1.000000
vn 0.000000 0.000000 1.000000
vn 0.000000 1.000000 0.000000
vn 0.000000 1.000000 0.000000
vn 0.000000 1.000000 0.000000
vn 0.000000 1.000000 0.000000
vn 0.000000 0.000000 -1.000000
vn 0.000000 0.000000 -1.000000
vn 0.000000 0.000000 -1.000000
vn 0.000000 0.000000 -1.000000
vn 0.000000 -1.000000 0.000000
vn 0.000000 -1.000000 0.000000
vn 0.000000 -1.000000 0.000000
vn 0.000000 -1.000000 0.000000
vn 0.000000 0.000000 1.000000
vn 0.000000 0.000000 1.000000
vn 0.000000 0.000000 1.000000
vn 0.000000 0.000000 1.000000
vn 0.000000 1.000000 0.000000
vn 0.000000 1.000000 0.000000
vn 0.000000 1.000000 0.000000
vn 0.000000 1.000000 0.000000
vn 0.000000 0.000000 -1.000000
vn 0.000000 0.000000 -1.000000
vn 0.000000 0.000000 -1.000000
vn 0.000000 0.000000 -1.000000
vn 0.000000 -1.000000 0.000000
vn 0.000000 -1.000000 0.000000
vn 0.000000 -1.000000 0.000000
vn 0.000000 -1.000000 0.000000
vn 0.000000 0.000000 1.000000
vn 0.000000 0.000000 1.000000
vn 0.000000 0.000000 1.000000
vn 0.000000 0.000000 1.000000
vn 0.000000 1.000000 0.000000
vn 0.000000 1.000000 0.000000
vn 0.000000 1.000000 0.000000
vn 0.000000 1.000000 0.000000
vn 0.000000 0.000000 -1.000000
vn 0.000000 0.000000 -1.000000
vn 0.000000 0.000000 -1.000000
vn 0.000000 0.000000 -1.000000
vn 0.000000 -1.000000 0.000000
vn 0.000000 -1.000000 0.000000
vn 0.000000 -1.000000 0.000000
vn 0.000000 -1.000000 0.000000
vn 0.000000 0.000000 1.000000
vn 0.000000 0.000000 1.000000
vn 0.000000 0.000000 1.000000
vn 0.000000 0.000000 1.000000
vn 0.000000 1.000000 0.000000
vn 0.000000 1.000000 0.000000
vn 0.000000 1.000000 0.000000
vn 0.000000 1.000000 0.000000
vn 0.000000 0.000000 -1.000000
vn 0.000000 0.000000 -1.000000
vn 0.000000 0.000000 -1.000000
vn 0.000000 0.000000 -1.000000
vn 0.000000 -1.000000 0.000000
vn 0.000000 -1.000000 0.000000
vn 0.000000 -1.000000 0.000000
vn 0.000000 -1.000000 0.000000
vn 0.000000 0.000000 1.000000
vn 0.000000 0.000000 1.000000
vn 0.000000 0.000000 1.000000
vn 0.000000 0.000000 1.000000
vn 0.000000 1.000000 0.000000
vn 0.000000 1.000000 0.000000
vn 0.000000 1.000000 0.000000
vn 0.000000 1.000000 0.000000
vn 0.000000 0.000000 -1.000000
vn 0.000000 0.000000 -1.000000
vn 0.000000 0.000000 -1.000000
vn 0.000000 0.000000 -1.000000
vn 0.000000 -1.000000 0.000000
vn 0.000000 -1.000000 0.000000
vn 0.000000 -1.000000 0.000000
vn 0.000000 -1.000000 0.000000
vn 0.000000 0.000000 1.000000
vn 0.000000 0.000000 1.000000
vn 0.000000 0.000000 1.000000
vn 0.000000 0.000000 1.000000
vn 0.028766 0.998758 -0.040685
vn 0.014004 0.999753 -0.017237
vn 0.000442 1.000000 -0.000442
vn 0.003917 0.999981 -0.004801
vn -0.053219 0.942585 -0.329698
vn 0.033231 0.929093 -0.368351
vn 0.004637 0.998997 -0.044544
vn -0.005673 0.998899 -0.046574
vn -0.005401 0.999845 -0.016738
vn -0.021954 0.999263 -0.031475
vn -0.018278 0.998383 -0.053829
vn -0.000000 0.997076 -0.076412
vn -0.028949 0.999162 -0.028949
vn -0.009177 0.999924 -0.008262
vn -0.013069 0.999594 -0.025318
vn -0.071060 0.995934 -0.055376
vn 0.041627 0.993222 -0.108526
vn 0.000000 0.991149 -0.132757
vn 0.000000 0.992897 -0.118980
vn 0.063383 0.990982 -0.118053
vn 0.025408 0.999269 0.028555
vn 0.017698 0.999843 0.000260
vn 0.079307 0.996739 0.014873
vn 0.151221 0.978225 0.142155
vn -0.088696 0.965971 0.242968
vn 0.000000 0.906241 0.422762
vn 0.000000 0.826120 0.563494
vn -0.180360 0.867553 0.463489
vn 0.000000 1.000000 0.000000
vn -0.007684 0.999941 0.007684
vn -0.029115 0.999267 0.024848
vn -0.004601 0.999979 0.004601
vn -1.000000 0.000000 0.000000
vn -1.000000 0.000000 0.000000
vn -1.000000 0.000000 0.000000
vn -1.000000 0.000000 0.000000
vn 0.004111 -0.999983 -0.004111
vn 0.028988 -0.999278 -0.024558
vn 0.007211 -0.999948 -0.007211
vn 0.000000 -1.000000 0.000000
vn 0.000000 -0.909428 -0.415860
vn 0.086881 -0.967623 -0.236977
vn 0.178556 -0.870824 -0.458022
vn 0.000000 -0.829623 -0.558324
vn -0.016928 -0.999857 0.000091
vn -0.025113 -0.999280 -0.028433
vn -0.146525 -0.979563 -0.137794
vn -0.078481 -0.996779 -0.016478
vn 0.000000 -0.991328 0.131413
vn -0.041169 -0.993377 0.107275
vn -0.062829 -0.991144 0.116990
vn 0.000000 -0.993010 0.118028
vn 0.008909 -0.999928 0.008111
vn 0.028207 -0.999204 0.028207
vn 0.070019 -0.996060 0.054429
vn 0.012816 -0.999611 0.024751
vn 0.021425 -0.999303 0.030558
vn 0.005151 -0.999857 0.016090
vn 0.000000 -0.997186 0.074972
vn 0.017871 -0.998450 0.052704
vn -0.038943 -0.945547 0.323148
vn 0.048957 -0.935685 0.349423
vn 0.004444 -0.999053 0.043280
vn -0.005408 -0.999209 0.039394
vn -0.012353 -0.999807 0.015306
vn -0.023797 -0.999141 0.033913
vn -0.002742 -0.999992 0.002742
vn 0.000000 -1.000000 0.000000
vn 1.000000 0.000000 0.000000
vn 1.000000 0.000000 0.000000
vn 1.000000 0.000000 0.000000
vn 1.000000 0.000000 0.000000
vn 0.028766 0.998758 0.040685
vn 0.014004 0.999753 0.017237
vn 0.056423 0.996811 0.056423
vn 0.126418 0.977429 0.169264
vn -0.053219 0.942585 0.329698
vn 0.033231 0.929093 0.368351
vn 0.047513 0.797278 0.601740
vn -0.126207 0.848099 0.514587
vn -0.005402 0.999971 0.005401
vn -0.019768 0.999526 0.023619
vn -0.102886 0.989358 0.102886
vn -0.023619 0.999526 0.019768
vn 0.137322 0.989329 -0.048695
vn 0.022884 0.999708 -0.007756
vn 0.008811 0.999941 -0.006321
vn 0.057709 0.997531 -0.040012
vn 0.000000 0.991945 -0.126672
vn 0.199857 0.959226 -0.199857
vn 0.160667 0.940429 -0.299633
vn 0.000000 0.953470 -0.301488
vn -0.137322 0.989329 -0.048695
vn -0.276183 0.955117 -0.107121
vn -0.192537 0.971615 -0.137458
vn -0.057709 0.997531 -0.040012
vn 0.000000 1.000000 0.000000
vn 0.000000 1.000000 0.000000
vn 0.000000 1.000000 0.000000
vn 0.000000 1.000000 0.000000
vn 0.000000 1.000000 0.000000
vn 0.000000 1.000000 0.000000
vn 0.000000 1.000000 0.000000
vn 0.000000 1.000000 0.000000
vn -1.000000 0.000000 0.000000
vn -1.000000 0.000000 0.000000
vn -1.000000 0.000000 0.000000
vn -1.000000 0.000000 0.000000
vn 0.000000 -1.000000 0.000000
vn 0.000000 -1.000000 0.000000
vn 0.000000 -1.000000 0.000000
vn 0.000000 -1.000000 0.000000
vn 0.000000 -1.000000 0.000000
vn 0.000000 -1.000000 0.000000
vn 0.000000 -1.000000 0.000000
vn 0.000000 -1.000000 0.000000
vn 0.273204 -0.956092 0.106052
vn 0.134453 -0.989774 0.047636
vn 0.056423 -0.997636 0.039220
vn 0.189639 -0.972468 0.135434
vn -0.198358 -0.959848 0.198358
vn -0.000000 -0.992060 0.125762
vn 0.000000 -0.954170 0.299264
vn -0.159408 -0.941415 0.297199
vn -0.022104 -0.999728 0.007461
vn -0.134453 -0.989774 0.047636
vn -0.056423 -0.997636 0.039220
vn -0.008568 -0.999945 0.006079
vn 0.019330 -0.999550 -0.022941
vn 0.005152 -0.999973 -0.005152
vn 0.022941 -0.999550 -0.019330
vn 0.100376 -0.989873 -0.100376
vn -0.038944 -0.945547 -0.323148
vn 0.048957 -0.935685 -0.349422
vn 0.121700 -0.851126 -0.510659
vn -0.054811 -0.797793 -0.600435
vn -0.012353 -0.999807 -0.015306
vn -0.023797 -0.999141 -0.033913
vn -0.114891 -0.981629 -0.152328
vn -0.045110 -0.997963 -0.045110
vn 1.000000 0.000000 0.000000
vn 1.000000 0.000000 0.000000
vn 1.000000 0.000000 0.000000
vn 1.000000 0.000000 0.000000
vn 0.000000 1.000000 0.000000
vn 0.000000 1.000000 0.000000
vn 0.000000 1.000000 0.000000
vn 0.000000 1.000000 0.000000
vn 0.000000 1.000000 0.000000
vn 0.000000 1.000000 0.000000
vn 0.000000 1.000000 0.000000
vn 0.000000 1.000000 0.000000
vn 0.000000 1.000000 0.000000
vn 0.000000 1.000000 0.000000
vn 0.000000 1.000000 0.000000
vn 0.000000 1.000000 0.000000
vn 0.020047 0.999662 0.016577
vn 0.001245 0.999998 0.001245
vn 0.008811 0.999941 0.006321
vn 0.057709 0.997531 0.040012
vn 0.000000 0.939158 0.343486
vn 0.107121 0.955117 0.276183
vn 0.160667 0.940429 0.299633
vn 0.000000 0.953470 0.301488
vn -0.020047 0.999662 0.016577
vn -0.078937 0.993749 0.078937
vn -0.192537 0.971615 0.137458
vn -0.057709 0.997531 0.040012
vn 0.000000 1.000000 0.000000
vn 0.000000 1.000000 0.000000
vn 0.000000 1.000000 0.000000
vn 0.000000 1.000000 0.000000
vn 0.000000 1.000000 0.000000
vn 0.000000 1.000000 0.000000
vn 0.000000 1.000000 0.000000
vn 0.000000 1.000000 0.000000
vn -1.000000 0.000000 0.000000
vn -1.000000 0.000000 0.000000
vn -1.000000 0.000000 0.000000
vn -1.000000 0.000000 0.000000
vn 0.000000 -1.000000 0.000000
vn 0.000000 -1.000000 0.000000
vn 0.000000 -1.000000 0.000000
vn 0.000000 -1.000000 0.000000
vn 0.000000 -1.000000 0.000000
vn 0.000000 -1.000000 0.000000
vn 0.000000 -1.000000 0.000000
vn 0.000000 -1.000000 0.000000
vn 0.076978 -0.994057 -0.076978
vn 0.019479 -0.999679 -0.016226
vn 0.056423 -0.997636 -0.039220
vn 0.189639 -0.972468 -0.135434
vn -0.106053 -0.956092 -0.273204
vn -0.000000 -0.940242 -0.340507
vn -0.000000 -0.954170 -0.299264
vn -0.159408 -0.941415 -0.297199
vn -0.001245 -0.999998 -0.001245
vn -0.019479 -0.999679 -0.016226
vn -0.056423 -0.997636 -0.039220
vn -0.008568 -0.999945 -0.006079
vn 0.000000 -1.000000 0.000000
vn 0.000000 -1.000000 0.000000
vn 0.000000 -1.000000 0.000000
vn 0.000000 -1.000000 0.000000
vn 0.000000 -1.000000 0.000000
vn 0.000000 -1.000000 0.000000
vn 0.000000 -1.000000 0.000000
vn 0.000000 -1.000000 0.000000
vn 0.000000 -1.000000 0.000000
vn 0.000000 -1.000000 0.000000
vn 0.000000 -1.000000 0.000000
vn 0.000000 -1.000000 0.000000
vn 1.000000 0.000000 0.000000
vn 1.000000 0.000000 0.000000
vn 1.000000 0.000000 0.000000
vn 1.000000 0.000000 0.000000
vn 0.553405 0.832912 0.000000
vn 0.364139 0.931345 0.000000
vn 0.252110 0.962083 -0.104104
vn 0.415539 0.888215 -0.195965
vn -0.142395 0.989810 0.000000
vn 0.030413 0.999537 -0.000000
vn 0.069848 0.967823 -0.241744
vn -0.263945 0.886993 -0.378916
vn -0.303832 0.952726 -0.000000
vn -0.469064 0.883164 0.000000
vn -0.359628 0.922010 -0.143407
vn -0.175550 0.982445 -0.063127
vn 0.000000 1.000000 0.000000
vn 0.000000 1.000000 0.000000
vn 0.000000 1.000000 0.000000
vn 0.000000 1.000000 0.000000
vn 0.000000 0.999531 -0.030635
vn 0.007756 0.999708 -0.022884
vn 0.000000 1.000000 0.000000
vn 0.000000 1.000000 0.000000
vn 0.000000 1.000000 0.000000
vn -0.001245 0.999998 -0.001245
vn 0.000000 1.000000 0.000000
vn 0.000000 1.000000 0.000000
vn 0.000000 1.000000 0.000000
vn 0.000000 1.000000 0.000000
vn 0.000000 1.000000 0.000000
vn 0.000000 1.000000 0.000000
vn 0.000000 1.000000 0.000000
vn 0.000000 1.000000 0.000000
vn 0.000000 1.000000 0.000000
vn 0.000000 1.000000 0.000000
vn -1.000000 0.000000 0.000000
vn -1.000000 0.000000 0.000000
vn -1.000000 0.000000 0.000000
vn -1.000000 0.000000 0.000000
vn 0.000000 -1.000000 0.000000
vn 0.000000 -1.000000 0.000000
vn 0.000000 -1.000000 0.000000
vn 0.000000 -1.000000 0.000000
vn 0.000000 -1.000000 0.000000
vn 0.000000 -1.000000 0.000000
vn 0.000000 -1.000000 0.000000
vn 0.000000 -1.000000 0.000000
vn 0.001245 -0.999998 0.001245
vn 0.000000 -1.000000 0.000000
vn 0.000000 -1.000000 0.000000
vn 0.000000 -1.000000 0.000000
vn -0.007461 -0.999728 0.022104
vn 0.000000 -0.999563 0.029560
vn 0.000000 -1.000000 0.000000
vn 0.000000 -1.000000 0.000000
vn 0.000000 -1.000000 0.000000
vn 0.000000 -1.000000 0.000000
vn 0.000000 -1.000000 0.000000
vn 0.000000 -1.000000 0.000000
vn 0.463968 -0.885852 -0.000000
vn 0.299396 -0.954129 0.000000
vn 0.171918 -0.983171 0.061801
vn 0.354979 -0.924019 0.142053
vn -0.036063 -0.999349 0.000000
vn 0.137758 -0.990466 0.000000
vn 0.264971 -0.882733 0.388037
vn -0.084931 -0.964474 0.250153
vn -0.345377 -0.938464 -0.000000
vn -0.552642 -0.833419 -0.000000
vn -0.405595 -0.893867 0.191035
vn -0.233596 -0.967472 0.097107
vn 1.000000 0.000000 0.000000
vn 1.000000 0.000000 0.000000
vn 1.000000 0.000000 0.000000
vn 1.000000 0.000000 0.000000
vn 0.265784 0.964033 0.000000
vn 0.034755 0.999396 0.000000
vn 0.025880 0.999626 -0.008883
vn 0.154868 0.986379 -0.055435
vn -0.007699 0.999943 0.007458
vn 0.142070 0.989856 0.000889
vn 0.224735 0.948150 -0.224735
vn -0.002966 0.990142 -0.140033
vn -0.233210 0.966148 0.110328
vn -0.383099 0.917099 0.110293
vn -0.368174 0.925128 -0.092662
vn -0.275593 0.961160 -0.014850
vn 0.004727 0.990460 -0.137718
vn -0.045879 0.992734 -0.111239
vn -0.087948 0.992251 -0.087767
vn 0.000197 0.998196 -0.060035
vn 0.024133 0.999695 -0.005233
vn 0.085873 0.995038 -0.050255
vn 0.129190 0.990374 -0.049692
vn 0.064030 0.997717 -0.021458
vn 0.357475 0.931657 -0.065007
vn 0.370906 0.928604 -0.011107
vn 0.290733 0.950131 -0.112807
vn 0.315043 0.933920 -0.168940
vn -0.389778 0.896087 -0.212370
vn -0.221569 0.940424 -0.257895
vn -0.211994 0.945486 -0.247215
vn -0.325767 0.926293 -0.189361
vn 0.000000 1.000000 0.000000
vn -0.040094 0.999166 -0.007678
vn -0.024222 0.999673 -0.008210
vn 0.000000 1.000000 0.000000
vn -1.000000 0.000000 0.000000
vn -1.000000 0.000000 0.000000
vn -1.000000 0.000000 0.000000
vn -1.000000 0.000000 0.000000
vn 0.000000 -1.000000 0.000000
vn 0.023397 -0.999695 0.007897
vn 0.038486 -0.999233 0.007206
vn 0.000000 -1.000000 0.000000
vn 0.225401 -0.933790 0.277904
vn 0.395341 -0.890835 0.223872
vn 0.325730 -0.926014 0.190783
vn 0.212243 -0.943792 0.253395
vn -0.369215 -0.929257 0.012692
vn -0.362217 -0.929214 0.073209
vn -0.312559 -0.934982 0.167679
vn -0.287628 -0.951207 0.111695
vn -0.084537 -0.995179 0.049731
vn -0.023901 -0.999700 0.005333
vn -0.062750 -0.997810 0.020934
vn -0.127738 -0.990590 0.049129
vn 0.046420 -0.992719 0.111154
vn -0.004517 -0.990595 0.136752
vn -0.000189 -0.998221 0.059624
vn 0.087350 -0.992356 0.087180
vn 0.378167 -0.918735 -0.113645
vn 0.226587 -0.967633 -0.111110
vn 0.270520 -0.962631 0.012649
vn 0.365436 -0.926424 0.090527
vn -0.141038 -0.990004 -0.000889
vn 0.008119 -0.999936 -0.007858
vn 0.003082 -0.990303 0.138887
vn -0.223098 -0.948923 0.223098
vn -0.033601 -0.999435 0.000000
vn -0.261402 -0.965230 -0.000000
vn -0.151813 -0.986917 0.054286
vn -0.025061 -0.999649 0.008547
vn 1.000000 0.000000 0.000000
vn 1.000000 0.000000 0.000000
vn 1.000000 0.000000 0.000000
vn 1.000000 0.000000 0.000000
vn 0.004722 0.999978 0.004722
vn 0.000000 1.000000 0.000000
vn 0.001349 0.999998 0.001349
vn 0.022050 0.999591 0.018219
vn -0.062167 0.968216 0.242268
vn 0.051089 0.983299 0.174679
vn 0.110361 0.944171 0.310421
vn -0.057780 0.918859 0.390334
vn -0.008079 0.999060 -0.042594
vn -0.100500 0.994271 -0.036388
vn -0.124285 0.990395 0.060592
vn -0.021755 0.999579 0.019186
vn -0.057703 0.997891 0.029725
vn 0.053615 0.998128 -0.029425
vn 0.094675 0.995501 0.003777
vn 0.003276 0.999470 0.032384
vn 0.076952 0.994061 0.076952
vn 0.000000 0.998684 0.051287
vn 0.000101 0.992909 0.118880
vn 0.063383 0.990982 0.118053
vn 0.542491 0.835754 0.084957
vn 0.371658 0.926946 0.051390
vn 0.330753 0.942675 0.044339
vn 0.568615 0.821867 0.034804
vn -0.279579 0.953739 0.110531
vn -0.061861 0.997981 0.014378
vn -0.062814 0.997908 -0.015309
vn -0.441019 0.880978 -0.171405
vn -0.112717 0.993627 0.000000
vn -0.422762 0.906241 -0.000000
vn -0.245306 0.965603 -0.086231
vn -0.084379 0.996023 -0.028610
vn -1.000000 0.000000 0.000000
vn -1.000000 0.000000 0.000000
vn -1.000000 0.000000 0.000000
vn -1.000000 0.000000 0.000000
vn 0.080087 -0.996404 0.027655
vn 0.239320 -0.967264 0.084418
vn 0.415861 -0.909428 0.000000
vn 0.107504 -0.994205 0.000000
vn 0.069899 -0.996512 -0.045582
vn 0.287329 -0.949965 -0.122507
vn 0.448804 -0.880772 0.151047
vn 0.068412 -0.997388 0.023184
vn -0.368117 -0.928378 -0.051037
vn -0.538627 -0.838043 -0.086975
vn -0.566308 -0.822791 -0.048065
vn -0.322489 -0.945458 -0.045944
vn 0.000000 -0.998702 -0.050936
vn -0.076328 -0.994157 -0.076328
vn -0.062829 -0.991144 -0.116990
vn -0.000102 -0.993022 -0.117927
vn -0.052580 -0.998188 0.029245
vn 0.057772 -0.997895 -0.029468
vn -0.002891 -0.999470 -0.032429
vn -0.095395 -0.995432 -0.003792
vn 0.102972 -0.994049 0.035538
vn 0.006792 -0.999029 0.043533
vn 0.020306 -0.999628 -0.018194
vn 0.113692 -0.992113 -0.052784
vn -0.050018 -0.983964 -0.171211
vn 0.062733 -0.969367 -0.237472
vn 0.059617 -0.920285 -0.386679
vn -0.109236 -0.945426 -0.306981
vn 0.000000 -1.000000 0.000000
vn -0.004384 -0.999981 -0.004384
vn -0.021242 -0.999616 -0.017776
vn -0.001349 -0.999998 -0.001349
vn 1.000000 0.000000 0.000000
vn 1.000000 0.000000 0.000000
vn 1.000000 0.000000 0.000000
vn 1.000000 0.000000 0.000000
vn 0.004722 0.999978 -0.004722
vn 0.000000 1.000000 0.000000
vn 0.000000 1.000000 0.000000
vn 0.000000 1.000000 0.000000
vn 0.000000 0.964032 -0.265784
vn 0.055435 0.986379 -0.154868
vn 0.008883 0.999626 -0.025880
vn 0.000000 0.999396 -0.034755
vn -0.033552 0.999371 0.011522
vn -0.023406 0.999561 -0.018183
vn -0.001906 0.999998 -0.000791
vn -0.011199 0.999896 0.009045
vn -0.000000 0.989938 0.141499
vn -0.075568 0.987154 0.140772
vn -0.049692 0.990374 0.129190
vn 0.000000 0.987257 0.159135
vn 0.027297 0.999469 0.017782
vn 0.088217 0.994119 0.062816
vn 0.034752 0.998792 0.034752
vn 0.011199 0.999896 0.009045
vn 0.042477 0.997229 -0.061072
vn 0.017233 0.999635 -0.020790
vn 0.001318 0.999998 -0.001318
vn 0.006691 0.999934 -0.009326
vn -0.042477 0.997229 -0.061072
vn -0.051530 0.988111 -0.144847
vn -0.008210 0.999673 -0.024222
vn -0.006691 0.999934 -0.009326
vn 0.000000 1.000000 0.000000
vn 0.000000 1.000000 0.000000
vn 0.000000 1.000000 0.000000
vn 0.000000 1.000000 0.000000
vn -1.000000 0.000000 0.000000
vn -1.000000 0.000000 0.000000
vn -1.000000 0.000000 0.000000
vn -1.000000 0.000000 0.000000
vn 0.000000 -1.000000 0.000000
vn 0.000000 -1.000000 0.000000
vn 0.000000 -1.000000 0.000000
vn 0.000000 -1.000000 0.000000
vn 0.050418 -0.988607 0.141826
vn 0.041629 -0.997349 0.059690
vn 0.006434 -0.999938 0.009069
vn 0.007897 -0.999695 0.023397
vn -0.016865 -0.999654 0.020200
vn -0.041629 -0.997349 0.059690
vn -0.006434 -0.999938 0.009069
vn -0.001318 -0.999998 0.001318
vn -0.086839 -0.994299 -0.061868
vn -0.026836 -0.999487 -0.017481
vn -0.010888 -0.999901 -0.008869
vn -0.033856 -0.998853 -0.033856
vn 0.074894 -0.987387 -0.139493
vn 0.000000 -0.990099 -0.140371
vn 0.000000 -0.987517 -0.157513
vn 0.049129 -0.990590 -0.127738
vn 0.022747 -0.999588 0.017491
vn 0.032614 -0.999400 -0.011699
vn 0.010888 -0.999901 -0.008869
vn 0.001906 -0.999998 0.000791
vn -0.054286 -0.986917 0.151813
vn 0.000000 -0.965230 0.261402
vn -0.000000 -0.999435 0.033601
vn -0.008547 -0.999649 0.025061
vn 0.000000 -1.000000 0.000000
vn -0.004384 -0.999981 0.004384
vn 0.000000 -1.000000 0.000000
vn 0.000000 -1.000000 0.000000
vn 1.000000 0.000000 0.000000
vn 1.000000 0.000000 0.000000
vn 1.000000 0.000000 0.000000
vn 1.000000 0.000000 0.000000
vn 0.000000 1.000000 0.000000
vn 0.000000 1.000000 0.000000
vn 0.000000 1.000000 0.000000
vn 0.000000 1.000000 0.000000
vn 0.000000 1.000000 0.000000
vn 0.000000 1.000000 0.000000
vn 0.000000 1.000000 0.000000
vn 0.000000 1.000000 0.000000
vn 0.000000 1.000000 0.000000
vn 0.000000 1.000000 0.000000
vn 0.000000 1.000000 0.000000
vn 0.000000 1.000000 0.000000
vn 0.000000 1.000000 0.000000
vn 0.000000 1.000000 0.000000
vn 0.000000 1.000000 0.000000
vn 0.000000 1.000000 0.000000
vn -0.145740 0.978529 0.145740
vn -0.024848 0.999267 0.029115
vn -0.076579 0.991241 0.107597
vn -0.239154 0.911487 0.334661
vn -0.498162 0.854634 -0.146407
vn -0.568260 0.822819 0.007017
vn -0.528111 0.848091 0.042912
vn -0.562894 0.808817 -0.170193
vn -0.145427 0.987995 -0.052121
vn -0.188818 0.981341 -0.036304
vn -0.380785 0.917279 -0.116627
vn -0.294351 0.948448 -0.117490
vn 0.000000 1.000000 0.000000
vn -0.004397 0.999981 -0.004397
vn -0.017233 0.999635 -0.020790
vn -0.001318 0.999998 -0.001318
vn 0.000000 0.000000 -1.000000
vn 0.000000 0.000000 -1.000000
vn 0.000000 0.000000 -1.000000
vn 0.000000 0.000000 -1.000000
vn 0.004194 -0.999982 0.004194
vn 0.000000 -1.000000 0.000000
vn 0.001318 -0.999998 0.001318
vn 0.016865 -0.999654 0.020200
vn 0.186104 -0.981881 0.035709
vn 0.142417 -0.988491 0.051020
vn 0.291359 -0.949493 0.116507
vn 0.381750 -0.916515 0.119448
vn 0.563453 -0.826114 -0.007492
vn 0.494951 -0.857095 0.142870
vn 0.566386 -0.808262 0.160994
vn 0.527032 -0.848531 -0.047240
vn 0.024558 -0.999278 -0.028988
vn 0.141197 -0.979860 -0.141197
vn 0.235383 -0.914489 -0.329098
vn 0.073498 -0.991997 -0.102664
vn 0.000000 -1.000000 0.000000
vn 0.000000 -1.000000 0.000000
vn 0.000000 -1.000000 0.000000
vn 0.000000 -1.000000 0.000000
vn 0.000000 -1.000000 0.000000
vn 0.000000 -1.000000 0.000000
vn 0.000000 -1.000000 0.000000
vn 0.000000 -1.000000 0.000000
vn 0.000000 -1.000000 0.000000
vn 0.000000 -1.000000 0.000000
vn 0.000000 -1.000000 0.000000
vn 0.000000 -1.000000 0.000000
vn 0.000000 -1.000000 0.000000
vn 0.000000 -1.000000 0.000000
vn 0.000000 -1.000000 0.000000
vn 0.000000 -1.000000 0.000000
vn 0.000000 0.000000 1.000000
vn 0.000000 0.000000 1.000000
vn 0.000000 0.000000 1.000000
vn 0.000000 0.000000 1.000000
vn 0.000000 1.000000 0.000000
vn 0.000000 1.000000 0.000000
vn 0.000000 1.000000 0.000000
vn 0.000000 1.000000 0.000000
vn 0.000000 1.000000 0.000000
vn 0.000000 1.000000 0.000000
vn -0.001245 0.999998 0.001245
vn -0.008811 0.999941 0.006321
vn 0.000000 1.000000 0.000000
vn 0.000000 1.000000 0.000000
vn -0.022884 0.999708 -0.007756
vn -0.008811 0.999941 -0.006321
vn 0.000000 1.000000 0.000000
vn 0.000000 1.000000 0.000000
vn 0.000000 1.000000 0.000000
vn 0.000000 1.000000 0.000000
vn 0.180360 0.867553 0.463489
vn 0.088696 0.965971 0.242968
vn 0.076579 0.991241 0.107597
vn 0.239154 0.911487 0.334661
vn 0.167755 0.980640 -0.101014
vn 0.373298 0.912874 0.165254
vn 0.559017 0.818273 0.133898
vn 0.508223 0.860602 -0.032776
vn 0.019762 0.983803 -0.178162
vn 0.095978 0.966496 -0.238063
vn 0.278303 0.956073 -0.092045
vn 0.212110 0.953952 -0.212098
vn 0.000000 0.999474 -0.032426
vn 0.000000 0.969110 -0.246627
vn 0.051530 0.988111 -0.144847
vn 0.008210 0.999673 -0.024222
vn 0.000000 0.000000 -1.000000
vn 0.000000 0.000000 -1.000000
vn 0.000000 0.000000 -1.000000
vn 0.000000 0.000000 -1.000000
vn -0.050418 -0.988607 0.141826
vn 0.000000 -0.970078 0.242792
vn 0.000000 -0.999510 0.031288
vn -0.007897 -0.999695 0.023397
vn -0.286604 -0.952208 0.105634
vn -0.104139 -0.957710 0.268230
vn -0.023607 -0.981008 0.192526
vn -0.211955 -0.954022 0.211935
vn -0.558459 -0.817243 -0.142260
vn -0.375184 -0.909025 -0.181414
vn -0.160213 -0.984837 0.066544
vn -0.515043 -0.857137 0.006851
vn -0.073498 -0.991997 -0.102664
vn -0.086881 -0.967623 -0.236977
vn -0.178556 -0.870824 -0.458022
vn -0.235383 -0.914489 -0.329098
vn 0.000000 -1.000000 0.000000
vn 0.000000 -1.000000 0.000000
vn 0.000000 -1.000000 0.000000
vn 0.000000 -1.000000 0.000000
vn 0.022104 -0.999728 0.007461
vn 0.000000 -1.000000 0.000000
vn 0.000000 -1.000000 0.000000
vn 0.008568 -0.999945 0.006079
vn 0.001245 -0.999998 -0.001245
vn 0.000000 -1.000000 0.000000
vn 0.000000 -1.000000 0.000000
vn 0.008568 -0.999945 -0.006079
vn 0.000000 -1.000000 0.000000
vn 0.000000 -1.000000 0.000000
vn 0.000000 -1.000000 0.000000
vn 0.000000 -1.000000 0.000000
vn 0.000000 0.000000 1.000000
vn 0.000000 0.000000 1.000000
vn 0.000000 0.000000 1.000000
vn 0.000000 0.000000 1.000000
vn 0.000000 1.000000 0.000000
vn 0.000000 1.000000 0.000000
vn 0.000000 1.000000 0.000000
vn 0.000000 1.000000 0.000000
vn -0.232051 0.944619 0.232051
vn -0.137458 0.971615 0.192537
vn -0.107121 0.955117 0.276183
vn -0.160667 0.940429 0.299633
vn -0.232051 0.944619 -0.232051
vn -0.299633 0.940429 -0.160667
vn -0.199857 0.959226 -0.199857
vn -0.160667 0.940429 -0.299633
vn 0.000000 1.000000 0.000000
vn -0.006321 0.999941 -0.008811
vn -0.007756 0.999708 -0.022884
vn 0.000000 1.000000 0.000000
vn 0.078072 0.995775 -0.048343
vn 0.028949 0.999162 -0.028949
vn 0.052560 0.995882 -0.073870
vn 0.091238 0.991641 -0.091238
vn 0.141273 0.988450 0.054855
vn 0.160071 0.985855 0.049681
vn 0.118053 0.990982 0.063383
vn 0.091355 0.991619 0.091355
vn 0.144847 0.988111 -0.051530
vn 0.246743 0.969081 0.000124
vn 0.040908 0.999162 0.000975
vn 0.034475 0.999337 -0.011686
vn 0.000000 1.000000 0.000000
vn 0.004397 0.999981 -0.004397
vn 0.003950 0.999988 0.002836
vn 0.000557 1.000000 0.000557
vn 0.000000 0.000000 -1.000000
vn 0.000000 0.000000 -1.000000
vn 0.000000 0.000000 -1.000000
vn 0.000000 0.000000 -1.000000
vn -0.003842 -0.999989 -0.002727
vn -0.004194 -0.999982 0.004194
vn 0.000000 -1.000000 0.000000
vn -0.000557 -1.000000 -0.000557
vn -0.039498 -0.999219 -0.000988
vn -0.242911 -0.970049 -0.000126
vn -0.141826 -0.988607 0.050418
vn -0.033286 -0.999383 0.011226
vn -0.116990 -0.991144 -0.062829
vn -0.156443 -0.986471 -0.049003
vn -0.137227 -0.989067 -0.053995
vn -0.090418 -0.991791 -0.090418
vn -0.051747 -0.996011 0.072695
vn -0.028207 -0.999204 0.028207
vn -0.076446 -0.995918 0.047985
vn -0.090299 -0.991812 0.090299
vn 0.007461 -0.999728 0.022104
vn 0.006079 -0.999945 0.008568
vn 0.000000 -1.000000 0.000000
vn 0.000000 -1.000000 0.000000
vn 0.198358 -0.959848 0.198358
vn 0.297199 -0.941415 0.159408
vn 0.229888 -0.945676 0.229888
vn 0.159408 -0.941415 0.297199
vn 0.106053 -0.956092 -0.273204
vn 0.135434 -0.972468 -0.189639
vn 0.229888 -0.945676 -0.229888
vn 0.159408 -0.941415 -0.297199
vn 0.000000 -1.000000 0.000000
vn 0.000000 -1.000000 0.000000
vn 0.000000 -1.000000 0.000000
vn 0.000000 -1.000000 0.000000
vn 0.000000 0.000000 1.000000
vn 0.000000 0.000000 1.000000
vn 0.000000 0.000000 1.000000
vn 0.000000 0.000000 1.000000
vn 0.000000 1.000000 0.000000
vn 0.000000 1.000000 0.000000
vn 0.000000 1.000000 0.000000
vn 0.000000 1.000000 0.000000
vn 0.232051 0.944619 0.232051
vn 0.137458 0.971615 0.192537
vn 0.078937 0.993749 0.078937
vn 0.192537 0.971615 0.137458
vn 0.232051 0.944619 -0.232051
vn 0.299633 0.940429 -0.160667
vn 0.276183 0.955117 -0.107121
vn 0.192537 0.971615 -0.137458
vn 0.000000 1.000000 0.000000
vn 0.006321 0.999941 -0.008811
vn 0.001245 0.999998 -0.001245
vn 0.000000 1.000000 0.000000
vn -0.063383 0.990982 -0.118053
vn -0.041627 0.993222 -0.108526
vn -0.052560 0.995882 -0.073870
vn -0.091238 0.991641 -0.091238
vn -0.062202 0.991208 0.116780
vn -0.076952 0.994061 0.076952
vn -0.112591 0.991829 0.059993
vn -0.075522 0.993737 0.082356
vn 0.140772 0.987154 -0.075568
vn 0.105198 0.989109 -0.102937
vn 0.075443 0.987427 -0.138914
vn 0.092016 0.991497 -0.092016
vn 0.062816 0.994119 0.088217
vn 0.108766 0.988099 0.108766
vn 0.075568 0.987154 0.140772
vn 0.049692 0.990374 0.129190
vn 0.000000 0.000000 -1.000000
vn 0.000000 0.000000 -1.000000
vn 0.000000 0.000000 -1.000000
vn 0.000000 0.000000 -1.000000
vn -0.074894 -0.987387 -0.139493
vn -0.107656 -0.988342 -0.107656
vn -0.061868 -0.994299 -0.086839
vn -0.049129 -0.990590 -0.127738
vn -0.074899 -0.987628 0.137775
vn -0.104117 -0.989306 0.102146
vn -0.139493 -0.987387 0.074894
vn -0.091275 -0.991634 0.091275
vn 0.111704 -0.991952 -0.059603
vn 0.076328 -0.994157 -0.076328
vn 0.061656 -0.991366 -0.115723
vn 0.075245 -0.993810 -0.081733
vn 0.051747 -0.996011 0.072695
vn 0.041169 -0.993377 0.107275
vn 0.062829 -0.991144 0.116990
vn 0.090299 -0.991812 0.090299
vn -0.001245 -0.999998 0.001245
vn -0.006079 -0.999945 0.008568
vn 0.000000 -1.000000 0.000000
vn 0.000000 -1.000000 0.000000
vn -0.273204 -0.956092 0.106052
vn -0.297199 -0.941415 0.159408
vn -0.229888 -0.945676 0.229888
vn -0.189639 -0.972468 0.135434
vn -0.076978 -0.994057 -0.076978
vn -0.135434 -0.972468 -0.189639
vn -0.229888 -0.945676 -0.229888
vn -0.189639 -0.972468 -0.135434
vn 0.000000 -1.000000 0.000000
vn 0.000000 -1.000000 0.000000
vn 0.000000 -1.000000 0.000000
vn 0.000000 -1.000000 0.000000
vn 0.000000 0.000000 1.000000
vn 0.000000 0.000000 1.000000
vn 0.000000 0.000000 1.000000
vn 0.000000 0.000000 1.000000
vn 0.000000 1.000000 0.000000
vn 0.000000 1.000000 0.000000
vn 0.000000 1.000000 0.000000
vn 0.000000 1.000000 0.000000
vn 0.000000 1.000000 0.000000
vn 0.000000 1.000000 0.000000
vn 0.000000 1.000000 0.000000
vn 0.000000 1.000000 0.000000
vn 0.000000 1.000000 0.000000
vn 0.000000 1.000000 0.000000
vn 0.000000 1.000000 0.000000
vn -0.001619 0.999997 0.001619
vn 0.000000 1.000000 0.000000
vn 0.000000 1.000000 0.000000
vn -0.039824 0.999207 0.000000
vn -0.029752 0.999506 -0.010084
vn 0.010128 0.999646 -0.024614
vn 0.001872 0.999991 -0.003727
vn 0.002870 0.999960 -0.008468
vn 0.017523 0.998437 -0.053075
vn 0.115455 0.993312 -0.001317
vn 0.110899 0.992074 -0.059084
vn 0.075886 0.994225 -0.075886
vn 0.048290 0.998831 0.002198
vn -0.124906 0.990821 -0.051690
vn -0.058046 0.997758 -0.033312
vn -0.093040 0.994117 0.055453
vn -0.145721 0.989266 0.010875
vn -0.062816 0.994119 0.088217
vn -0.108766 0.988099 0.108766
vn -0.088217 0.994119 0.062816
vn -0.034752 0.998792 0.034752
vn 0.000000 0.000000 -1.000000
vn 0.000000 0.000000 -1.000000
vn 0.000000 0.000000 -1.000000
vn 0.000000 0.000000 -1.000000
vn 0.086839 -0.994299 -0.061868
vn 0.107656 -0.988342 -0.107656
vn 0.061868 -0.994299 -0.086839
vn 0.033856 -0.998853 -0.033856
vn 0.089091 -0.994518 -0.054745
vn 0.058081 -0.997726 0.034209
vn 0.124244 -0.990884 0.052077
vn 0.142098 -0.989793 -0.010881
vn -0.075270 -0.994318 0.075270
vn -0.110295 -0.992164 0.058694
vn -0.114786 -0.993390 0.001020
vn -0.048594 -0.998817 -0.001586
vn -0.002761 -0.999963 0.008180
vn -0.001782 -0.999992 0.003637
vn -0.010014 -0.999657 0.024181
vn -0.017089 -0.998505 0.051924
vn 0.038428 -0.999261 -0.000000
vn 0.000000 -1.000000 0.000000
vn 0.000000 -1.000000 0.000000
vn 0.028739 -0.999540 0.009700
vn 0.000000 -1.000000 0.000000
vn 0.000000 -1.000000 0.000000
vn 0.000000 -1.000000 0.000000
vn 0.001619 -0.999997 -0.001619
vn 0.000000 -1.000000 0.000000
vn 0.000000 -1.000000 0.000000
vn 0.000000 -1.000000 0.000000
vn 0.000000 -1.000000 0.000000
vn 0.000000 -1.000000 0.000000
vn 0.000000 -1.000000 0.000000
vn 0.000000 -1.000000 0.000000
vn 0.000000 -1.000000 0.000000
vn 0.000000 0.000000 1.000000
vn 0.000000 0.000000 1.000000
vn 0.000000 0.000000 1.000000
vn 0.000000 0.000000 1.000000
vn 0.000000 1.000000 0.000000
vn 0.000000 1.000000 0.000000
vn 0.000000 1.000000 0.000000
vn 0.000000 1.000000 0.000000
vn 0.000000 1.000000 0.000000
vn 0.000000 1.000000 0.000000
vn 0.000000 1.000000 0.000000
vn 0.000000 1.000000 0.000000
vn -0.183371 0.949890 0.253148
vn -0.053197 0.995722 0.075546
vn -0.072499 0.980222 0.184143
vn -0.195048 0.894990 0.401186
vn -0.459967 0.857728 -0.229638
vn -0.542907 0.839793 -0.000000
vn -0.438229 0.898863 0.000000
vn -0.445368 0.839828 -0.310382
vn -0.022500 0.999190 -0.033368
vn -0.055010 0.995440 -0.077931
vn -0.072566 0.980205 -0.184208
vn -0.019307 0.998965 -0.041194
vn -0.270645 0.938520 0.214318
vn -0.149455 0.988707 -0.011025
vn -0.167056 0.980173 0.106549
vn -0.228703 0.923572 0.307751
vn -0.350239 0.925259 -0.145702
vn -0.378634 0.924071 0.052236
vn -0.162817 0.986515 0.016713
vn -0.236803 0.948845 -0.208847
vn -0.007152 0.999926 -0.009849
vn -0.045455 0.996839 -0.065163
vn -0.055435 0.986379 -0.154868
vn -0.008883 0.999626 -0.025880
vn 0.000000 0.000000 -1.000000
vn 0.000000 0.000000 -1.000000
vn 0.000000 0.000000 -1.000000
vn 0.000000 0.000000 -1.000000
vn 0.054286 -0.986917 0.151813
vn 0.044776 -0.996978 0.063483
vn 0.006911 -0.999930 0.009608
vn 0.008547 -0.999649 0.025061
vn 0.162832 -0.986497 -0.017577
vn 0.377934 -0.924205 -0.054879
vn 0.347452 -0.926706 0.143154
vn 0.235765 -0.949642 0.206386
vn 0.167496 -0.980918 -0.098713
vn 0.146210 -0.989146 0.014613
vn 0.267275 -0.941064 -0.207273
vn 0.229316 -0.925254 -0.302192
vn 0.069453 -0.981275 0.179656
vn 0.053791 -0.995655 0.076012
vn 0.021966 -0.999223 0.032719
vn 0.018377 -0.999050 0.039517
vn 0.446464 -0.894801 -0.000000
vn 0.546268 -0.837611 0.000000
vn 0.456932 -0.859126 0.230469
vn 0.447905 -0.836672 0.315216
vn 0.069382 -0.981292 -0.179588
vn 0.052039 -0.995923 -0.073684
vn 0.179135 -0.952071 -0.247934
vn 0.189826 -0.899052 -0.394553
vn 0.000000 -1.000000 0.000000
vn 0.000000 -1.000000 0.000000
vn 0.000000 -1.000000 0.000000
vn 0.000000 -1.000000 0.000000
vn 0.000000 -1.000000 0.000000
vn 0.000000 -1.000000 0.000000
vn 0.000000 -1.000000 0.000000
vn 0.000000 -1.000000 0.000000
vn 0.000000 0.000000 1.000000
vn 0.000000 0.000000 1.000000
vn 0.000000 0.000000 1.000000
vn 0.000000 0.000000 1.000000
vn 0.000000 1.000000 0.000000
vn 0.000000 1.000000 0.000000
vn 0.000000 1.000000 0.000000
vn 0.000000 1.000000 0.000000
vn 0.000000 1.000000 0.000000
vn 0.000000 1.000000 0.000000
vn 0.000000 1.000000 0.000000
vn 0.000000 1.000000 0.000000
vn 0.185316 0.860262 0.474982
vn 0.070095 0.975039 0.210680
vn 0.055400 0.991319 0.119238
vn 0.194539 0.924684 0.327284
vn 0.374742 0.852984 -0.363299
vn 0.276726 0.960949 -0.000000
vn 0.531142 0.847283 0.000000
vn 0.492698 0.822351 -0.284583
vn 0.008441 0.999469 -0.031485
vn 0.070095 0.975039 -0.210680
vn 0.055400 0.991319 -0.119238
vn 0.007168 0.999848 -0.015885
vn 0.155117 0.963694 0.217332
vn 0.045455 0.996839 0.065163
vn 0.018219 0.999591 0.022050
vn 0.089860 0.991892 0.089860
vn 0.335022 0.924939 -0.179580
vn 0.338208 0.941072 0.000000
vn 0.384386 0.923172 0.000000
vn 0.309910 0.943120 -0.120336
vn 0.007152 0.999926 -0.009849
vn 0.045455 0.996839 -0.065163
vn 0.018219 0.999591 -0.022050
vn 0.001349 0.999998 -0.001349
vn 0.000000 0.000000 -1.000000
vn 0.000000 0.000000 -1.000000
vn 0.000000 0.000000 -1.000000
vn 0.000000 0.000000 -1.000000
vn -0.017776 -0.999616 0.021242
vn -0.044776 -0.996978 0.063483
vn -0.006911 -0.999930 0.009608
vn -0.001349 -0.999998 0.001349
vn -0.381320 -0.924443 -0.000000
vn -0.335624 -0.941996 0.000000
vn -0.332462 -0.926109 0.178302
vn -0.306595 -0.944357 0.119117
vn -0.017776 -0.999616 -0.021242
vn -0.044776 -0.996978 -0.063483
vn -0.153162 -0.964694 -0.214261
vn -0.087505 -0.992313 -0.087505
vn -0.050397 -0.993329 0.103723
vn -0.068802 -0.978708 0.193383
vn -0.008143 -0.999632 0.025858
vn -0.006118 -0.999914 0.011602
vn -0.546430 -0.837505 0.000000
vn -0.300292 -0.953847 -0.000000
vn -0.390367 -0.844304 0.367103
vn -0.497447 -0.819816 0.283634
vn -0.050397 -0.993329 -0.103723
vn -0.068802 -0.978708 -0.193383
vn -0.188793 -0.865589 -0.463803
vn -0.189334 -0.931481 -0.310639
vn 0.000000 -1.000000 0.000000
vn 0.000000 -1.000000 0.000000
vn 0.000000 -1.000000 0.000000
vn 0.000000 -1.000000 0.000000
vn 0.000000 -1.000000 0.000000
vn 0.000000 -1.000000 0.000000
vn 0.000000 -1.000000 0.000000
vn 0.000000 -1.000000 0.000000
vn 0.000000 0.000000 1.000000
vn 0.000000 0.000000 1.000000
vn 0.000000 0.000000 1.000000
vn 0.000000 0.000000 1.000000
vn 0.000000 1.000000 0.000000
vn 0.000000 1.000000 0.000000
vn 0.000000 1.000000 0.000000
vn 0.000000 1.000000 0.000000
vn 0.000000 1.000000 0.000000
vn 0.000000 1.000000 0.000000
vn 0.000000 1.000000 0.000000
vn 0.000000 1.000000 0.000000
vn 0.017237 0.999753 0.014004
vn 0.002346 0.999994 0.002346
vn 0.000000 1.000000 0.000000
vn 0.000442 1.000000 0.000442
vn 0.105039 0.993747 -0.037866
vn 0.181359 0.983417 -0.000000
vn 0.019816 0.999804 -0.000000
vn 0.014267 0.999883 -0.005550
vn 0.000000 1.000000 0.000000
vn 0.002346 0.999994 -0.002346
vn 0.000000 1.000000 0.000000
vn 0.000000 1.000000 0.000000
vn 0.000000 1.000000 0.000000
vn 0.000000 1.000000 0.000000
vn 0.000000 1.000000 0.000000
vn 0.000000 1.000000 0.000000
vn 0.000000 1.000000 0.000000
vn 0.000000 1.000000 0.000000
vn 0.000000 1.000000 0.000000
vn 0.000000 1.000000 0.000000
vn 0.000000 1.000000 0.000000
vn 0.000000 1.000000 0.000000
vn 0.000000 1.000000 0.000000
vn 0.000000 1.000000 0.000000
vn 0.000000 0.000000 -1.000000
vn 0.000000 0.000000 -1.000000
vn 0.000000 0.000000 -1.000000
vn 0.000000 0.000000 -1.000000
vn 0.000000 -1.000000 0.000000
vn 0.000000 -1.000000 0.000000
vn 0.000000 -1.000000 0.000000
vn 0.000000 -1.000000 0.000000
vn 0.000000 -1.000000 0.000000
vn 0.000000 -1.000000 0.000000
vn 0.000000 -1.000000 0.000000
vn 0.000000 -1.000000 0.000000
vn 0.000000 -1.000000 0.000000
vn 0.000000 -1.000000 0.000000
vn 0.000000 -1.000000 0.000000
vn 0.000000 -1.000000 0.000000
vn 0.000000 -1.000000 0.000000
vn -0.001477 -0.999998 0.001477
vn 0.000000 -1.000000 0.000000
vn 0.000000 -1.000000 0.000000
vn -0.014355 -0.999897 -0.000000
vn -0.156922 -0.987611 0.000000
vn -0.090451 -0.995357 0.032895
vn -0.009920 -0.999941 0.004436
vn 0.000000 -1.000000 0.000000
vn -0.001477 -0.999998 -0.001477
vn -0.015306 -0.999807 -0.012353
vn 0.000000 -1.000000 0.000000
vn 0.000000 -1.000000 0.000000
vn 0.000000 -1.000000 0.000000
vn 0.000000 -1.000000 0.000000
vn 0.000000 -1.000000 0.000000
vn 0.000000 -1.000000 0.000000
vn 0.000000 -1.000000 0.000000
vn 0.000000 -1.000000 0.000000
vn 0.000000 -1.000000 0.000000
vn 0.000000 0.000000 1.000000
vn 0.000000 0.000000 1.000000
vn 0.000000 0.000000 1.000000
vn 0.000000 0.000000 1.000000
vn 0.000000 1.000000 0.000000
vn 0.000000 1.000000 0.000000
vn 0.000000 1.000000 0.000000
vn 0.000000 1.000000 0.000000
vn 0.000000 1.000000 0.000000
vn 0.000000 1.000000 0.000000
vn 0.000000 1.000000 0.000000
vn 0.000000 1.000000 0.000000
vn 0.000000 1.000000 0.000000
vn 0.000000 1.000000 0.000000
vn 0.000000 1.000000 0.000000
vn 0.000000 1.000000 0.000000
vn 0.000000 1.000000 0.000000
vn 0.000000 1.000000 0.000000
vn 0.000000 1.000000 0.000000
vn 0.000000 1.000000 0.000000
vn 0.000000 1.000000 0.000000
vn 0.000000 1.000000 0.000000
vn 0.000000 1.000000 0.000000
vn 0.000000 1.000000 0.000000
vn 0.000000 1.000000 0.000000
vn 0.000000 1.000000 0.000000
vn 0.000000 1.000000 0.000000
vn 0.000000 1.000000 0.000000
vn 0.000000 1.000000 0.000000
vn 0.000000 1.000000 0.000000
vn 0.000000 1.000000 0.000000
vn 0.000000 1.000000 0.000000
vn 0.000000 1.000000 0.000000
vn 0.000000 1.000000 0.000000
vn 0.000000 1.000000 0.000000
vn 0.004154 0.999983 0.004154
vn 0.006321 0.999941 0.008811
vn 0.001245 0.999998 0.001245
vn 0.016577 0.999662 0.020047
vn 0.040012 0.997531 0.057709
vn -0.000000 0.999531 0.030635
vn 0.007756 0.999708 0.022884
vn 0.048694 0.989329 0.137322
vn -0.000000 0.972615 0.232421
vn -0.006321 0.999941 0.008811
vn -0.007756 0.999708 0.022884
vn -0.048694 0.989329 0.137322
vn -0.040012 0.997531 0.057709
vn 0.000000 1.000000 0.000000
vn -0.001245 0.999998 0.001245
vn -0.016577 0.999662 0.020047
vn -0.004154 0.999983 0.004154
vn 0.000000 1.000000 0.000000
vn 0.000000 1.000000 0.000000
vn 0.000000 1.000000 0.000000
vn 0.000000 1.000000 0.000000
vn 0.000000 1.000000 0.000000
vn 0.000000 1.000000 0.000000
vn 0.000000 1.000000 0.000000
vn 0.000000 1.000000 0.000000
vn 0.000000 1.000000 0.000000
vn 0.000000 1.000000 0.000000
vn 0.000000 1.000000 0.000000
vn 0.000000 1.000000 0.000000
vn 0.000000 1.000000 0.000000
vn 0.000000 1.000000 0.000000
vn 0.000000 1.000000 0.000000
vn 0.000000 1.000000 0.000000
vn -1.000000 0.000000 0.000000
vn -1.000000 0.000000 0.000000
vn -1.000000 0.000000 0.000000
vn -1.000000 0.000000 0.000000
vn 0.000000 -1.000000 0.000000
vn 0.000000 -1.000000 0.000000
vn 0.000000 -1.000000 0.000000
vn 0.000000 -1.000000 0.000000
vn 0.000000 -1.000000 0.000000
vn 0.000000 -1.000000 0.000000
vn 0.000000 -1.000000 0.000000
vn 0.000000 -1.000000 0.000000
vn 0.000000 -1.000000 0.000000
vn 0.000000 -1.000000 0.000000
vn 0.000000 -1.000000 0.000000
vn 0.000000 -1.000000 0.000000
vn 0.000000 -1.000000 0.000000
vn 0.000000 -1.000000 0.000000
vn 0.000000 -1.000000 0.000000
vn 0.000000 -1.000000 0.000000
vn 0.001245 -0.999998 -0.001245
vn 0.000000 -1.000000 0.000000
vn 0.003962 -0.999984 -0.003962
vn 0.016226 -0.999679 -0.019479
vn 0.007461 -0.999728 -0.022104
vn 0.006079 -0.999945 -0.008568
vn 0.039220 -0.997636 -0.056423
vn 0.047636 -0.989774 -0.134453
vn -0.007461 -0.999728 -0.022104
vn 0.000000 -0.999563 -0.029560
vn 0.000000 -0.973485 -0.228749
vn -0.047636 -0.989774 -0.134453
vn -0.001245 -0.999998 -0.001245
vn -0.006079 -0.999945 -0.008568
vn -0.039220 -0.997636 -0.056423
vn -0.016226 -0.999679 -0.019479
vn 0.000000 -1.000000 0.000000
vn 0.000000 -1.000000 0.000000
vn -0.003962 -0.999984 -0.003962
vn 0.000000 -1.000000 0.000000
vn 0.000000 -1.000000 0.000000
vn 0.000000 -1.000000 0.000000
vn 0.000000 -1.000000 0.000000
vn 0.000000 -1.000000 0.000000
vn 0.000000 -1.000000 0.000000
vn 0.000000 -1.000000 0.000000
vn 0.000000 -1.000000 0.000000
vn 0.000000 -1.000000 0.000000
vn 0.000000 -1.000000 0.000000
vn 0.000000 -1.000000 0.000000
vn 0.000000 -1.000000 0.000000
vn 0.000000 -1.000000 0.000000
vn 0.000000 -1.000000 0.000000
vn 0.000000 -1.000000 0.000000
vn 0.000000 -1.000000 0.000000
vn 0.000000 -1.000000 0.000000
vn 0.000000 -1.000000 0.000000
vn 0.000000 -1.000000 0.000000
vn 0.000000 -1.000000 0.000000
vn 0.000000 -1.000000 0.000000
vn 0.000000 -1.000000 0.000000
vn 0.000000 -1.000000 0.000000
vn 0.000000 -1.000000 0.000000
vn 0.000000 -1.000000 0.000000
vn 0.000000 -1.000000 0.000000
vn 0.000000 -1.000000 0.000000
vn 0.000000 -1.000000 0.000000
vn 0.000000 -1.000000 0.000000
vn 1.000000 0.000000 0.000000
vn 1.000000 0.000000 0.000000
vn 1.000000 0.000000 0.000000
vn 1.000000 0.000000 0.000000
vn 0.000000 1.000000 0.000000
vn 0.000000 1.000000 0.000000
vn 0.000000 1.000000 0.000000
vn 0.000000 1.000000 0.000000
vn 0.000000 1.000000 0.000000
vn 0.000000 1.000000 0.000000
vn 0.000442 1.000000 0.000442
vn 0.003917 0.999981 0.004801
vn 0.008441 0.999469 0.031485
vn 0.000000 1.000000 0.000000
vn 0.000000 1.000000 0.000000
vn 0.007168 0.999848 0.015885
vn 0.000000 1.000000 0.000000
vn 0.000000 1.000000 0.000000
vn 0.004637 0.998997 0.044544
vn -0.004138 0.998976 0.045042
vn -0.008220 0.999901 0.011456
vn 0.000000 1.000000 0.000000
vn 0.000000 1.000000 0.000000
vn -0.010629 0.999484 0.030297
vn 0.000000 1.000000 0.000000
vn 0.000000 1.000000 0.000000
vn -0.001619 0.999997 0.001619
vn 0.000000 1.000000 0.000000
vn 0.000000 1.000000 0.000000
vn 0.000000 1.000000 0.000000
vn 0.000000 1.000000 0.000000
vn 0.000000 1.000000 0.000000
vn 0.137322 0.989329 0.048695
vn 0.022884 0.999708 0.007756
vn 0.030635 0.999531 -0.000000
vn 0.232421 0.972615 -0.000000
vn 0.301488 0.953470 -0.000000
vn 0.299633 0.940429 0.160667
vn 0.276183 0.955117 0.107121
vn 0.343486 0.939158 0.000000
vn 0.000000 0.991945 0.126672
vn 0.199858 0.959226 0.199857
vn 0.126672 0.991945 -0.000000
vn 0.000000 1.000000 -0.000000
vn -0.301488 0.953470 -0.000000
vn -0.299633 0.940429 0.160667
vn -0.199858 0.959226 0.199857
vn -0.126672 0.991945 -0.000000
vn -0.137322 0.989329 0.048695
vn -0.276183 0.955117 0.107121
vn -0.343486 0.939158 -0.000000
vn -0.232421 0.972615 -0.000000
vn 0.000000 1.000000 0.000000
vn 0.000000 1.000000 0.000000
vn -0.022884 0.999708 0.007756
vn -0.030635 0.999531 0.000000
vn 0.000000 1.000000 0.000000
vn 0.000000 1.000000 0.000000
vn 0.000000 1.000000 0.000000
vn 0.000000 1.000000 0.000000
vn 0.000000 1.000000 0.000000
vn 0.000000 1.000000 0.000000
vn 0.000000 1.000000 0.000000
vn 0.000000 1.000000 0.000000
vn 0.000000 1.000000 0.000000
vn 0.000000 1.000000 0.000000
vn 0.000000 1.000000 0.000000
vn 0.000000 1.000000 0.000000
vn -1.000000 0.000000 0.000000
vn -1.000000 0.000000 0.000000
vn -1.000000 0.000000 0.000000
vn -1.000000 0.000000 0.000000
vn 0.000000 -1.000000 0.000000
vn 0.000000 -1.000000 0.000000
vn 0.000000 -1.000000 0.000000
vn 0.000000 -1.000000 0.000000
vn 0.000000 -1.000000 0.000000
vn 0.000000 -1.000000 0.000000
vn 0.000000 -1.000000 0.000000
vn 0.000000 -1.000000 0.000000
vn 0.000000 -1.000000 0.000000
vn 0.000000 -1.000000 0.000000
vn 0.000000 -1.000000 0.000000
vn 0.000000 -1.000000 0.000000
vn 0.022104 -0.999728 -0.007461
vn 0.000000 -1.000000 0.000000
vn 0.000000 -1.000000 0.000000
vn 0.029560 -0.999563 0.000000
vn 0.273204 -0.956092 -0.106052
vn 0.134453 -0.989774 -0.047636
vn 0.228749 -0.973485 -0.000000
vn 0.340507 -0.940242 0.000000
vn 0.198358 -0.959848 -0.198358
vn 0.297199 -0.941415 -0.159408
vn 0.299264 -0.954170 -0.000000
vn 0.125762 -0.992060 -0.000000
vn -0.198358 -0.959848 -0.198358
vn 0.000000 -0.992060 -0.125762
vn -0.000000 -1.000000 0.000000
vn -0.125762 -0.992060 0.000000
vn -0.273204 -0.956092 -0.106052
vn -0.297199 -0.941415 -0.159408
vn -0.299264 -0.954170 -0.000000
vn -0.340507 -0.940242 -0.000000
vn -0.022104 -0.999728 -0.007461
vn -0.134453 -0.989774 -0.047636
vn -0.228749 -0.973485 -0.000000
vn -0.029560 -0.999563 0.000000
vn 0.000000 -1.000000 0.000000
vn 0.000000 -1.000000 0.000000
vn 0.000000 -1.000000 0.000000
vn 0.000000 -1.000000 0.000000
vn 0.000000 -1.000000 0.000000
vn 0.000000 -1.000000 0.000000
vn 0.000000 -1.000000 0.000000
vn 0.001619 -0.999997 -0.001619
vn 0.000000 -1.000000 0.000000
vn 0.000000 -1.000000 0.000000
vn 0.007904 -0.999907 -0.011141
vn 0.009908 -0.999532 -0.028946
vn 0.000000 -1.000000 0.000000
vn 0.000000 -1.000000 0.000000
vn 0.002980 -0.999121 -0.041818
vn -0.005408 -0.999209 -0.039394
vn 0.000000 -1.000000 0.000000
vn 0.000000 -1.000000 0.000000
vn -0.008143 -0.999632 -0.025858
vn -0.006118 -0.999914 -0.011602
vn 0.000000 -1.000000 0.000000
vn 0.000000 -1.000000 0.000000
vn -0.002742 -0.999992 -0.002742
vn 0.000000 -1.000000 0.000000
vn 0.000000 -1.000000 0.000000
vn 0.000000 -1.000000 0.000000
vn 0.000000 -1.000000 0.000000
vn 0.000000 -1.000000 0.000000
vn 1.000000 0.000000 0.000000
vn 1.000000 0.000000 0.000000
vn 1.000000 0.000000 0.000000
vn 1.000000 0.000000 0.000000
vn 0.105039 0.993747 0.037866
vn 0.039213 0.998858 0.027293
vn 0.004801 0.999981 0.003917
vn 0.014267 0.999883 0.005550
vn 0.274380 0.928019 0.251985
vn 0.158478 0.980666 0.114803
vn 0.252110 0.962083 0.104105
vn 0.415539 0.888215 0.195965
vn 0.374742 0.852984 0.363299
vn 0.286422 0.803866 0.521309
vn 0.364731 0.839122 0.403542
vn 0.492698 0.822351 0.284583
vn -0.196041 0.814000 0.546784
vn 0.060203 0.838840 0.541039
vn 0.069849 0.967823 0.241744
vn -0.263945 0.886993 0.378916
vn -0.459966 0.857728 0.229638
vn -0.332850 0.886654 0.321025
vn -0.333265 0.826798 0.453143
vn -0.445368 0.839828 0.310382
vn -0.075137 0.995775 0.052786
vn -0.247604 0.952485 0.177385
vn -0.359628 0.922010 0.143407
vn -0.175550 0.982444 0.063127
vn 0.000000 1.000000 0.000000
vn 0.000000 1.000000 0.000000
vn -0.011456 0.999901 0.008220
vn -0.029752 0.999506 0.010084
vn 0.020047 0.999662 -0.016577
vn 0.001245 0.999998 -0.001245
vn 0.000000 1.000000 0.000000
vn 0.004154 0.999983 -0.004154
vn 0.040012 0.997531 -0.057709
vn 0.137458 0.971615 -0.192537
vn 0.078937 0.993749 -0.078937
vn 0.016577 0.999662 -0.020047
vn 0.000000 0.939158 -0.343486
vn 0.107121 0.955117 -0.276183
vn 0.048695 0.989329 -0.137322
vn 0.000000 0.972615 -0.232421
vn -0.040012 0.997531 -0.057709
vn -0.137458 0.971614 -0.192537
vn -0.107121 0.955117 -0.276183
vn -0.048695 0.989329 -0.137322
vn -0.020047 0.999662 -0.016577
vn -0.078937 0.993749 -0.078937
vn -0.016577 0.999662 -0.020047
vn -0.004154 0.999983 -0.004154
vn 0.000000 1.000000 0.000000
vn 0.000000 1.000000 0.000000
vn -0.001245 0.999998 -0.001245
vn 0.000000 1.000000 0.000000
vn 0.000000 1.000000 0.000000
vn 0.000000 1.000000 0.000000
vn 0.000000 1.000000 0.000000
vn 0.000000 1.000000 0.000000
vn 0.000000 1.000000 0.000000
vn 0.000000 1.000000 0.000000
vn 0.000000 1.000000 0.000000
vn 0.000000 1.000000 0.000000
vn 0.000000 1.000000 0.000000
vn 0.000000 1.000000 0.000000
vn 0.000000 1.000000 0.000000
vn 0.000000 1.000000 0.000000
vn -1.000000 0.000000 0.000000
vn -1.000000 0.000000 0.000000
vn -1.000000 0.000000 0.000000
vn -1.000000 0.000000 0.000000
vn 0.000000 -1.000000 0.000000
vn 0.000000 -1.000000 0.000000
vn 0.000000 -1.000000 0.000000
vn 0.000000 -1.000000 0.000000
vn 0.000000 -1.000000 0.000000
vn 0.000000 -1.000000 0.000000
vn 0.000000 -1.000000 0.000000
vn 0.000000 -1.000000 0.000000
vn 0.000000 -1.000000 0.000000
vn 0.000000 -1.000000 0.000000
vn 0.000000 -1.000000 0.000000
vn 0.000000 -1.000000 0.000000
vn 0.001245 -0.999998 0.001245
vn 0.000000 -1.000000 0.000000
vn 0.000000 -1.000000 0.000000
vn 0.000000 -1.000000 0.000000
vn 0.076978 -0.994057 0.076978
vn 0.019479 -0.999679 0.016226
vn 0.003962 -0.999984 0.003962
vn 0.016226 -0.999679 0.019479
vn 0.106052 -0.956092 0.273204
vn 0.135434 -0.972468 0.189639
vn 0.039220 -0.997636 0.056423
vn 0.047636 -0.989774 0.134453
vn -0.106052 -0.956092 0.273204
vn 0.000000 -0.940242 0.340507
vn 0.000000 -0.973485 0.228749
vn -0.047636 -0.989774 0.134453
vn -0.076978 -0.994057 0.076978
vn -0.135434 -0.972468 0.189639
vn -0.039220 -0.997636 0.056423
vn -0.016226 -0.999679 0.019479
vn -0.001245 -0.999998 0.001245
vn -0.019479 -0.999679 0.016226
vn -0.003962 -0.999984 0.003962
vn 0.000000 -1.000000 0.000000
vn 0.011141 -0.999907 -0.007904
vn 0.000000 -1.000000 0.000000
vn 0.000000 -1.000000 0.000000
vn 0.028739 -0.999540 -0.009700
vn 0.243529 -0.954088 -0.174383
vn 0.073352 -0.995965 -0.051706
vn 0.171918 -0.983171 -0.061801
vn 0.354979 -0.924019 -0.142053
vn 0.330717 -0.827507 -0.453716
vn 0.327574 -0.889599 -0.318291
vn 0.456932 -0.859125 -0.230469
vn 0.447905 -0.836672 -0.315216
vn -0.070747 -0.832152 -0.550016
vn 0.194018 -0.811512 -0.551185
vn 0.264971 -0.882733 -0.388037
vn -0.084931 -0.964474 -0.250153
vn -0.364545 -0.842731 -0.396121
vn -0.295782 -0.801413 -0.519856
vn -0.390368 -0.844304 -0.367103
vn -0.497447 -0.819816 -0.283634
vn -0.141740 -0.984484 -0.103441
vn -0.261841 -0.934831 -0.239856
vn -0.405595 -0.893867 -0.191035
vn -0.233596 -0.967473 -0.097107
vn -0.002742 -0.999992 -0.002742
vn -0.031987 -0.999249 -0.021869
vn -0.090451 -0.995357 -0.032895
vn -0.009920 -0.999941 -0.004436
vn 1.000000 0.000000 0.000000
vn 1.000000 0.000000 0.000000
vn 1.000000 0.000000 0.000000
vn 1.000000 0.000000 0.000000
vn 0.017237 0.999753 -0.014004
vn 0.039213 0.998858 -0.027293
vn 0.004801 0.999981 -0.003917
vn 0.000442 1.000000 -0.000442
vn 0.274380 0.928019 -0.251985
vn 0.158478 0.980666 -0.114803
vn 0.056423 0.996811 -0.056423
vn 0.126418 0.977429 -0.169264
vn 0.185316 0.860262 -0.474982
vn 0.286422 0.803866 -0.521309
vn 0.364731 0.839122 -0.403542
vn 0.194539 0.924684 -0.327284
vn -0.196041 0.814000 -0.546784
vn 0.060202 0.838840 -0.541039
vn 0.047513 0.797278 -0.601740
vn -0.126207 0.848099 -0.514587
vn -0.183371 0.949890 -0.253148
vn -0.332850 0.886654 -0.321025
vn -0.333265 0.826798 -0.453143
vn -0.195048 0.894990 -0.401186
vn -0.075137 0.995775 -0.052786
vn -0.247604 0.952485 -0.177385
vn -0.102886 0.989358 -0.102886
vn -0.023619 0.999526 -0.019768
vn 0.000000 1.000000 0.000000
vn 0.000000 1.000000 0.000000
vn -0.011456 0.999901 -0.008220
vn -0.001619 0.999997 -0.001619
vn -0.000467 1.000000 -0.000467
vn 0.000000 1.000000 0.000000
vn -0.001558 0.999998 -0.001558
vn -0.007780 0.999923 -0.009659
vn -0.017783 0.998393 -0.053804
vn -0.002910 0.999959 -0.008587
vn -0.002371 0.999992 -0.003305
vn -0.015001 0.999613 -0.023424
vn 0.002910 0.999959 -0.008587
vn 0.000000 0.999934 -0.011497
vn 0.000000 0.996981 -0.077650
vn 0.017783 0.998393 -0.053804
vn 0.007780 0.999923 -0.009659
vn 0.000467 1.000000 -0.000467
vn 0.002371 0.999992 -0.003305
vn 0.015001 0.999613 -0.023424
vn 0.000000 1.000000 0.000000
vn 0.000000 1.000000 0.000000
vn 0.001558 0.999998 -0.001558
vn 0.002300 0.999995 0.002300
vn 0.014348 0.999001 0.042316
vn 0.000000 1.000000 0.000000
vn 0.000000 1.000000 0.000000
vn 0.011695 0.999799 0.016295
vn 0.000000 1.000000 0.000000
vn 0.000000 1.000000 0.000000
vn 0.000000 0.998395 0.056629
vn -0.014348 0.999001 0.042316
vn -0.002300 0.999995 0.002300
vn 0.000000 1.000000 0.000000
vn 0.000000 1.000000 0.000000
vn -0.011695 0.999799 0.016295
vn 0.000000 1.000000 0.000000
vn 0.000000 1.000000 0.000000
vn 0.000000 1.000000 0.000000
vn 0.000000 1.000000 0.000000
vn -1.000000 0.000000 0.000000
vn -1.000000 0.000000 0.000000
vn -1.000000 0.000000 0.000000
vn -1.000000 0.000000 0.000000
vn 0.000000 -1.000000 0.000000
vn 0.000000 -1.000000 0.000000
vn 0.000000 -1.000000 0.000000
vn 0.000000 -1.000000 0.000000
vn 0.000000 -1.000000 0.000000
vn 0.000000 -1.000000 0.000000
vn 0.002055 -0.999996 -0.002055
vn 0.011098 -0.999823 -0.015208
vn 0.000000 -1.000000 0.000000
vn 0.000000 -1.000000 0.000000
vn 0.013865 -0.999097 -0.040152
vn 0.000000 -0.998542 -0.053986
vn 0.000000 -1.000000 0.000000
vn 0.000000 -1.000000 0.000000
vn -0.013865 -0.999097 -0.040152
vn -0.011098 -0.999823 -0.015208
vn 0.000000 -1.000000 0.000000
vn 0.000000 -1.000000 0.000000
vn -0.002055 -0.999996 -0.002055
vn -0.001486 -0.999998 0.001486
vn -0.002281 -0.999992 0.003214
vn -0.000467 -1.000000 0.000467
vn -0.007630 -0.999927 0.009390
vn -0.014750 -0.999626 0.023045
vn 0.000000 -0.999939 0.011093
vn -0.002799 -0.999962 0.008294
vn -0.017343 -0.998463 0.052638
vn 0.000000 -0.997093 0.076189
vn 0.002281 -0.999992 0.003214
vn 0.002799 -0.999962 0.008294
vn 0.017343 -0.998463 0.052638
vn 0.014750 -0.999626 0.023045
vn 0.000000 -1.000000 0.000000
vn 0.000467 -1.000000 0.000467
vn 0.007630 -0.999927 0.009390
vn 0.001486 -0.999998 0.001486
vn 0.011141 -0.999907 0.007904
vn 0.000000 -1.000000 0.000000
vn 0.000000 -1.000000 0.000000
vn 0.001619 -0.999997 0.001619
vn 0.243529 -0.954088 0.174383
vn 0.073352 -0.995965 0.051706
vn 0.022941 -0.999550 0.019330
vn 0.100376 -0.989873 0.100376
vn 0.330717 -0.827507 0.453716
vn 0.327574 -0.889599 0.318291
vn 0.179135 -0.952071 0.247934
vn 0.189826 -0.899052 0.394553
vn -0.070748 -0.832152 0.550016
vn 0.194018 -0.811512 0.551185
vn 0.121700 -0.851126 0.510659
vn -0.054811 -0.797793 0.600435
vn -0.364545 -0.842731 0.396121
vn -0.295782 -0.801413 0.519856
vn -0.188793 -0.865589 0.463803
vn -0.189334 -0.931481 0.310639
vn -0.141740 -0.984485 0.103441
vn -0.261841 -0.934831 0.239856
vn -0.114891 -0.981629 0.152328
vn -0.045110 -0.997963 0.045110
vn -0.002742 -0.999992 0.002742
vn -0.031987 -0.999249 0.021869
vn -0.015306 -0.999807 0.012353
vn 0.000000 -1.000000 0.000000
vn 1.000000 0.000000 0.000000
vn 1.000000 0.000000 0.000000
vn 1.000000 0.000000 0.000000
vn 1.000000 0.000000 0.000000
vn 0.000000 1.000000 0.000000
vn 0.000000 1.000000 0.000000
vn 0.000000 1.000000 0.000000
vn 0.000000 1.000000 0.000000
vn 0.000000 1.000000 0.000000
vn 0.000000 1.000000 0.000000
vn 0.000000 1.000000 0.000000
vn 0.000000 1.000000 0.000000
vn 0.007152 0.999926 0.009849
vn 0.000000 1.000000 0.000000
vn 0.000000 1.000000 0.000000
vn 0.001349 0.999998 0.001349
vn -0.009547 0.999925 -0.007688
vn -0.000460 1.000000 -0.000460
vn 0.005389 0.999659 0.025569
vn -0.042799 0.998934 0.017271
vn -0.101044 0.992130 -0.073954
vn -0.051833 0.995995 -0.072854
vn -0.028543 0.999185 -0.028543
vn -0.094123 0.994766 -0.039777
vn -0.000000 0.991397 -0.130891
vn -0.041055 0.993404 -0.107061
vn -0.065080 0.991358 -0.113906
vn 0.000000 0.993087 -0.117384
vn 0.078512 0.992991 -0.088340
vn 0.040167 0.996411 -0.074510
vn 0.041055 0.993404 -0.107061
vn 0.062520 0.991228 -0.116443
vn -0.092930 0.994252 -0.053161
vn -0.024920 0.998766 -0.042969
vn -0.004932 0.998374 -0.056788
vn -0.111291 0.993721 -0.011558
vn -0.051287 0.998684 0.000000
vn -0.076952 0.994061 -0.076952
vn -0.117229 0.991027 -0.064215
vn -0.118397 0.992966 -0.000426
vn 0.076952 0.994061 -0.076952
vn 0.000000 0.998684 -0.051287
vn 0.000000 1.000000 0.000000
vn 0.051287 0.998684 0.000000
vn 0.144210 0.989539 0.003933
vn 0.132452 0.990869 -0.025214
vn 0.118053 0.990982 -0.063383
vn 0.118980 0.992897 -0.000000
vn 0.344032 0.908669 0.236564
vn 0.154308 0.986959 0.045834
vn 0.295064 0.951089 0.091468
vn 0.472560 0.862009 0.183381
vn 0.340776 0.866929 0.363739
vn 0.263005 0.830730 0.490628
vn 0.382708 0.840874 0.382708
vn 0.495681 0.824081 0.274211
vn -0.263005 0.830730 0.490628
vn 0.000000 0.863523 0.504309
vn -0.015571 0.962890 0.269445
vn -0.341473 0.875672 0.341460
vn -0.463489 0.867553 0.180360
vn -0.334661 0.911487 0.239154
vn -0.382709 0.840874 0.382708
vn -0.490654 0.830704 0.263039
vn -0.032571 0.999196 0.023376
vn -0.107597 0.991241 0.076579
vn -0.242968 0.965971 0.088696
vn -0.084379 0.996023 0.028610
vn -1.000000 0.000000 0.000000
vn -1.000000 0.000000 0.000000
vn -1.000000 0.000000 0.000000
vn -1.000000 0.000000 0.000000
vn 0.080087 -0.996404 -0.027655
vn 0.236977 -0.967623 -0.086881
vn 0.102664 -0.991997 -0.073498
vn 0.030400 -0.999292 -0.022184
vn 0.378919 -0.844299 -0.378919
vn 0.329098 -0.914489 -0.235383
vn 0.458022 -0.870824 -0.178556
vn 0.486345 -0.833853 -0.261068
vn 0.000000 -0.865942 -0.500145
vn 0.261028 -0.833885 -0.486313
vn 0.338880 -0.877685 -0.338866
vn 0.017174 -0.962085 -0.272209
vn -0.378919 -0.844299 -0.378919
vn -0.261028 -0.833885 -0.486314
vn -0.338429 -0.868047 -0.363262
vn -0.492005 -0.826675 -0.273020
vn -0.148288 -0.988066 -0.041673
vn -0.338207 -0.911804 -0.232873
vn -0.466946 -0.865431 -0.181634
vn -0.288365 -0.953313 -0.089663
vn -0.116990 -0.991144 0.062829
vn -0.129728 -0.991224 0.025416
vn -0.142396 -0.989802 -0.003839
vn -0.118028 -0.993010 0.000000
vn 0.000000 -0.998702 0.050936
vn -0.076328 -0.994157 0.076328
vn -0.050936 -0.998702 0.000000
vn 0.000000 -1.000000 0.000000
vn 0.116166 -0.991188 0.063661
vn 0.076328 -0.994157 0.076328
vn 0.050936 -0.998702 0.000000
vn 0.117456 -0.993078 0.000413
vn 0.024393 -0.998826 0.041853
vn 0.092196 -0.994360 0.052420
vn 0.110943 -0.993765 0.011071
vn 0.004822 -0.998430 0.055801
vn -0.040603 -0.993555 0.105826
vn -0.039847 -0.996519 0.073230
vn -0.078209 -0.993100 0.087385
vn -0.061973 -0.991385 0.115393
vn 0.040603 -0.993555 0.105826
vn 0.000000 -0.991571 0.129564
vn 0.000000 -0.993197 0.116445
vn 0.064028 -0.991489 0.113357
vn 0.027812 -0.999226 0.027812
vn 0.051031 -0.996120 0.071695
vn 0.099729 -0.992230 0.074395
vn 0.090954 -0.995141 0.037707
vn 0.000460 -1.000000 0.000460
vn 0.009281 -0.999929 0.007539
vn 0.042179 -0.998981 -0.016075
vn -0.005154 -0.999680 -0.024774
vn 0.000000 -1.000000 0.000000
vn 0.000000 -1.000000 0.000000
vn -0.006911 -0.999930 -0.009608
vn -0.001349 -0.999998 -0.001349
vn 0.000000 -1.000000 0.000000
vn 0.000000 -1.000000 0.000000
vn 0.000000 -1.000000 0.000000
vn 0.000000 -1.000000 0.000000
vn 0.000000 -1.000000 0.000000
vn 0.000000 -1.000000 0.000000
vn 0.000000 -1.000000 0.000000
vn 0.000000 -1.000000 0.000000
vn 1.000000 0.000000 0.000000
vn 1.000000 0.000000 0.000000
vn 1.000000 0.000000 0.000000
vn 1.000000 0.000000 0.000000
vn 0.000000 1.000000 0.000000
vn 0.000000 1.000000 0.000000
vn 0.000000 1.000000 0.000000
vn 0.000000 1.000000 0.000000
vn 0.065163 0.996839 0.045455
vn 0.009849 0.999926 0.007152
vn 0.025880 0.999626 0.008883
vn 0.154868 0.986379 0.055435
vn 0.335021 0.924939 0.179580
vn 0.259776 0.930071 0.259776
vn 0.217332 0.963694 0.155117
vn 0.309910 0.943120 0.120336
vn -0.041266 0.934183 0.354400
vn 0.169594 0.926054 0.337136
vn 0.219619 0.948505 0.228269
vn -0.018510 0.987594 0.155932
vn -0.400931 0.880590 0.252617
vn -0.353314 0.884883 0.303564
vn -0.269850 0.892576 0.361233
vn -0.286565 0.919991 0.267391
vn -0.056058 0.994297 0.090727
vn -0.281092 0.933698 0.221802
vn -0.355160 0.907672 0.223590
vn -0.166686 0.972262 0.164083
vn 0.029729 0.999161 -0.028165
vn 0.096240 0.994874 0.031029
vn 0.055967 0.995156 0.080821
vn 0.023966 0.995494 0.091743
vn 0.004691 0.999944 -0.009453
vn 0.069999 0.997055 -0.031338
vn 0.035358 0.996143 -0.080311
vn 0.037512 0.992165 -0.119166
vn 0.048979 0.998749 -0.010088
vn -0.022070 0.996649 0.078770
vn -0.021984 0.999726 -0.007983
vn 0.038146 0.994054 -0.101985
vn 0.044812 0.993423 0.105372
vn 0.004293 0.991857 0.127285
vn 0.036227 0.998650 0.037238
vn 0.034463 0.998781 0.035347
vn 0.154811 0.986536 0.052720
vn 0.124999 0.990292 0.060801
vn 0.056403 0.995415 0.077254
vn 0.043791 0.998364 0.036772
vn 0.522512 0.852621 -0.004383
vn 0.368389 0.927714 0.060297
vn 0.359346 0.931817 0.050865
vn 0.439133 0.898381 0.008598
vn 0.196278 0.938198 -0.285060
vn 0.274974 0.929272 -0.246664
vn 0.493443 0.860441 -0.127107
vn 0.389723 0.912600 -0.123603
vn -0.444535 0.842006 -0.305639
vn -0.113748 0.957681 -0.264402
vn -0.178502 0.919924 -0.349110
vn -0.425286 0.850168 -0.310397
vn -0.284878 0.952248 -0.109857
vn -0.420762 0.887228 -0.189172
vn -0.526874 0.808364 -0.262587
vn -0.469171 0.851682 -0.233487
vn -0.032571 0.999196 -0.023376
vn -0.121366 0.990334 -0.067153
vn -0.051238 0.998505 -0.019016
vn -0.004601 0.999979 -0.004601
vn -1.000000 0.000000 0.000000
vn -1.000000 0.000000 0.000000
vn -1.000000 0.000000 0.000000
vn -1.000000 0.000000 0.000000
vn 0.004111 -0.999983 0.004111
vn 0.050425 -0.998552 0.018762
vn 0.115836 -0.991163 0.064630
vn 0.030400 -0.999292 0.022184
vn 0.533863 -0.805772 0.256365
vn 0.419283 -0.888656 0.185723
vn 0.281191 -0.953476 0.108697
vn 0.475077 -0.847853 0.235473
vn 0.128150 -0.963468 0.235173
vn 0.459728 -0.837514 0.295330
vn 0.437126 -0.841924 0.316361
vn 0.187996 -0.914434 0.358425
vn -0.505732 -0.853970 0.122353
vn -0.281268 -0.930322 0.235349
vn -0.204608 -0.933606 0.294135
vn -0.404146 -0.903861 0.140361
vn -0.368297 -0.927638 -0.062013
vn -0.543116 -0.839534 0.014398
vn -0.437693 -0.899001 -0.014930
vn -0.360012 -0.931670 -0.048803
vn -0.055577 -0.995553 -0.076060
vn -0.121502 -0.990763 -0.060216
vn -0.151720 -0.987080 -0.051517
vn -0.042547 -0.998455 -0.035743
vn -0.004261 -0.992020 -0.126011
vn -0.044202 -0.993566 -0.104270
vn -0.033418 -0.998843 -0.034593
vn -0.035362 -0.998705 -0.036583
vn 0.022017 -0.999727 0.007883
vn 0.022119 -0.996674 -0.078431
vn -0.048287 -0.998784 0.009909
vn -0.037757 -0.994146 0.101232
vn -0.068160 -0.997202 0.030711
vn -0.004490 -0.999947 0.009211
vn -0.036589 -0.992288 0.118432
vn -0.034362 -0.996261 0.079262
vn -0.057859 -0.995088 -0.080323
vn -0.095998 -0.994856 -0.032328
vn -0.029081 -0.999183 0.028056
vn -0.026154 -0.995469 -0.091419
vn 0.274034 -0.936870 -0.217211
vn 0.051192 -0.994889 -0.087034
vn 0.157729 -0.973986 -0.162703
vn 0.349479 -0.909890 -0.223529
vn 0.271586 -0.893130 -0.358553
vn 0.351341 -0.886833 -0.300145
vn 0.399422 -0.881055 -0.253386
vn 0.287870 -0.919533 -0.267562
vn -0.168122 -0.927268 -0.334529
vn 0.043218 -0.934870 -0.352349
vn 0.019471 -0.987634 -0.155566
vn -0.217847 -0.949274 -0.226762
vn -0.214261 -0.964694 -0.153162
vn -0.257431 -0.931375 -0.257431
vn -0.332462 -0.926109 -0.178302
vn -0.306595 -0.944357 -0.119117
vn -0.009608 -0.999930 -0.006911
vn -0.063483 -0.996978 -0.044776
vn -0.151813 -0.986917 -0.054286
vn -0.025061 -0.999649 -0.008547
vn 0.000000 -1.000000 0.000000
vn 0.000000 -1.000000 0.000000
vn 0.000000 -1.000000 0.000000
vn 0.000000 -1.000000 0.000000
vn 1.000000 0.000000 0.000000
vn 1.000000 0.000000 0.000000
vn 1.000000 0.000000 0.000000
vn 1.000000 0.000000 0.000000
vn 0.000000 1.000000 0.000000
vn 0.000000 1.000000 0.000000
vn 0.000000 1.000000 0.000000
vn 0.000000 1.000000 0.000000
vn 0.065163 0.996839 -0.045455
vn 0.009849 0.999926 -0.007152
vn 0.001349 0.999998 -0.001349
vn 0.022050 0.999591 -0.018219
vn 0.155117 0.963694 -0.217332
vn 0.259776 0.930071 -0.259776
vn 0.217331 0.963694 -0.155117
vn 0.089860 0.991892 -0.089860
vn 0.000000 0.941072 -0.338208
vn 0.179580 0.924939 -0.335021
vn 0.120336 0.943120 -0.309910
vn 0.000000 0.923172 -0.384386
vn -0.155117 0.963694 -0.217332
vn -0.263335 0.930460 -0.254751
vn -0.180443 0.925059 -0.334226
vn -0.120336 0.943120 -0.309910
vn -0.144622 0.989049 -0.029445
vn -0.232247 0.961581 -0.146364
vn -0.104241 0.990691 -0.087551
vn -0.104685 0.994503 0.001964
vn -0.140772 0.987154 0.075568
vn -0.140460 0.990085 0.001344
vn -0.157229 0.987550 0.004908
vn -0.131513 0.990184 0.047335
vn 0.000000 1.000000 -0.000000
vn -0.060172 0.998188 0.000059
vn -0.092016 0.991497 0.092016
vn -0.000000 0.998184 0.060231
vn 0.140772 0.987154 0.075568
vn 0.141499 0.989938 0.000000
vn 0.060231 0.998185 -0.000000
vn 0.092016 0.991497 0.092016
vn 0.095409 0.995438 -0.000000
vn 0.159135 0.987257 0.000000
vn 0.129190 0.990374 0.049692
vn 0.064030 0.997717 0.021458
vn 0.020790 0.999635 -0.017233
vn 0.061072 0.997229 -0.042477
vn 0.023069 0.999711 -0.006689
vn 0.011585 0.999931 0.002164
vn 0.244060 0.938546 -0.244060
vn 0.203131 0.968350 -0.145038
vn 0.083612 0.992984 -0.083612
vn 0.145038 0.968350 -0.203131
vn 0.000000 0.932454 -0.361290
vn 0.000000 0.948328 -0.317293
vn 0.168903 0.933939 -0.315009
vn 0.112807 0.950131 -0.290733
vn -0.244060 0.938546 -0.244060
vn -0.168903 0.933939 -0.315009
vn -0.112807 0.950131 -0.290733
vn -0.145038 0.968350 -0.203131
vn -0.020790 0.999635 -0.017233
vn -0.061072 0.997229 -0.042477
vn -0.203131 0.968350 -0.145038
vn -0.083612 0.992984 -0.083612
vn 0.000000 1.000000 0.000000
vn -0.009326 0.999934 -0.006691
vn -0.001318 0.999998 -0.001318
vn 0.000000 1.000000 0.000000
vn -1.000000 0.000000 0.000000
vn -1.000000 0.000000 0.000000
vn -1.000000 0.000000 0.000000
vn -1.000000 0.000000 0.000000
vn 0.000000 -1.000000 0.000000
vn 0.001318 -0.999998 0.001318
vn 0.009069 -0.999938 0.006434
vn 0.000000 -1.000000 0.000000
vn 0.200094 -0.969297 0.142916
vn 0.059689 -0.997349 0.041629
vn 0.020200 -0.999654 0.016865
vn 0.081546 -0.993328 0.081546
vn 0.167598 -0.935021 0.312484
vn 0.241814 -0.939708 0.241814
vn 0.142916 -0.969297 0.200094
vn 0.111695 -0.951207 0.287628
vn -0.167598 -0.935021 0.312484
vn -0.000000 -0.949099 0.314977
vn -0.000000 -0.933643 0.358206
vn -0.111695 -0.951207 0.287628
vn -0.200094 -0.969297 0.142916
vn -0.241814 -0.939708 0.241814
vn -0.142916 -0.969297 0.200094
vn -0.081546 -0.993328 0.081546
vn -0.022300 -0.999731 0.006433
vn -0.059690 -0.997349 0.041629
vn -0.020200 -0.999654 0.016865
vn -0.011220 -0.999935 -0.002016
vn -0.157513 -0.987517 -0.000000
vn -0.093529 -0.995617 -0.000000
vn -0.062750 -0.997810 -0.020934
vn -0.127738 -0.990590 -0.049129
vn -0.059813 -0.998210 0.000000
vn -0.140371 -0.990099 -0.000000
vn -0.139493 -0.987387 -0.074894
vn -0.091275 -0.991634 -0.091275
vn 0.059754 -0.998213 -0.000059
vn 0.000000 -1.000000 0.000000
vn 0.000000 -0.998210 -0.059813
vn 0.091275 -0.991634 -0.091275
vn 0.155668 -0.987798 -0.004787
vn 0.139343 -0.990243 -0.001334
vn 0.139493 -0.987387 -0.074894
vn 0.130058 -0.990402 -0.046775
vn 0.228725 -0.962679 0.144689
vn 0.142042 -0.989418 0.029612
vn 0.102213 -0.994760 -0.002029
vn 0.101468 -0.991172 0.085331
vn 0.179165 -0.926228 0.331664
vn 0.260828 -0.931762 0.252562
vn 0.153162 -0.964694 0.214261
vn 0.119117 -0.944357 0.306596
vn -0.178302 -0.926109 0.332462
vn 0.000000 -0.941996 0.335624
vn 0.000000 -0.924443 0.381320
vn -0.119117 -0.944357 0.306596
vn -0.214261 -0.964694 0.153162
vn -0.257431 -0.931375 0.257431
vn -0.153162 -0.964694 0.214261
vn -0.087505 -0.992313 0.087505
vn -0.009608 -0.999930 0.006911
vn -0.063483 -0.996978 0.044776
vn -0.021242 -0.999616 0.017776
vn -0.001349 -0.999998 0.001349
vn 0.000000 -1.000000 0.000000
vn 0.000000 -1.000000 0.000000
vn 0.000000 -1.000000 0.000000
vn 0.000000 -1.000000 0.000000
vn 1.000000 0.000000 0.000000
vn 1.000000 0.000000 0.000000
vn 1.000000 0.000000 0.000000
vn 1.000000 0.000000 0.000000
vn 0.000000 1.000000 0.000000
vn 0.000000 1.000000 0.000000
vn 0.000000 1.000000 0.000000
vn 0.000000 1.000000 0.000000
vn 0.000000 1.000000 0.000000
vn 0.000000 1.000000 0.000000
vn 0.000000 1.000000 0.000000
vn 0.000000 1.000000 0.000000
vn 0.000000 1.000000 0.000000
vn 0.000000 1.000000 0.000000
vn 0.000000 1.000000 0.000000
vn 0.000000 1.000000 0.000000
vn 0.000000 1.000000 0.000000
vn 0.000000 1.000000 0.000000
vn 0.000000 1.000000 0.000000
vn 0.000000 1.000000 0.000000
vn 0.000000 1.000000 0.000000
vn 0.000000 1.000000 0.000000
vn 0.000000 1.000000 0.000000
vn 0.000000 1.000000 0.000000
vn 0.000000 1.000000 0.000000
vn 0.000000 1.000000 0.000000
vn 0.000000 1.000000 0.000000
vn 0.000000 1.000000 0.000000
vn 0.000000 1.000000 0.000000
vn -0.002836 0.999988 0.003950
vn -0.000557 1.000000 0.000557
vn 0.000000 1.000000 0.000000
vn 0.000000 0.999905 0.013748
vn -0.003481 0.999941 0.010267
vn 0.000000 1.000000 0.000000
vn 0.000000 1.000000 0.000000
vn 0.000000 1.000000 0.000000
vn 0.002836 0.999988 0.003950
vn 0.003481 0.999941 0.010267
vn 0.000000 1.000000 0.000000
vn 0.000000 1.000000 0.000000
vn 0.000557 1.000000 0.000557
vn 0.000000 1.000000 0.000000
vn 0.000000 1.000000 0.000000
vn 0.000000 1.000000 0.000000
vn 0.000000 1.000000 0.000000
vn 0.000000 1.000000 0.000000
vn 0.000000 1.000000 0.000000
vn 0.000000 1.000000 0.000000
vn 0.000000 1.000000 0.000000
vn 0.000000 1.000000 0.000000
vn 0.000000 1.000000 0.000000
vn 0.000000 1.000000 0.000000
vn 0.000000 1.000000 0.000000
vn 0.000000 1.000000 0.000000
vn 0.000000 1.000000 0.000000
vn 0.000000 1.000000 0.000000
vn 0.000000 1.000000 0.000000
vn 0.000000 1.000000 0.000000
vn 0.000000 1.000000 0.000000
vn 0.000000 1.000000 0.000000
vn 0.000000 1.000000 0.000000
vn 0.000000 1.000000 0.000000
vn 0.000000 1.000000 0.000000
vn 0.000000 1.000000 0.000000
vn 0.000000 1.000000 0.000000
vn 0.000000 1.000000 0.000000
vn 0.000000 1.000000 0.000000
vn -1.000000 0.000000 0.000000
vn -1.000000 0.000000 0.000000
vn -1.000000 0.000000 0.000000
vn -1.000000 0.000000 0.000000
vn 0.000000 -1.000000 0.000000
vn 0.000000 -1.000000 0.000000
vn 0.000000 -1.000000 0.000000
vn 0.000000 -1.000000 0.000000
vn 0.000000 -1.000000 0.000000
vn 0.000000 -1.000000 0.000000
vn 0.000000 -1.000000 0.000000
vn 0.000000 -1.000000 0.000000
vn 0.000000 -1.000000 0.000000
vn 0.000000 -1.000000 0.000000
vn 0.000000 -1.000000 0.000000
vn 0.000000 -1.000000 0.000000
vn 0.000000 -1.000000 0.000000
vn 0.000000 -1.000000 0.000000
vn 0.000000 -1.000000 0.000000
vn 0.000000 -1.000000 0.000000
vn 0.000000 -1.000000 0.000000
vn 0.000000 -1.000000 0.000000
vn 0.000000 -1.000000 0.000000
vn 0.000000 -1.000000 0.000000
vn 0.000000 -1.000000 0.000000
vn 0.000000 -1.000000 0.000000
vn 0.000000 -1.000000 0.000000
vn 0.000000 -1.000000 0.000000
vn -0.000557 -1.000000 -0.000557
vn 0.000000 -1.000000 0.000000
vn 0.000000 -1.000000 0.000000
vn 0.000000 -1.000000 0.000000
vn -0.003334 -0.999945 -0.009902
vn -0.002727 -0.999989 -0.003842
vn 0.000000 -1.000000 0.000000
vn 0.000000 -1.000000 0.000000
vn 0.003334 -0.999945 -0.009902
vn 0.000000 -0.999912 -0.013235
vn 0.000000 -1.000000 0.000000
vn 0.000000 -1.000000 0.000000
vn 0.000557 -1.000000 -0.000557
vn 0.002727 -0.999989 -0.003842
vn 0.000000 -1.000000 0.000000
vn 0.000000 -1.000000 0.000000
vn 0.000000 -1.000000 0.000000
vn 0.000000 -1.000000 0.000000
vn 0.000000 -1.000000 0.000000
vn 0.000000 -1.000000 0.000000
vn 0.000000 -1.000000 0.000000
vn 0.000000 -1.000000 0.000000
vn 0.000000 -1.000000 0.000000
vn 0.000000 -1.000000 0.000000
vn 0.000000 -1.000000 0.000000
vn 0.000000 -1.000000 0.000000
vn 0.000000 -1.000000 0.000000
vn 0.000000 -1.000000 0.000000
vn 0.000000 -1.000000 0.000000
vn 0.000000 -1.000000 0.000000
vn 0.000000 -1.000000 0.000000
vn 0.000000 -1.000000 0.000000
vn 0.000000 -1.000000 0.000000
vn 0.000000 -1.000000 0.000000
vn 0.000000 -1.000000 0.000000
vn 0.000000 -1.000000 0.000000
vn 0.000000 -1.000000 0.000000
vn 0.000000 -1.000000 0.000000
vn 0.000000 -1.000000 0.000000
vn 0.000000 -1.000000 0.000000
vn 1.000000 0.000000 0.000000
vn 1.000000 0.000000 0.000000
vn 1.000000 0.000000 0.000000
vn 1.000000 0.000000 0.000000
vn 0.000000 1.000000 0.000000
vn 0.000000 1.000000 0.000000
vn 0.000000 1.000000 0.000000
vn 0.000000 1.000000 0.000000
vn 0.000000 1.000000 0.000000
vn 0.000000 1.000000 0.000000
vn 0.000000 1.000000 0.000000
vn 0.000000 1.000000 0.000000
vn 0.000000 1.000000 0.000000
vn 0.000000 1.000000 0.000000
vn 0.000000 1.000000 0.000000
vn 0.000000 1.000000 0.000000
vn 0.000000 1.000000 0.000000
vn 0.000000 1.000000 0.000000
vn 0.000000 1.000000 0.000000
vn 0.000000 1.000000 0.000000
vn 0.000000 1.000000 0.000000
vn 0.000000 1.000000 0.000000
vn 0.000000 1.000000 0.000000
vn 0.000000 1.000000 0.000000
vn 0.000000 1.000000 0.000000
vn 0.000000 1.000000 0.000000
vn 0.000000 1.000000 0.000000
vn 0.000000 1.000000 0.000000
vn 0.000000 1.000000 0.000000
vn 0.000000 1.000000 0.000000
vn 0.000000 1.000000 0.000000
vn 0.000000 1.000000 0.000000
vn 0.000000 1.000000 0.000000
vn 0.000000 1.000000 0.000000
vn 0.000000 1.000000 0.000000
vn 0.000000 1.000000 0.000000
vn 0.000000 0.000000 -1.000000
vn 0.000000 0.000000 -1.000000
vn 0.000000 -1.000000 0.000000
vn 0.000000 -1.000000 0.000000
vn 0.000000 -1.000000 0.000000
vn 0.000000 -1.000000 0.000000
vn 0.000000 -1.000000 0.000000
vn 0.000000 -1.000000 0.000000
vn 0.000000 -1.000000 0.000000
vn 0.000000 -1.000000 0.000000
vn 0.000000 -1.000000 0.000000
vn 0.000000 -1.000000 0.000000
vn 0.000000 -1.000000 0.000000
vn 0.000000 -1.000000 0.000000
vn 0.000000 -1.000000 0.000000
vn 0.000000 -1.000000 0.000000
vn 0.000000 -1.000000 0.000000
vn 0.000000 -1.000000 0.000000
vn 0.000000 -1.000000 0.000000
vn 0.000000 -1.000000 0.000000
vn 0.000000 -1.000000 0.000000
vn 0.000000 -1.000000 0.000000
vn 0.000000 -1.000000 0.000000
vn 0.000000 -1.000000 0.000000
vn 0.000000 -1.000000 0.000000
vn 0.000000 -1.000000 0.000000
vn 0.000000 -1.000000 0.000000
vn 0.000000 -1.000000 0.000000
vn 0.000000 -1.000000 0.000000
vn 0.000000 -1.000000 0.000000
vn 0.000000 -1.000000 0.000000
vn 0.000000 -1.000000 0.000000
vn 0.000000 -1.000000 0.000000
vn 0.000000 -1.000000 0.000000
vn 0.000000 0.000000 1.000000
vn 0.000000 0.000000 1.000000
vn 0.000000 1.000000 0.000000
vn 0.000000 1.000000 0.000000
vn 0.000000 1.000000 0.000000
vn 0.000000 1.000000 0.000000
vn 0.000000 1.000000 0.000000
vn 0.000000 1.000000 0.000000
vn 0.000000 1.000000 0.000000
vn 0.000000 1.000000 0.000000
vn 0.000000 1.000000 0.000000
vn 0.000000 1.000000 0.000000
vn 0.000000 1.000000 0.000000
vn 0.000000 1.000000 0.000000
vn -0.001864 0.999996 0.001864
vn -0.009045 0.999896 0.011199
vn -0.017782 0.999469 0.027297
vn -0.021458 0.997717 0.064030
vn -0.000000 0.995438 0.095409
vn 0.021458 0.997717 0.064030
vn 0.017782 0.999469 0.027297
vn 0.009045 0.999896 0.011199
vn 0.001864 0.999996 0.001864
vn 0.000000 1.000000 0.000000
vn 0.000000 1.000000 0.000000
vn 0.000000 1.000000 0.000000
vn 0.000000 1.000000 0.000000
vn 0.000000 1.000000 0.000000
vn 0.000000 1.000000 0.000000
vn 0.000000 1.000000 0.000000
vn 0.000000 1.000000 0.000000
vn 0.000000 1.000000 0.000000
vn 0.000000 1.000000 0.000000
vn 0.000000 1.000000 0.000000
vn 0.000000 1.000000 0.000000
vn -1.000000 0.000000 0.000000
vn -1.000000 0.000000 0.000000
vn 0.000000 -1.000000 0.000000
vn 0.000000 -1.000000 0.000000
vn 0.000000 -1.000000 0.000000
vn 0.000000 -1.000000 0.000000
vn 0.000000 -1.000000 0.000000
vn 0.000000 -1.000000 0.000000
vn 0.000000 -1.000000 0.000000
vn 0.000000 -1.000000 0.000000
vn 0.000000 -1.000000 0.000000
vn 0.000000 -1.000000 0.000000
vn 0.000000 -1.000000 0.000000
vn 0.000000 -1.000000 0.000000
vn -0.001777 -0.999997 -0.001777
vn -0.008869 -0.999901 -0.010888
vn -0.017481 -0.999487 -0.026836
vn -0.020934 -0.997810 -0.062750
vn 0.000000 -0.995616 -0.093529
vn 0.020934 -0.997810 -0.062750
vn 0.017481 -0.999487 -0.026836
vn 0.008869 -0.999901 -0.010888
vn 0.001777 -0.999997 -0.001777
vn 0.000000 -1.000000 0.000000
vn 0.000000 -1.000000 0.000000
vn 0.000000 -1.000000 0.000000
vn 0.000000 -1.000000 0.000000
vn 0.000000 -1.000000 0.000000
vn 0.000000 -1.000000 0.000000
vn 0.000000 -1.000000 0.000000
vn 0.000000 -1.000000 0.000000
vn 0.000000 -1.000000 0.000000
vn 0.000000 -1.000000 0.000000
vn 0.000000 -1.000000 0.000000
vn 0.000000 -1.000000 0.000000
vn 1.000000 0.000000 0.000000
vn 1.000000 0.000000 0.000000
s 1
g pCube1
usemtl initialShadingGroup
f 1/1/1 612/2430/2 579/3/3 3/2306/4
s 2
f 3/4/5 579/2304/6 1154/5/7 1155/2239/8
s 3
f 5/2435/9 595/2302/10 596/2432/11 7/2434/12
s 4
f 1156/11/13 1157/12/14 612/2/15 1/2370/16
s 5
f 2/2437/17 1188/14/18 1123/15/19 4/2245/20
s 6
f 1156/2369/21 1/1/22 3/2306/23 1155/6/24
s 2
f 9/17/25 851/2272/26 1138/19/27 1139/20/28
s 3
f 11/2405/29 10/2275/30 867/2270/31 868/2400/32
s 4
f 12/25/33 1172/26/34 1173/27/35 884/28/36
s 1
f 9/2277/37 12/2403/38 884/2398/39 851/18/40
s 2
f 13/29/41 715/2288/42 1146/31/43 1147/32/44
s 3
f 15/2421/45 14/2291/46 731/2286/47 732/2416/48
s 4
f 16/37/49 1164/38/50 1165/39/51 748/40/52
s 1
f 13/2293/53 16/2419/54 748/2414/55 715/30/56
s 2
f 17/41/57 783/2280/58 1142/43/59 1143/44/60
s 3
f 19/2413/61 18/2283/62 799/2278/63 800/2408/64
s 4
f 20/49/65 1168/50/66 1169/51/67 816/52/68
s 1
f 17/2285/69 20/2411/70 816/2406/71 783/42/72
s 2
f 21/53/73 647/2296/74 1150/55/75 1151/56/76
s 3
f 23/2429/77 22/2299/78 663/2294/79 664/2424/80
s 4
f 24/61/81 1160/62/82 1161/63/83 680/64/84
s 1
f 21/2301/85 24/2427/86 680/2422/87 647/54/88
s 2
f 25/65/89 987/2256/90 1130/67/91 1131/68/92
s 3
f 27/2389/93 26/2259/94 1003/2254/95 1004/2384/96
s 4
f 28/73/97 1180/74/98 1181/75/99 1020/76/100
s 1
f 25/2261/101 28/2387/102 1020/2382/103 987/66/104
s 2
f 29/77/105 920/78/106 1134/79/107 1135/80/108
s 3
f 31/2397/109 30/2267/110 936/2262/111 937/2390/112
s 4
f 32/85/113 1176/86/114 1177/87/115 919/88/116
s 1
f 29/2269/117 32/2395/118 919/2392/119 920/2264/120
s 2
f 33/89/121 1055/2248/122 1126/91/123 1127/92/124
s 3
f 35/2381/125 34/2251/126 1071/2246/127 1072/2376/128
s 4
f 36/97/129 1184/98/130 1185/99/131 1088/100/132
s 1
f 33/2253/133 36/2379/134 1088/2374/135 1055/90/136
s 2
f 38/101/137 1063/102/138 1654/103/139 1655/104/140
f 39/105/141 995/106/142 1658/107/143 1659/108/144
f 40/109/145 928/110/146 1662/111/147 1663/112/148
f 41/113/149 859/114/150 1666/115/151 1667/116/152
f 42/117/153 791/118/154 1670/119/155 1671/120/156
f 43/121/157 723/122/158 1674/123/159 1675/124/160
f 44/125/161 655/126/162 1678/127/163 1679/128/164
f 45/2212/165 587/130/166 1682/131/167 1683/2207/168
s 6
f 1684/2337/169 46/134/170 45/129/171 1683/132/172
s 4
f 1684/133/173 1685/135/174 604/136/175 46/2338/176
f 672/137/177 47/138/178 1688/139/179 1689/140/180
f 740/141/181 48/142/182 1692/143/183 1693/144/184
f 808/145/185 49/146/186 1696/147/187 1697/148/188
f 876/149/189 50/150/190 1700/151/191 1701/152/192
f 945/153/193 51/154/194 1704/155/195 1705/156/196
f 1012/157/197 52/158/198 1708/159/199 1709/160/200
f 1080/161/201 53/162/202 1712/163/203 1713/164/204
s 5
f 37/2214/205 54/2336/206 1716/167/207 1651/168/208
s 2
f 56/169/209 1059/170/210 1390/171/211 1391/172/212
f 57/173/213 991/174/214 1394/175/215 1395/176/216
f 58/177/217 924/178/218 1398/179/219 1399/180/220
f 59/181/221 855/182/222 1402/183/223 1403/184/224
f 60/185/225 787/186/226 1406/187/227 1407/188/228
f 61/189/229 719/190/230 1410/191/231 1411/192/232
f 62/193/233 651/194/234 1414/195/235 1415/196/236
f 63/2228/237 583/198/238 1418/199/239 1419/2223/240
s 6
f 1420/2353/241 64/202/242 63/197/243 1419/200/244
s 4
f 1420/201/245 1421/203/246 608/204/247 64/2354/248
f 676/205/249 65/206/250 1424/207/251 1425/208/252
f 744/209/253 66/210/254 1428/211/255 1429/212/256
f 812/213/257 67/214/258 1432/215/259 1433/216/260
f 880/217/261 68/218/262 1436/219/263 1437/220/264
f 949/221/265 69/222/266 1440/223/267 1441/224/268
f 1016/225/269 70/226/270 1444/227/271 1445/228/272
f 1084/229/273 71/230/274 1448/231/275 1449/232/276
s 5
f 55/2230/277 72/2352/278 1452/235/279 1387/236/280
s 2
f 74/237/281 1057/238/282 1258/239/283 1259/240/284
f 75/241/285 989/242/286 1262/243/287 1263/244/288
f 76/245/289 922/246/290 1266/247/291 1267/248/292
f 77/249/293 853/250/294 1270/251/295 1271/252/296
f 78/253/297 785/254/298 1274/255/299 1275/256/300
f 79/257/301 717/258/302 1278/259/303 1279/260/304
f 80/261/305 649/262/306 1282/263/307 1283/264/308
f 81/2236/309 581/266/310 1286/267/311 1287/2231/312
s 6
f 1288/2361/313 82/270/314 81/265/315 1287/268/316
s 4
f 1288/269/317 1289/271/318 610/272/319 82/2362/320
f 678/273/321 83/274/322 1292/275/323 1293/276/324
f 746/277/325 84/278/326 1296/279/327 1297/280/328
f 814/281/329 85/282/330 1300/283/331 1301/284/332
f 882/285/333 86/286/334 1304/287/335 1305/288/336
f 951/289/337 87/290/338 1308/291/339 1309/292/340
f 1018/293/341 88/294/342 1312/295/343 1313/296/344
f 1086/297/345 89/298/346 1316/299/347 1317/300/348
s 5
f 73/2238/349 90/2360/350 1320/303/351 1255/304/352
s 2
f 92/305/353 1061/306/354 1522/307/355 1523/308/356
f 93/309/357 993/310/358 1526/311/359 1527/312/360
f 94/313/361 926/314/362 1530/315/363 1531/316/364
f 95/317/365 857/318/366 1534/319/367 1535/320/368
f 96/321/369 789/322/370 1538/323/371 1539/324/372
f 97/325/373 721/326/374 1542/327/375 1543/328/376
f 98/329/377 653/330/378 1546/331/379 1547/332/380
f 99/2220/381 585/334/382 1550/335/383 1551/2215/384
s 6
f 1552/2345/385 100/338/386 99/333/387 1551/336/388
s 4
f 1552/337/389 1553/339/390 606/340/391 100/2346/392
f 674/341/393 101/342/394 1556/343/395 1557/344/396
f 742/345/397 102/346/398 1560/347/399 1561/348/400
f 810/349/401 103/350/402 1564/351/403 1565/352/404
f 878/353/405 104/354/406 1568/355/407 1569/356/408
f 947/357/409 105/358/410 1572/359/411 1573/360/412
f 1014/361/413 106/362/414 1576/363/415 1577/364/416
f 1082/365/417 107/366/418 1580/367/419 1581/368/420
s 5
f 91/2222/421 108/2344/422 1584/371/423 1519/372/424
s 2
f 110/373/425 1067/374/426 1918/375/427 1919/376/428
f 111/377/429 999/378/430 1922/379/431 1923/380/432
f 112/381/433 932/382/434 1926/383/435 1927/384/436
f 113/385/437 863/386/438 1930/387/439 1931/388/440
f 114/389/441 795/390/442 1934/391/443 1935/392/444
f 115/393/445 727/394/446 1938/395/447 1939/396/448
f 116/397/449 659/398/450 1942/399/451 1943/400/452
f 117/2196/453 591/402/454 1946/403/455 1947/2191/456
s 6
f 1948/2321/457 118/406/458 117/401/459 1947/404/460
s 4
f 1948/405/461 1949/407/462 600/408/463 118/2322/464
f 668/409/465 119/410/466 1952/411/467 1953/412/468
f 736/413/469 120/414/470 1956/415/471 1957/416/472
f 804/417/473 121/418/474 1960/419/475 1961/420/476
f 872/421/477 122/422/478 1964/423/479 1965/424/480
f 941/425/481 123/426/482 1968/427/483 1969/428/484
f 1008/429/485 124/430/486 1972/431/487 1973/432/488
f 1076/433/489 125/434/490 1976/435/491 1977/436/492
s 5
f 109/2198/493 126/2320/494 1980/439/495 1915/440/496
s 2
f 128/441/497 1065/442/498 1786/443/499 1787/444/500
f 129/445/501 997/446/502 1790/447/503 1791/448/504
f 130/449/505 930/450/506 1794/451/507 1795/452/508
f 131/453/509 861/454/510 1798/455/511 1799/456/512
f 132/457/513 793/458/514 1802/459/515 1803/460/516
f 133/461/517 725/462/518 1806/463/519 1807/464/520
f 134/465/521 657/466/522 1810/467/523 1811/468/524
f 135/2204/525 589/470/526 1814/471/527 1815/2199/528
s 6
f 1816/2329/529 136/474/530 135/469/531 1815/472/532
s 4
f 1816/473/533 1817/475/534 602/476/535 136/2330/536
f 670/477/537 137/478/538 1820/479/539 1821/480/540
f 738/481/541 138/482/542 1824/483/543 1825/484/544
f 806/485/545 139/486/546 1828/487/547 1829/488/548
f 874/489/549 140/490/550 1832/491/551 1833/492/552
f 943/493/553 141/494/554 1836/495/555 1837/496/556
f 1010/497/557 142/498/558 1840/499/559 1841/500/560
f 1078/501/561 143/502/562 1844/503/563 1845/504/564
s 5
f 127/2206/565 144/2328/566 1848/507/567 1783/508/568
s 2
f 146/509/569 1069/510/570 2050/511/571 2051/512/572
f 147/513/573 1001/514/574 2054/515/575 2055/516/576
f 148/517/577 934/518/578 2058/519/579 2059/520/580
f 149/521/581 865/522/582 2062/523/583 2063/524/584
f 150/525/585 797/526/586 2066/527/587 2067/528/588
f 151/529/589 729/530/590 2070/531/591 2071/532/592
f 152/533/593 661/534/594 2074/535/595 2075/536/596
f 153/2188/597 593/538/598 2078/539/599 2079/2183/600
s 6
f 2080/2313/601 154/542/602 153/537/603 2079/540/604
s 4
f 2080/541/605 2081/543/606 598/544/607 154/2314/608
f 666/545/609 155/546/610 2084/547/611 2085/548/612
f 734/549/613 156/550/614 2088/551/615 2089/552/616
f 802/553/617 157/554/618 2092/555/619 2093/556/620
f 870/557/621 158/558/622 2096/559/623 2097/560/624
f 939/561/625 159/562/626 2100/563/627 2101/564/628
f 1006/565/629 160/566/630 2104/567/631 2105/568/632
f 1074/569/633 161/570/634 2108/571/635 2109/572/636
s 5
f 145/2190/637 162/2312/638 2112/575/639 2047/576/640
s 2
f 163/577/641 613/2300/642 1152/579/643 1153/580/644
f 1285/581/645 164/582/646 615/583/647 1284/584/648
f 1417/585/649 165/586/650 617/587/651 1416/588/652
f 1549/589/653 166/590/654 619/591/655 1548/592/656
f 1681/593/657 167/594/658 621/595/659 1680/596/660
f 1813/597/661 168/598/662 623/599/663 1812/600/664
f 1945/601/665 169/602/666 625/603/667 1944/604/668
f 2077/605/669 170/606/670 627/607/671 2076/608/672
s 3
f 172/2433/673 171/2303/674 629/2298/675 630/2428/676
s 4
f 173/613/677 2082/614/678 2083/615/679 632/616/680
f 174/617/681 1950/618/682 1951/619/683 634/620/684
f 175/621/685 1818/622/686 1819/623/687 636/624/688
f 176/625/689 1686/626/690 1687/627/691 638/628/692
f 177/629/693 1554/630/694 1555/631/695 640/632/696
f 178/633/697 1422/634/698 1423/635/699 642/636/700
f 179/637/701 1290/638/702 1291/639/703 644/640/704
f 180/641/705 1158/642/706 1159/643/707 646/644/708
s 1
f 163/2305/709 180/2431/710 646/2426/711 613/578/712
s 2
f 181/645/713 681/2292/714 1148/647/715 1149/648/716
f 1281/649/717 182/650/718 683/651/719 1280/652/720
f 1413/653/721 183/654/722 685/655/723 1412/656/724
f 1545/657/725 184/658/726 687/659/727 1544/660/728
f 1677/661/729 185/662/730 689/663/731 1676/664/732
f 1809/665/733 186/666/734 691/667/735 1808/668/736
f 1941/669/737 187/670/738 693/671/739 1940/672/740
f 2073/673/741 188/674/742 695/675/743 2072/676/744
s 3
f 190/2425/745 189/2295/746 697/2290/747 698/2420/748
s 4
f 700/681/749 191/682/750 2086/683/751 2087/684/752
f 702/685/753 192/686/754 1954/687/755 1955/688/756
f 704/689/757 193/690/758 1822/691/759 1823/692/760
f 706/693/761 194/694/762 1690/695/763 1691/696/764
f 708/697/765 195/698/766 1558/699/767 1559/700/768
f 710/701/769 196/702/770 1426/703/771 1427/704/772
f 712/705/773 197/706/774 1294/707/775 1295/708/776
f 198/709/777 1162/710/778 1163/711/779 714/712/780
s 1
f 181/2297/781 198/2423/782 714/2418/783 681/646/784
s 2
f 199/713/785 749/2284/786 1144/715/787 1145/716/788
f 1277/717/789 200/718/790 751/719/791 1276/720/792
f 1409/721/793 201/722/794 753/723/795 1408/724/796
f 1541/725/797 202/726/798 755/727/799 1540/728/800
f 1673/729/801 203/730/802 757/731/803 1672/732/804
f 1805/733/805 204/734/806 759/735/807 1804/736/808
f 1937/737/809 205/738/810 761/739/811 1936/740/812
f 2069/741/813 206/742/814 763/743/815 2068/744/816
s 3
f 208/2417/817 207/2287/818 765/2282/819 766/2412/820
s 4
f 768/749/821 209/750/822 2090/751/823 2091/752/824
f 770/753/825 210/754/826 1958/755/827 1959/756/828
f 772/757/829 211/758/830 1826/759/831 1827/760/832
f 774/761/833 212/762/834 1694/763/835 1695/764/836
f 776/765/837 213/766/838 1562/767/839 1563/768/840
f 778/769/841 214/770/842 1430/771/843 1431/772/844
f 780/773/845 215/774/846 1298/775/847 1299/776/848
f 216/777/849 1166/778/850 1167/779/851 782/780/852
s 1
f 199/2289/853 216/2415/854 782/2410/855 749/714/856
s 2
f 217/781/857 817/2276/858 1140/783/859 1141/784/860
f 1273/785/861 218/786/862 819/787/863 1272/788/864
f 1405/789/865 219/790/866 821/791/867 1404/792/868
f 1537/793/869 220/794/870 823/795/871 1536/796/872
f 1669/797/873 221/798/874 825/799/875 1668/800/876
f 1801/801/877 222/802/878 827/803/879 1800/804/880
f 1933/805/881 223/806/882 829/807/883 1932/808/884
f 2065/809/885 224/810/886 831/811/887 2064/812/888
s 3
f 226/2409/889 225/2279/890 833/2274/891 834/2404/892
s 4
f 836/817/893 227/818/894 2094/819/895 2095/820/896
f 838/821/897 228/822/898 1962/823/899 1963/824/900
f 840/825/901 229/826/902 1830/827/903 1831/828/904
f 842/829/905 230/830/906 1698/831/907 1699/832/908
f 844/833/909 231/834/910 1566/835/911 1567/836/912
f 846/837/913 232/838/914 1434/839/915 1435/840/916
f 848/841/917 233/842/918 1302/843/919 1303/844/920
f 234/845/921 1170/846/922 1171/847/923 850/848/924
s 1
f 217/2281/925 234/2407/926 850/2402/927 817/782/928
s 2
f 235/849/929 885/2268/930 1136/851/931 1137/852/932
f 1269/853/933 236/854/934 887/855/935 1268/856/936
f 1401/857/937 237/858/938 889/859/939 1400/860/940
f 1533/861/941 238/862/942 891/863/943 1532/864/944
f 1665/865/945 239/866/946 893/867/947 1664/868/948
f 1797/869/949 240/870/950 895/871/951 1796/872/952
f 1929/873/953 241/874/954 897/875/955 1928/876/956
f 2061/877/957 242/878/958 899/879/959 2060/880/960
s 3
f 244/2401/961 243/2271/962 901/2266/963 902/2396/964
s 4
f 904/885/965 245/886/966 2098/887/967 2099/888/968
f 906/889/969 246/890/970 1966/891/971 1967/892/972
f 908/893/973 247/894/974 1834/895/975 1835/896/976
f 910/897/977 248/898/978 1702/899/979 1703/900/980
f 912/901/981 249/902/982 1570/903/983 1571/904/984
f 914/905/985 250/906/986 1438/907/987 1439/908/988
f 916/909/989 251/910/990 1306/911/991 1307/912/992
f 252/913/993 1174/914/994 1175/915/995 918/916/996
s 1
f 235/2273/997 252/2399/998 918/2394/999 885/850/1000
s 2
f 253/917/1001 953/2260/1002 1132/919/1003 1133/920/1004
f 1265/921/1005 254/922/1006 955/923/1007 1264/924/1008
f 1397/925/1009 255/926/1010 957/927/1011 1396/928/1012
f 1529/929/1013 256/930/1014 959/931/1015 1528/932/1016
f 1661/933/1017 257/934/1018 961/935/1019 1660/936/1020
f 1793/937/1021 258/938/1022 963/939/1023 1792/940/1024
f 1925/941/1025 259/942/1026 965/943/1027 1924/944/1028
f 2057/945/1029 260/946/1030 967/947/1031 2056/948/1032
s 3
f 262/2391/1033 261/2263/1034 969/2258/1035 970/2388/1036
s 4
f 972/953/1037 263/954/1038 2102/955/1039 2103/956/1040
f 974/957/1041 264/958/1042 1970/959/1043 1971/960/1044
f 976/961/1045 265/962/1046 1838/963/1047 1839/964/1048
f 978/965/1049 266/966/1050 1706/967/1051 1707/968/1052
f 980/969/1053 267/970/1054 1574/971/1055 1575/972/1056
f 982/973/1057 268/974/1058 1442/975/1059 1443/976/1060
f 984/977/1061 269/978/1062 1310/979/1063 1311/980/1064
f 270/981/1065 1178/982/1066 1179/983/1067 986/984/1068
s 1
f 253/2265/1069 270/2393/1070 986/2386/1071 953/918/1072
s 2
f 271/985/1073 1021/2252/1074 1128/987/1075 1129/988/1076
f 1261/989/1077 272/990/1078 1023/991/1079 1260/992/1080
f 1393/993/1081 273/994/1082 1025/995/1083 1392/996/1084
f 1525/997/1085 274/998/1086 1027/999/1087 1524/1000/1088
f 1657/1001/1089 275/1002/1090 1029/1003/1091 1656/1004/1092
f 1789/1005/1093 276/1006/1094 1031/1007/1095 1788/1008/1096
f 1921/1009/1097 277/1010/1098 1033/1011/1099 1920/1012/1100
f 2053/1013/1101 278/1014/1102 1035/1015/1103 2052/1016/1104
s 3
f 280/2385/1105 279/2255/1106 1037/2250/1107 1038/2380/1108
s 4
f 1040/1021/1109 281/1022/1110 2106/1023/1111 2107/1024/1112
f 1042/1025/1113 282/1026/1114 1974/1027/1115 1975/1028/1116
f 1044/1029/1117 283/1030/1118 1842/1031/1119 1843/1032/1120
f 1046/1033/1121 284/1034/1122 1710/1035/1123 1711/1036/1124
f 1048/1037/1125 285/1038/1126 1578/1039/1127 1579/1040/1128
f 1050/1041/1129 286/1042/1130 1446/1043/1131 1447/1044/1132
f 1052/1045/1133 287/1046/1134 1314/1047/1135 1315/1048/1136
f 288/1049/1137 1182/1050/1138 1183/1051/1139 1054/1052/1140
s 1
f 271/2257/1141 288/2383/1142 1054/2378/1143 1021/986/1144
s 2
f 289/1053/1145 1089/2244/1146 1124/1055/1147 1125/1056/1148
f 1257/1057/1149 290/1058/1150 1091/1059/1151 1256/1060/1152
f 1389/1061/1153 291/1062/1154 1093/1063/1155 1388/1064/1156
f 1521/1065/1157 292/1066/1158 1095/1067/1159 1520/1068/1160
f 1653/1069/1161 293/1070/1162 1097/1071/1163 1652/1072/1164
f 1785/1073/1165 294/1074/1166 1099/1075/1167 1784/1076/1168
f 1917/1077/1169 295/1078/1170 1101/1079/1171 1916/1080/1172
f 2049/1081/1173 296/1082/1174 1103/1083/1175 2048/1084/1176
s 3
f 298/2377/1177 297/2247/1178 1105/2243/1179 1106/2372/1180
s 4
f 1108/1089/1181 299/1090/1182 2110/1091/1183 2111/1092/1184
f 1110/1093/1185 300/1094/1186 1978/1095/1187 1979/1096/1188
f 1112/1097/1189 301/1098/1190 1846/1099/1191 1847/1100/1192
f 1114/1101/1193 302/1102/1194 1714/1103/1195 1715/1104/1196
f 1116/1105/1197 303/1106/1198 1582/1107/1199 1583/1108/1200
f 1118/1109/1201 304/1110/1202 1450/1111/1203 1451/1112/1204
f 1120/1113/1205 305/1114/1206 1318/1115/1207 1319/1116/1208
f 306/1117/1209 1186/1118/1210 1187/1119/1211 1122/1120/1212
s 1
f 289/2249/1213 306/2375/1214 1122/2371/1215 1089/1054/1216
s 2
f 308/1121/1217 1090/1122/1218 1190/1123/1219 1191/1124/1220
f 309/1125/1221 1056/1126/1222 1192/1127/1223 1193/1128/1224
f 310/1129/1225 1022/1130/1226 1194/1131/1227 1195/1132/1228
f 311/1133/1229 988/1134/1230 1196/1135/1231 1197/1136/1232
f 312/1137/1233 954/1138/1234 1198/1139/1235 1199/1140/1236
f 313/1141/1237 921/1142/1238 1200/1143/1239 1201/1144/1240
f 314/1145/1241 886/1146/1242 1202/1147/1243 1203/1148/1244
f 315/1149/1245 852/1150/1246 1204/1151/1247 1205/1152/1248
f 316/1153/1249 818/1154/1250 1206/1155/1251 1207/1156/1252
f 317/1157/1253 784/1158/1254 1208/1159/1255 1209/1160/1256
f 318/1161/1257 750/1162/1258 1210/1163/1259 1211/1164/1260
f 319/1165/1261 716/1166/1262 1212/1167/1263 1213/1168/1264
f 320/1169/1265 682/1170/1266 1214/1171/1267 1215/1172/1268
f 321/1173/1269 648/1174/1270 1216/1175/1271 1217/1176/1272
f 322/1177/1273 614/1178/1274 1218/1179/1275 1219/1180/1276
f 323/2240/1277 580/1182/1278 1220/1183/1279 1221/2235/1280
s 6
f 1222/2365/1281 324/1186/1282 323/1181/1283 1221/1184/1284
s 4
f 1222/1185/1285 1223/1187/1286 611/1188/1287 324/2366/1288
f 645/1189/1289 325/1190/1290 1224/1191/1291 1225/1192/1292
f 679/1193/1293 326/1194/1294 1226/1195/1295 1227/1196/1296
f 713/1197/1297 327/1198/1298 1228/1199/1299 1229/1200/1300
f 747/1201/1301 328/1202/1302 1230/1203/1303 1231/1204/1304
f 781/1205/1305 329/1206/1306 1232/1207/1307 1233/1208/1308
f 815/1209/1309 330/1210/1310 1234/1211/1311 1235/1212/1312
f 849/1213/1313 331/1214/1314 1236/1215/1315 1237/1216/1316
f 883/1217/1317 332/1218/1318 1238/1219/1319 1239/1220/1320
f 917/1221/1321 333/1222/1322 1240/1223/1323 1241/1224/1324
f 952/1225/1325 334/1226/1326 1242/1227/1327 1243/1228/1328
f 985/1229/1329 335/1230/1330 1244/1231/1331 1245/1232/1332
f 1019/1233/1333 336/1234/1334 1246/1235/1335 1247/1236/1336
f 1053/1237/1337 337/1238/1338 1248/1239/1339 1249/1240/1340
f 1087/1241/1341 338/1242/1342 1250/1243/1343 1251/1244/1344
f 1121/1245/1345 339/1246/1346 1252/1247/1347 1253/1248/1348
s 5
f 307/2242/1349 340/2364/1350 1254/1251/1351 1189/1252/1352
s 2
f 1323/1253/1353 342/1254/1354 1092/1255/1355 1322/1256/1356
f 343/1257/1357 1058/1258/1358 1324/1259/1359 1325/1260/1360
f 1327/1261/1361 344/1262/1362 1024/1263/1363 1326/1264/1364
f 345/1265/1365 990/1266/1366 1328/1267/1367 1329/1268/1368
f 1331/1269/1369 346/1270/1370 956/1271/1371 1330/1272/1372
f 347/1273/1373 923/1274/1374 1332/1275/1375 1333/1276/1376
f 1335/1277/1377 348/1278/1378 888/1279/1379 1334/1280/1380
f 349/1281/1381 854/1282/1382 1336/1283/1383 1337/1284/1384
f 1339/1285/1385 350/1286/1386 820/1287/1387 1338/1288/1388
f 351/1289/1389 786/1290/1390 1340/1291/1391 1341/1292/1392
f 1343/1293/1393 352/1294/1394 752/1295/1395 1342/1296/1396
f 353/1297/1397 718/1298/1398 1344/1299/1399 1345/1300/1400
f 1347/1301/1401 354/1302/1402 684/1303/1403 1346/1304/1404
f 355/1305/1405 650/1306/1406 1348/1307/1407 1349/1308/1408
f 1351/1309/1409 356/1310/1410 616/1311/1411 1350/1312/1412
f 357/2232/1413 582/1314/1414 1352/1315/1415 1353/2227/1416
s 6
f 1354/2357/1417 358/1318/1418 357/1313/1419 1353/1316/1420
s 4
f 1354/1317/1421 1355/1319/1422 609/1320/1423 358/2358/1424
f 643/1321/1425 359/1322/1426 1356/1323/1427 1357/1324/1428
f 677/1325/1429 360/1326/1430 1358/1327/1431 1359/1328/1432
f 711/1329/1433 361/1330/1434 1360/1331/1435 1361/1332/1436
f 745/1333/1437 362/1334/1438 1362/1335/1439 1363/1336/1440
f 779/1337/1441 363/1338/1442 1364/1339/1443 1365/1340/1444
f 813/1341/1445 364/1342/1446 1366/1343/1447 1367/1344/1448
f 847/1345/1449 365/1346/1450 1368/1347/1451 1369/1348/1452
f 881/1349/1453 366/1350/1454 1370/1351/1455 1371/1352/1456
f 915/1353/1457 367/1354/1458 1372/1355/1459 1373/1356/1460
f 950/1357/1461 368/1358/1462 1374/1359/1463 1375/1360/1464
f 983/1361/1465 369/1362/1466 1376/1363/1467 1377/1364/1468
f 1017/1365/1469 370/1366/1470 1378/1367/1471 1379/1368/1472
f 1051/1369/1473 371/1370/1474 1380/1371/1475 1381/1372/1476
f 1085/1373/1477 372/1374/1478 1382/1375/1479 1383/1376/1480
f 1119/1377/1481 373/1378/1482 1384/1379/1483 1385/1380/1484
s 5
f 341/2234/1485 374/2356/1486 1386/1383/1487 1321/1384/1488
s 2
f 1455/1385/1489 376/1386/1490 1094/1387/1491 1454/1388/1492
f 377/1389/1493 1060/1390/1494 1456/1391/1495 1457/1392/1496
f 1459/1393/1497 378/1394/1498 1026/1395/1499 1458/1396/1500
f 379/1397/1501 992/1398/1502 1460/1399/1503 1461/1400/1504
f 1463/1401/1505 380/1402/1506 958/1403/1507 1462/1404/1508
f 381/1405/1509 925/1406/1510 1464/1407/1511 1465/1408/1512
f 1467/1409/1513 382/1410/1514 890/1411/1515 1466/1412/1516
f 383/1413/1517 856/1414/1518 1468/1415/1519 1469/1416/1520
f 1471/1417/1521 384/1418/1522 822/1419/1523 1470/1420/1524
f 385/1421/1525 788/1422/1526 1472/1423/1527 1473/1424/1528
f 1475/1425/1529 386/1426/1530 754/1427/1531 1474/1428/1532
f 387/1429/1533 720/1430/1534 1476/1431/1535 1477/1432/1536
f 1479/1433/1537 388/1434/1538 686/1435/1539 1478/1436/1540
f 389/1437/1541 652/1438/1542 1480/1439/1543 1481/1440/1544
f 1483/1441/1545 390/1442/1546 618/1443/1547 1482/1444/1548
f 391/2224/1549 584/1446/1550 1484/1447/1551 1485/2219/1552
s 6
f 1486/2349/1553 392/1450/1554 391/1445/1555 1485/1448/1556
s 4
f 1486/1449/1557 1487/1451/1558 607/1452/1559 392/2350/1560
f 641/1453/1561 393/1454/1562 1488/1455/1563 1489/1456/1564
f 675/1457/1565 394/1458/1566 1490/1459/1567 1491/1460/1568
f 709/1461/1569 395/1462/1570 1492/1463/1571 1493/1464/1572
f 743/1465/1573 396/1466/1574 1494/1467/1575 1495/1468/1576
f 777/1469/1577 397/1470/1578 1496/1471/1579 1497/1472/1580
f 811/1473/1581 398/1474/1582 1498/1475/1583 1499/1476/1584
f 845/1477/1585 399/1478/1586 1500/1479/1587 1501/1480/1588
f 879/1481/1589 400/1482/1590 1502/1483/1591 1503/1484/1592
f 913/1485/1593 401/1486/1594 1504/1487/1595 1505/1488/1596
f 948/1489/1597 402/1490/1598 1506/1491/1599 1507/1492/1600
f 981/1493/1601 403/1494/1602 1508/1495/1603 1509/1496/1604
f 1015/1497/1605 404/1498/1606 1510/1499/1607 1511/1500/1608
f 1049/1501/1609 405/1502/1610 1512/1503/1611 1513/1504/1612
f 1083/1505/1613 406/1506/1614 1514/1507/1615 1515/1508/1616
f 1117/1509/1617 407/1510/1618 1516/1511/1619 1517/1512/1620
s 5
f 375/2226/1621 408/2348/1622 1518/1515/1623 1453/1516/1624
s 2
f 1587/1517/1625 410/1518/1626 1096/1519/1627 1586/1520/1628
f 411/1521/1629 1062/1522/1630 1588/1523/1631 1589/1524/1632
f 1591/1525/1633 412/1526/1634 1028/1527/1635 1590/1528/1636
f 413/1529/1637 994/1530/1638 1592/1531/1639 1593/1532/1640
f 1595/1533/1641 414/1534/1642 960/1535/1643 1594/1536/1644
f 415/1537/1645 927/1538/1646 1596/1539/1647 1597/1540/1648
f 1599/1541/1649 416/1542/1650 892/1543/1651 1598/1544/1652
f 417/1545/1653 858/1546/1654 1600/1547/1655 1601/1548/1656
f 1603/1549/1657 418/1550/1658 824/1551/1659 1602/1552/1660
f 419/1553/1661 790/1554/1662 1604/1555/1663 1605/1556/1664
f 1607/1557/1665 420/1558/1666 756/1559/1667 1606/1560/1668
f 421/1561/1669 722/1562/1670 1608/1563/1671 1609/1564/1672
f 1611/1565/1673 422/1566/1674 688/1567/1675 1610/1568/1676
f 423/1569/1677 654/1570/1678 1612/1571/1679 1613/1572/1680
f 1615/1573/1681 424/1574/1682 620/1575/1683 1614/1576/1684
f 425/2216/1685 586/1578/1686 1616/1579/1687 1617/2211/1688
s 6
f 1618/2341/1689 426/1582/1690 425/1577/1691 1617/1580/1692
s 4
f 1618/1581/1693 1619/1583/1694 605/1584/1695 426/2342/1696
f 639/1585/1697 427/1586/1698 1620/1587/1699 1621/1588/1700
f 673/1589/1701 428/1590/1702 1622/1591/1703 1623/1592/1704
f 707/1593/1705 429/1594/1706 1624/1595/1707 1625/1596/1708
f 741/1597/1709 430/1598/1710 1626/1599/1711 1627/1600/1712
f 775/1601/1713 431/1602/1714 1628/1603/1715 1629/1604/1716
f 809/1605/1717 432/1606/1718 1630/1607/1719 1631/1608/1720
f 843/1609/1721 433/1610/1722 1632/1611/1723 1633/1612/1724
f 877/1613/1725 434/1614/1726 1634/1615/1727 1635/1616/1728
f 911/1617/1729 435/1618/1730 1636/1619/1731 1637/1620/1732
f 946/1621/1733 436/1622/1734 1638/1623/1735 1639/1624/1736
f 979/1625/1737 437/1626/1738 1640/1627/1739 1641/1628/1740
f 1013/1629/1741 438/1630/1742 1642/1631/1743 1643/1632/1744
f 1047/1633/1745 439/1634/1746 1644/1635/1747 1645/1636/1748
f 1081/1637/1749 440/1638/1750 1646/1639/1751 1647/1640/1752
f 1115/1641/1753 441/1642/1754 1648/1643/1755 1649/1644/1756
s 5
f 409/2218/1757 442/2340/1758 1650/1647/1759 1585/1648/1760
s 2
f 1719/1649/1761 444/1650/1762 1098/1651/1763 1718/1652/1764
f 445/1653/1765 1064/1654/1766 1720/1655/1767 1721/1656/1768
f 1723/1657/1769 446/1658/1770 1030/1659/1771 1722/1660/1772
f 447/1661/1773 996/1662/1774 1724/1663/1775 1725/1664/1776
f 1727/1665/1777 448/1666/1778 962/1667/1779 1726/1668/1780
f 449/1669/1781 929/1670/1782 1728/1671/1783 1729/1672/1784
f 1731/1673/1785 450/1674/1786 894/1675/1787 1730/1676/1788
f 451/1677/1789 860/1678/1790 1732/1679/1791 1733/1680/1792
f 1735/1681/1793 452/1682/1794 826/1683/1795 1734/1684/1796
f 453/1685/1797 792/1686/1798 1736/1687/1799 1737/1688/1800
f 1739/1689/1801 454/1690/1802 758/1691/1803 1738/1692/1804
f 455/1693/1805 724/1694/1806 1740/1695/1807 1741/1696/1808
f 1743/1697/1809 456/1698/1810 690/1699/1811 1742/1700/1812
f 457/1701/1813 656/1702/1814 1744/1703/1815 1745/1704/1816
f 1747/1705/1817 458/1706/1818 622/1707/1819 1746/1708/1820
f 459/2208/1821 588/1710/1822 1748/1711/1823 1749/2203/1824
s 6
f 1750/2333/1825 460/1714/1826 459/1709/1827 1749/1712/1828
s 4
f 1750/1713/1829 1751/1715/1830 603/1716/1831 460/2334/1832
f 637/1717/1833 461/1718/1834 1752/1719/1835 1753/1720/1836
f 671/1721/1837 462/1722/1838 1754/1723/1839 1755/1724/1840
f 705/1725/1841 463/1726/1842 1756/1727/1843 1757/1728/1844
f 739/1729/1845 464/1730/1846 1758/1731/1847 1759/1732/1848
f 773/1733/1849 465/1734/1850 1760/1735/1851 1761/1736/1852
f 807/1737/1853 466/1738/1854 1762/1739/1855 1763/1740/1856
f 841/1741/1857 467/1742/1858 1764/1743/1859 1765/1744/1860
f 875/1745/1861 468/1746/1862 1766/1747/1863 1767/1748/1864
f 909/1749/1865 469/1750/1866 1768/1751/1867 1769/1752/1868
f 944/1753/1869 470/1754/1870 1770/1755/1871 1771/1756/1872
f 977/1757/1873 471/1758/1874 1772/1759/1875 1773/1760/1876
f 1011/1761/1877 472/1762/1878 1774/1763/1879 1775/1764/1880
f 1045/1765/1881 473/1766/1882 1776/1767/1883 1777/1768/1884
f 1079/1769/1885 474/1770/1886 1778/1771/1887 1779/1772/1888
f 1113/1773/1889 475/1774/1890 1780/1775/1891 1781/1776/1892
s 5
f 443/2210/1893 476/2332/1894 1782/1779/1895 1717/1780/1896
s 2
f 1851/1781/1897 478/1782/1898 1100/1783/1899 1850/1784/1900
f 479/1785/1901 1066/1786/1902 1852/1787/1903 1853/1788/1904
f 1855/1789/1905 480/1790/1906 1032/1791/1907 1854/1792/1908
f 481/1793/1909 998/1794/1910 1856/1795/1911 1857/1796/1912
f 1859/1797/1913 482/1798/1914 964/1799/1915 1858/1800/1916
f 483/1801/1917 931/1802/1918 1860/1803/1919 1861/1804/1920
f 1863/1805/1921 484/1806/1922 896/1807/1923 1862/1808/1924
f 485/1809/1925 862/1810/1926 1864/1811/1927 1865/1812/1928
f 1867/1813/1929 486/1814/1930 828/1815/1931 1866/1816/1932
f 487/1817/1933 794/1818/1934 1868/1819/1935 1869/1820/1936
f 1871/1821/1937 488/1822/1938 760/1823/1939 1870/1824/1940
f 489/1825/1941 726/1826/1942 1872/1827/1943 1873/1828/1944
f 1875/1829/1945 490/1830/1946 692/1831/1947 1874/1832/1948
f 491/1833/1949 658/1834/1950 1876/1835/1951 1877/1836/1952
f 1879/1837/1953 492/1838/1954 624/1839/1955 1878/1840/1956
f 493/2200/1957 590/1842/1958 1880/1843/1959 1881/2195/1960
s 6
f 1882/2325/1961 494/1846/1962 493/1841/1963 1881/1844/1964
s 4
f 1882/1845/1965 1883/1847/1966 601/1848/1967 494/2326/1968
f 635/1849/1969 495/1850/1970 1884/1851/1971 1885/1852/1972
f 669/1853/1973 496/1854/1974 1886/1855/1975 1887/1856/1976
f 703/1857/1977 497/1858/1978 1888/1859/1979 1889/1860/1980
f 737/1861/1981 498/1862/1982 1890/1863/1983 1891/1864/1984
f 771/1865/1985 499/1866/1986 1892/1867/1987 1893/1868/1988
f 805/1869/1989 500/1870/1990 1894/1871/1991 1895/1872/1992
f 839/1873/1993 501/1874/1994 1896/1875/1995 1897/1876/1996
f 873/1877/1997 502/1878/1998 1898/1879/1999 1899/1880/2000
f 907/1881/2001 503/1882/2002 1900/1883/2003 1901/1884/2004
f 942/1885/2005 504/1886/2006 1902/1887/2007 1903/1888/2008
f 975/1889/2009 505/1890/2010 1904/1891/2011 1905/1892/2012
f 1009/1893/2013 506/1894/2014 1906/1895/2015 1907/1896/2016
f 1043/1897/2017 507/1898/2018 1908/1899/2019 1909/1900/2020
f 1077/1901/2021 508/1902/2022 1910/1903/2023 1911/1904/2024
f 1111/1905/2025 509/1906/2026 1912/1907/2027 1913/1908/2028
s 5
f 477/2202/2029 510/2324/2030 1914/1911/2031 1849/1912/2032
s 2
f 1983/1913/2033 512/1914/2034 1102/1915/2035 1982/1916/2036
f 513/1917/2037 1068/1918/2038 1984/1919/2039 1985/1920/2040
f 1987/1921/2041 514/1922/2042 1034/1923/2043 1986/1924/2044
f 515/1925/2045 1000/1926/2046 1988/1927/2047 1989/1928/2048
f 1991/1929/2049 516/1930/2050 966/1931/2051 1990/1932/2052
f 517/1933/2053 933/1934/2054 1992/1935/2055 1993/1936/2056
f 1995/1937/2057 518/1938/2058 898/1939/2059 1994/1940/2060
f 519/1941/2061 864/1942/2062 1996/1943/2063 1997/1944/2064
f 1999/1945/2065 520/1946/2066 830/1947/2067 1998/1948/2068
f 521/1949/2069 796/1950/2070 2000/1951/2071 2001/1952/2072
f 2003/1953/2073 522/1954/2074 762/1955/2075 2002/1956/2076
f 523/1957/2077 728/1958/2078 2004/1959/2079 2005/1960/2080
f 2007/1961/2081 524/1962/2082 694/1963/2083 2006/1964/2084
f 525/1965/2085 660/1966/2086 2008/1967/2087 2009/1968/2088
f 2011/1969/2089 526/1970/2090 626/1971/2091 2010/1972/2092
f 527/2192/2093 592/1974/2094 2012/1975/2095 2013/2187/2096
s 6
f 2014/2317/2097 528/1978/2098 527/1973/2099 2013/1976/2100
s 4
f 2014/1977/2101 2015/1979/2102 599/1980/2103 528/2318/2104
f 633/1981/2105 529/1982/2106 2016/1983/2107 2017/1984/2108
f 667/1985/2109 530/1986/2110 2018/1987/2111 2019/1988/2112
f 701/1989/2113 531/1990/2114 2020/1991/2115 2021/1992/2116
f 735/1993/2117 532/1994/2118 2022/1995/2119 2023/1996/2120
f 769/1997/2121 533/1998/2122 2024/1999/2123 2025/2000/2124
f 803/2001/2125 534/2002/2126 2026/2003/2127 2027/2004/2128
f 837/2005/2129 535/2006/2130 2028/2007/2131 2029/2008/2132
f 871/2009/2133 536/2010/2134 2030/2011/2135 2031/2012/2136
f 905/2013/2137 537/2014/2138 2032/2015/2139 2033/2016/2140
f 940/2017/2141 538/2018/2142 2034/2019/2143 2035/2020/2144
f 973/2021/2145 539/2022/2146 2036/2023/2147 2037/2024/2148
f 1007/2025/2149 540/2026/2150 2038/2027/2151 2039/2028/2152
f 1041/2029/2153 541/2030/2154 2040/2031/2155 2041/2032/2156
f 1075/2033/2157 542/2034/2158 2042/2035/2159 2043/2036/2160
f 1109/2037/2161 543/2038/2162 2044/2039/2163 2045/2040/2164
s 5
f 511/2194/2165 544/2316/2166 2046/2043/2167 1981/2044/2168
s 2
f 297/1086/2169 2176/2045/2170 2177/2046/2171 1105/1087/2172
f 2174/2047/2173 2175/2048/2174 1071/95/2175 34/94/2176
f 279/1018/2177 2172/2049/2178 2173/2050/2179 1037/1019/2180
f 2170/2051/2181 2171/2052/2182 1003/71/2183 26/70/2184
f 261/950/2185 2168/2053/2186 2169/2054/2187 969/951/2188
f 2166/2055/2189 2167/2056/2190 936/83/2191 30/82/2192
f 243/882/2193 2164/2057/2194 2165/2058/2195 901/883/2196
f 2162/2059/2197 2163/2060/2198 867/23/2199 10/22/2200
f 225/814/2201 2160/2061/2202 2161/2062/2203 833/815/2204
f 2158/2063/2205 2159/2064/2206 799/47/2207 18/46/2208
f 207/746/2209 2156/2065/2210 2157/2066/2211 765/747/2212
f 2154/2067/2213 2155/2068/2214 731/35/2215 14/34/2216
f 189/678/2217 2152/2069/2218 2153/2070/2219 697/679/2220
f 2150/2071/2221 2151/2072/2222 663/59/2223 22/58/2224
f 171/610/2225 2148/2073/2226 2149/2074/2227 629/611/2228
f 2146/2075/2229 2147/2076/2230 595/8/2231 5/2182/2232
s 6
f 7/2436/2233 2145/2077/2234 2146/2181/2235 5/7/2236
s 4
f 7/10/2237 596/9/2238 2144/2078/2239 2145/2307/2240
f 2142/2079/2241 2143/2080/2242 172/609/2243 630/612/2244
f 2140/2081/2245 2141/2082/2246 23/57/2247 664/60/2248
f 2138/2083/2249 2139/2084/2250 190/677/2251 698/680/2252
f 2136/2085/2253 2137/2086/2254 15/33/2255 732/36/2256
f 2134/2087/2257 2135/2088/2258 208/745/2259 766/748/2260
f 2132/2089/2261 2133/2090/2262 19/45/2263 800/48/2264
f 2130/2091/2265 2131/2092/2266 226/813/2267 834/816/2268
f 2128/2093/2269 2129/2094/2270 11/21/2271 868/24/2272
f 2126/2095/2273 2127/2096/2274 244/881/2275 902/884/2276
f 2124/2097/2277 2125/2098/2278 31/81/2279 937/84/2280
f 2122/2099/2281 2123/2100/2282 262/949/2283 970/952/2284
f 2120/2101/2285 2121/2102/2286 27/69/2287 1004/72/2288
f 2118/2103/2289 2119/2104/2290 280/1017/2291 1038/1020/2292
f 2116/2105/2293 2117/2106/2294 35/93/2295 1072/96/2296
f 2114/2107/2297 2115/2108/2298 298/1085/2299 1106/1088/2300
s 5
f 2178/2109/2301 2113/2110/2302 8/2373/2303 6/2180/2304
s 2
f 579/2304/6 163/577/641 1153/580/644 1154/5/7
f 1220/1183/1279 580/1182/1278 322/1177/1273 1219/1180/1276
f 1286/267/311 581/266/310 164/582/646 1285/581/645
f 1352/1315/1415 582/1314/1414 356/1310/1410 1351/1309/1409
f 1418/199/239 583/198/238 165/586/650 1417/585/649
f 1484/1447/1551 584/1446/1550 390/1442/1546 1483/1441/1545
f 1550/335/383 585/334/382 166/590/654 1549/589/653
f 1616/1579/1687 586/1578/1686 424/1574/1682 1615/1573/1681
f 1682/131/167 587/130/166 167/594/658 1681/593/657
f 1748/1711/1823 588/1710/1822 458/1706/1818 1747/1705/1817
f 1814/471/527 589/470/526 168/598/662 1813/597/661
f 1880/1843/1959 590/1842/1958 492/1838/1954 1879/1837/1953
f 1946/403/455 591/402/454 169/602/666 1945/601/665
f 2012/1975/2095 592/1974/2094 526/1970/2090 2011/1969/2089
f 2078/539/599 593/538/598 170/606/670 2077/605/669
f 595/8/2231 2147/2076/2230 2148/2073/2226 171/610/2225
s 3
f 596/2432/11 595/2302/10 171/2303/674 172/2433/673
s 4
f 2144/2078/2239 596/9/2238 172/609/2243 2143/2080/2242
f 598/544/607 2081/543/606 2082/614/678 173/613/677
f 599/1980/2103 2015/1979/2102 2016/1983/2107 529/1982/2106
f 600/408/463 1949/407/462 1950/618/682 174/617/681
f 601/1848/1967 1883/1847/1966 1884/1851/1971 495/1850/1970
f 602/476/535 1817/475/534 1818/622/686 175/621/685
f 603/1716/1831 1751/1715/1830 1752/1719/1835 461/1718/1834
f 604/136/175 1685/135/174 1686/626/690 176/625/689
f 605/1584/1695 1619/1583/1694 1620/1587/1699 427/1586/1698
f 606/340/391 1553/339/390 1554/630/694 177/629/693
f 607/1452/1559 1487/1451/1558 1488/1455/1563 393/1454/1562
f 608/204/247 1421/203/246 1422/634/698 178/633/697
f 609/1320/1423 1355/1319/1422 1356/1323/1427 359/1322/1426
f 610/272/319 1289/271/318 1290/638/702 179/637/701
f 611/1188/1287 1223/1187/1286 1224/1191/1291 325/1190/1290
f 612/2/15 1157/12/14 1158/642/706 180/641/705
s 1
f 579/3/3 612/2430/2 180/2431/710 163/2305/709
s 2
f 613/2300/642 21/53/73 1151/56/76 1152/579/643
f 1218/1179/1275 614/1178/1274 321/1173/1269 1217/1176/1272
f 1284/584/648 615/583/647 80/261/305 1283/264/308
f 1350/1312/1412 616/1311/1411 355/1305/1405 1349/1308/1408
f 1416/588/652 617/587/651 62/193/233 1415/196/236
f 1482/1444/1548 618/1443/1547 389/1437/1541 1481/1440/1544
f 1548/592/656 619/591/655 98/329/377 1547/332/380
f 1614/1576/1684 620/1575/1683 423/1569/1677 1613/1572/1680
f 1680/596/660 621/595/659 44/125/161 1679/128/164
f 1746/1708/1820 622/1707/1819 457/1701/1813 1745/1704/1816
f 1812/600/664 623/599/663 134/465/521 1811/468/524
f 1878/1840/1956 624/1839/1955 491/1833/1949 1877/1836/1952
f 1944/604/668 625/603/667 116/397/449 1943/400/452
f 2010/1972/2092 626/1971/2091 525/1965/2085 2009/1968/2088
f 2076/608/672 627/607/671 152/533/593 2075/536/596
f 629/611/2228 2149/2074/2227 2150/2071/2221 22/58/2224
s 3
f 630/2428/676 629/2298/675 22/2299/78 23/2429/77
s 4
f 2141/2082/2246 2142/2079/2241 630/612/2244 23/57/2247
f 632/616/680 2083/615/679 2084/547/611 155/546/610
f 530/1986/2110 633/1981/2105 2017/1984/2108 2018/1987/2111
f 634/620/684 1951/619/683 1952/411/467 119/410/466
f 496/1854/1974 635/1849/1969 1885/1852/1972 1886/1855/1975
f 636/624/688 1819/623/687 1820/479/539 137/478/538
f 462/1722/1838 637/1717/1833 1753/1720/1836 1754/1723/1839
f 638/628/692 1687/627/691 1688/139/179 47/138/178
f 428/1590/1702 639/1585/1697 1621/1588/1700 1622/1591/1703
f 640/632/696 1555/631/695 1556/343/395 101/342/394
f 394/1458/1566 641/1453/1561 1489/1456/1564 1490/1459/1567
f 642/636/700 1423/635/699 1424/207/251 65/206/250
f 360/1326/1430 643/1321/1425 1357/1324/1428 1358/1327/1431
f 644/640/704 1291/639/703 1292/275/323 83/274/322
f 326/1194/1294 645/1189/1289 1225/1192/1292 1226/1195/1295
f 646/644/708 1159/643/707 1160/62/82 24/61/81
s 1
f 613/578/712 646/2426/711 24/2427/86 21/2301/85
s 2
f 647/2296/74 181/645/713 1149/648/716 1150/55/75
f 1216/1175/1271 648/1174/1270 320/1169/1265 1215/1172/1268
f 1282/263/307 649/262/306 182/650/718 1281/649/717
f 1348/1307/1407 650/1306/1406 354/1302/1402 1347/1301/1401
f 1414/195/235 651/194/234 183/654/722 1413/653/721
f 1480/1439/1543 652/1438/1542 388/1434/1538 1479/1433/1537
f 1546/331/379 653/330/378 184/658/726 1545/657/725
f 1612/1571/1679 654/1570/1678 422/1566/1674 1611/1565/1673
f 1678/127/163 655/126/162 185/662/730 1677/661/729
f 1744/1703/1815 656/1702/1814 456/1698/1810 1743/1697/1809
f 1810/467/523 657/466/522 186/666/734 1809/665/733
f 1876/1835/1951 658/1834/1950 490/1830/1946 1875/1829/1945
f 1942/399/451 659/398/450 187/670/738 1941/669/737
f 2008/1967/2087 660/1966/2086 524/1962/2082 2007/1961/2081
f 2074/535/595 661/534/594 188/674/742 2073/673/741
f 663/59/2223 2151/2072/2222 2152/2069/2218 189/678/2217
s 3
f 664/2424/80 663/2294/79 189/2295/746 190/2425/745
s 4
f 2139/2084/2250 2140/2081/2245 664/60/2248 190/677/2251
f 191/682/750 666/545/609 2085/548/612 2086/683/751
f 531/1990/2114 667/1985/2109 2019/1988/2112 2020/1991/2115
f 192/686/754 668/409/465 1953/412/468 1954/687/755
f 497/1858/1978 669/1853/1973 1887/1856/1976 1888/1859/1979
f 193/690/758 670/477/537 1821/480/540 1822/691/759
f 463/1726/1842 671/1721/1837 1755/1724/1840 1756/1727/1843
f 194/694/762 672/137/177 1689/140/180 1690/695/763
f 429/1594/1706 673/1589/1701 1623/1592/1704 1624/1595/1707
f 195/698/766 674/341/393 1557/344/396 1558/699/767
f 395/1462/1570 675/1457/1565 1491/1460/1568 1492/1463/1571
f 196/702/770 676/205/249 1425/208/252 1426/703/771
f 361/1330/1434 677/1325/1429 1359/1328/1432 1360/1331/1435
f 197/706/774 678/273/321 1293/276/324 1294/707/775
f 327/1198/1298 679/1193/1293 1227/1196/1296 1228/1199/1299
f 680/64/84 1161/63/83 1162/710/778 198/709/777
s 1
f 647/54/88 680/2422/87 198/2423/782 181/2297/781
s 2
f 681/2292/714 13/29/41 1147/32/44 1148/647/715
f 1214/1171/1267 682/1170/1266 319/1165/1261 1213/1168/1264
f 1280/652/720 683/651/719 79/257/301 1279/260/304
f 1346/1304/1404 684/1303/1403 353/1297/1397 1345/1300/1400
f 1412/656/724 685/655/723 61/189/229 1411/192/232
f 1478/1436/1540 686/1435/1539 387/1429/1533 1477/1432/1536
f 1544/660/728 687/659/727 97/325/373 1543/328/376
f 1610/1568/1676 688/1567/1675 421/1561/1669 1609/1564/1672
f 1676/664/732 689/663/731 43/121/157 1675/124/160
f 1742/1700/1812 690/1699/1811 455/1693/1805 1741/1696/1808
f 1808/668/736 691/667/735 133/461/517 1807/464/520
f 1874/1832/1948 692/1831/1947 489/1825/1941 1873/1828/1944
f 1940/672/740 693/671/739 115/393/445 1939/396/448
f 2006/1964/2084 694/1963/2083 523/1957/2077 2005/1960/2080
f 2072/676/744 695/675/743 151/529/589 2071/532/592
f 697/679/2220 2153/2070/2219 2154/2067/2213 14/34/2216
s 3
f 698/2420/748 697/2290/747 14/2291/46 15/2421/45
s 4
f 2137/2086/2254 2138/2083/2249 698/680/2252 15/33/2255
f 156/550/614 700/681/749 2087/684/752 2088/551/615
f 532/1994/2118 701/1989/2113 2021/1992/2116 2022/1995/2119
f 120/414/470 702/685/753 1955/688/756 1956/415/471
f 498/1862/1982 703/1857/1977 1889/1860/1980 1890/1863/1983
f 138/482/542 704/689/757 1823/692/760 1824/483/543
f 464/1730/1846 705/1725/1841 1757/1728/1844 1758/1731/1847
f 48/142/182 706/693/761 1691/696/764 1692/143/183
f 430/1598/1710 707/1593/1705 1625/1596/1708 1626/1599/1711
f 102/346/398 708/697/765 1559/700/768 1560/347/399
f 396/1466/1574 709/1461/1569 1493/1464/1572 1494/1467/1575
f 66/210/254 710/701/769 1427/704/772 1428/211/255
f 362/1334/1438 711/1329/1433 1361/1332/1436 1362/1335/1439
f 84/278/326 712/705/773 1295/708/776 1296/279/327
f 328/1202/1302 713/1197/1297 1229/1200/1300 1230/1203/1303
f 714/712/780 1163/711/779 1164/38/50 16/37/49
s 1
f 681/646/784 714/2418/783 16/2419/54 13/2293/53
s 2
f 715/2288/42 199/713/785 1145/716/788 1146/31/43
f 1212/1167/1263 716/1166/1262 318/1161/1257 1211/1164/1260
f 1278/259/303 717/258/302 200/718/790 1277/717/789
f 1344/1299/1399 718/1298/1398 352/1294/1394 1343/1293/1393
f 1410/191/231 719/190/230 201/722/794 1409/721/793
f 1476/1431/1535 720/1430/1534 386/1426/1530 1475/1425/1529
f 1542/327/375 721/326/374 202/726/798 1541/725/797
f 1608/1563/1671 722/1562/1670 420/1558/1666 1607/1557/1665
f 1674/123/159 723/122/158 203/730/802 1673/729/801
f 1740/1695/1807 724/1694/1806 454/1690/1802 1739/1689/1801
f 1806/463/519 725/462/518 204/734/806 1805/733/805
f 1872/1827/1943 726/1826/1942 488/1822/1938 1871/1821/1937
f 1938/395/447 727/394/446 205/738/810 1937/737/809
f 2004/1959/2079 728/1958/2078 522/1954/2074 2003/1953/2073
f 2070/531/591 729/530/590 206/742/814 2069/741/813
f 731/35/2215 2155/2068/2214 2156/2065/2210 207/746/2209
s 3
f 732/2416/48 731/2286/47 207/2287/818 208/2417/817
s 4
f 2135/2088/2258 2136/2085/2253 732/36/2256 208/745/2259
f 209/750/822 734/549/613 2089/552/616 2090/751/823
f 533/1998/2122 735/1993/2117 2023/1996/2120 2024/1999/2123
f 210/754/826 736/413/469 1957/416/472 1958/755/827
f 499/1866/1986 737/1861/1981 1891/1864/1984 1892/1867/1987
f 211/758/830 738/481/541 1825/484/544 1826/759/831
f 465/1734/1850 739/1729/1845 1759/1732/1848 1760/1735/1851
f 212/762/834 740/141/181 1693/144/184 1694/763/835
f 431/1602/1714 741/1597/1709 1627/1600/1712 1628/1603/1715
f 213/766/838 742/345/397 1561/348/400 1562/767/839
f 397/1470/1578 743/1465/1573 1495/1468/1576 1496/1471/1579
f 214/770/842 744/209/253 1429/212/256 1430/771/843
f 363/1338/1442 745/1333/1437 1363/1336/1440 1364/1339/1443
f 215/774/846 746/277/325 1297/280/328 1298/775/847
f 329/1206/1306 747/1201/1301 1231/1204/1304 1232/1207/1307
f 748/40/52 1165/39/51 1166/778/850 216/777/849
s 1
f 715/30/56 748/2414/55 216/2415/854 199/2289/853
s 2
f 749/2284/786 17/41/57 1143/44/60 1144/715/787
f 1210/1163/1259 750/1162/1258 317/1157/1253 1209/1160/1256
f 1276/720/792 751/719/791 78/253/297 1275/256/300
f 1342/1296/1396 752/1295/1395 351/1289/1389 1341/1292/1392
f 1408/724/796 753/723/795 60/185/225 1407/188/228
f 1474/1428/1532 754/1427/1531 385/1421/1525 1473/1424/1528
f 1540/728/800 755/727/799 96/321/369 1539/324/372
f 1606/1560/1668 756/1559/1667 419/1553/1661 1605/1556/1664
f 1672/732/804 757/731/803 42/117/153 1671/120/156
f 1738/1692/1804 758/1691/1803 453/1685/1797 1737/1688/1800
f 1804/736/808 759/735/807 132/457/513 1803/460/516
f 1870/1824/1940 760/1823/1939 487/1817/1933 1869/1820/1936
f 1936/740/812 761/739/811 114/389/441 1935/392/444
f 2002/1956/2076 762/1955/2075 521/1949/2069 2001/1952/2072
f 2068/744/816 763/743/815 150/525/585 2067/528/588
f 765/747/2212 2157/2066/2211 2158/2063/2205 18/46/2208
s 3
f 766/2412/820 765/2282/819 18/2283/62 19/2413/61
s 4
f 2133/2090/2262 2134/2087/2257 766/748/2260 19/45/2263
f 157/554/618 768/749/821 2091/752/824 2092/555/619
f 534/2002/2126 769/1997/2121 2025/2000/2124 2026/2003/2127
f 121/418/474 770/753/825 1959/756/828 1960/419/475
f 500/1870/1990 771/1865/1985 1893/1868/1988 1894/1871/1991
f 139/486/546 772/757/829 1827/760/832 1828/487/547
f 466/1738/1854 773/1733/1849 1761/1736/1852 1762/1739/1855
f 49/146/186 774/761/833 1695/764/836 1696/147/187
f 432/1606/1718 775/1601/1713 1629/1604/1716 1630/1607/1719
f 103/350/402 776/765/837 1563/768/840 1564/351/403
f 398/1474/1582 777/1469/1577 1497/1472/1580 1498/1475/1583
f 67/214/258 778/769/841 1431/772/844 1432/215/259
f 364/1342/1446 779/1337/1441 1365/1340/1444 1366/1343/1447
f 85/282/330 780/773/845 1299/776/848 1300/283/331
f 330/1210/1310 781/1205/1305 1233/1208/1308 1234/1211/1311
f 782/780/852 1167/779/851 1168/50/66 20/49/65
s 1
f 749/714/856 782/2410/855 20/2411/70 17/2285/69
s 2
f 783/2280/58 217/781/857 1141/784/860 1142/43/59
f 1208/1159/1255 784/1158/1254 316/1153/1249 1207/1156/1252
f 1274/255/299 785/254/298 218/786/862 1273/785/861
f 1340/1291/1391 786/1290/1390 350/1286/1386 1339/1285/1385
f 1406/187/227 787/186/226 219/790/866 1405/789/865
f 1472/1423/1527 788/1422/1526 384/1418/1522 1471/1417/1521
f 1538/323/371 789/322/370 220/794/870 1537/793/869
f 1604/1555/1663 790/1554/1662 418/1550/1658 1603/1549/1657
f 1670/119/155 791/118/154 221/798/874 1669/797/873
f 1736/1687/1799 792/1686/1798 452/1682/1794 1735/1681/1793
f 1802/459/515 793/458/514 222/802/878 1801/801/877
f 1868/1819/1935 794/1818/1934 486/1814/1930 1867/1813/1929
f 1934/391/443 795/390/442 223/806/882 1933/805/881
f 2000/1951/2071 796/1950/2070 520/1946/2066 1999/1945/2065
f 2066/527/587 797/526/586 224/810/886 2065/809/885
f 799/47/2207 2159/2064/2206 2160/2061/2202 225/814/2201
s 3
f 800/2408/64 799/2278/63 225/2279/890 226/2409/889
s 4
f 2131/2092/2266 2132/2089/2261 800/48/2264 226/813/2267
f 227/818/894 802/553/617 2093/556/620 2094/819/895
f 535/2006/2130 803/2001/2125 2027/2004/2128 2028/2007/2131
f 228/822/898 804/417/473 1961/420/476 1962/823/899
f 501/1874/1994 805/1869/1989 1895/1872/1992 1896/1875/1995
f 229/826/902 806/485/545 1829/488/548 1830/827/903
f 467/1742/1858 807/1737/1853 1763/1740/1856 1764/1743/1859
f 230/830/906 808/145/185 1697/148/188 1698/831/907
f 433/1610/1722 809/1605/1717 1631/1608/1720 1632/1611/1723
f 231/834/910 810/349/401 1565/352/404 1566/835/911
f 399/1478/1586 811/1473/1581 1499/1476/1584 1500/1479/1587
f 232/838/914 812/213/257 1433/216/260 1434/839/915
f 365/1346/1450 813/1341/1445 1367/1344/1448 1368/1347/1451
f 233/842/918 814/281/329 1301/284/332 1302/843/919
f 331/1214/1314 815/1209/1309 1235/1212/1312 1236/1215/1315
f 816/52/68 1169/51/67 1170/846/922 234/845/921
s 1
f 783/42/72 816/2406/71 234/2407/926 217/2281/925
s 2
f 817/2276/858 9/17/25 1139/20/28 1140/783/859
f 1206/1155/1251 818/1154/1250 315/1149/1245 1205/1152/1248
f 1272/788/864 819/787/863 77/249/293 1271/252/296
f 1338/1288/1388 820/1287/1387 349/1281/1381 1337/1284/1384
f 1404/792/868 821/791/867 59/181/221 1403/184/224
f 1470/1420/1524 822/1419/1523 383/1413/1517 1469/1416/1520
f 1536/796/872 823/795/871 95/317/365 1535/320/368
f 1602/1552/1660 824/1551/1659 417/1545/1653 1601/1548/1656
f 1668/800/876 825/799/875 41/113/149 1667/116/152
f 1734/1684/1796 826/1683/1795 451/1677/1789 1733/1680/1792
f 1800/804/880 827/803/879 131/453/509 1799/456/512
f 1866/1816/1932 828/1815/1931 485/1809/1925 1865/1812/1928
f 1932/808/884 829/807/883 113/385/437 1931/388/440
f 1998/1948/2068 830/1947/2067 519/1941/2061 1997/1944/2064
f 2064/812/888 831/811/887 149/521/581 2063/524/584
f 833/815/2204 2161/2062/2203 2162/2059/2197 10/22/2200
s 3
f 834/2404/892 833/2274/891 10/2275/30 11/2405/29
s 4
f 2129/2094/2270 2130/2091/2265 834/816/2268 11/21/2271
f 158/558/622 836/817/893 2095/820/896 2096/559/623
f 536/2010/2134 837/2005/2129 2029/2008/2132 2030/2011/2135
f 122/422/478 838/821/897 1963/824/900 1964/423/479
f 502/1878/1998 839/1873/1993 1897/1876/1996 1898/1879/1999
f 140/490/550 840/825/901 1831/828/904 1832/491/551
f 468/1746/1862 841/1741/1857 1765/1744/1860 1766/1747/1863
f 50/150/190 842/829/905 1699/832/908 1700/151/191
f 434/1614/1726 843/1609/1721 1633/1612/1724 1634/1615/1727
f 104/354/406 844/833/909 1567/836/912 1568/355/407
f 400/1482/1590 845/1477/1585 1501/1480/1588 1502/1483/1591
f 68/218/262 846/837/913 1435/840/916 1436/219/263
f 366/1350/1454 847/1345/1449 1369/1348/1452 1370/1351/1455
f 86/286/334 848/841/917 1303/844/920 1304/287/335
f 332/1218/1318 849/1213/1313 1237/1216/1316 1238/1219/1319
f 850/848/924 1171/847/923 1172/26/34 12/25/33
s 1
f 817/782/928 850/2402/927 12/2403/38 9/2277/37
s 2
f 851/2272/26 235/849/929 1137/852/932 1138/19/27
f 1204/1151/1247 852/1150/1246 314/1145/1241 1203/1148/1244
f 1270/251/295 853/250/294 236/854/934 1269/853/933
f 1336/1283/1383 854/1282/1382 348/1278/1378 1335/1277/1377
f 1402/183/223 855/182/222 237/858/938 1401/857/937
f 1468/1415/1519 856/1414/1518 382/1410/1514 1467/1409/1513
f 1534/319/367 857/318/366 238/862/942 1533/861/941
f 1600/1547/1655 858/1546/1654 416/1542/1650 1599/1541/1649
f 1666/115/151 859/114/150 239/866/946 1665/865/945
f 1732/1679/1791 860/1678/1790 450/1674/1786 1731/1673/1785
f 1798/455/511 861/454/510 240/870/950 1797/869/949
f 1864/1811/1927 862/1810/1926 484/1806/1922 1863/1805/1921
f 1930/387/439 863/386/438 241/874/954 1929/873/953
f 1996/1943/2063 864/1942/2062 518/1938/2058 1995/1937/2057
f 2062/523/583 865/522/582 242/878/958 2061/877/957
f 867/23/2199 2163/2060/2198 2164/2057/2194 243/882/2193
s 3
f 868/2400/32 867/2270/31 243/2271/962 244/2401/961
s 4
f 2127/2096/2274 2128/2093/2269 868/24/2272 244/881/2275
f 245/886/966 870/557/621 2097/560/624 2098/887/967
f 537/2014/2138 871/2009/2133 2031/2012/2136 2032/2015/2139
f 246/890/970 872/421/477 1965/424/480 1966/891/971
f 503/1882/2002 873/1877/1997 1899/1880/2000 1900/1883/2003
f 247/894/974 874/489/549 1833/492/552 1834/895/975
f 469/1750/1866 875/1745/1861 1767/1748/1864 1768/1751/1867
f 248/898/978 876/149/189 1701/152/192 1702/899/979
f 435/1618/1730 877/1613/1725 1635/1616/1728 1636/1619/1731
f 249/902/982 878/353/405 1569/356/408 1570/903/983
f 401/1486/1594 879/1481/1589 1503/1484/1592 1504/1487/1595
f 250/906/986 880/217/261 1437/220/264 1438/907/987
f 367/1354/1458 881/1349/1453 1371/1352/1456 1372/1355/1459
f 251/910/990 882/285/333 1305/288/336 1306/911/991
f 333/1222/1322 883/1217/1317 1239/1220/1320 1240/1223/1323
f 884/28/36 1173/27/35 1174/914/994 252/913/993
s 1
f 851/18/40 884/2398/39 252/2399/998 235/2273/997
s 2
f 885/2268/930 29/77/105 1135/80/108 1136/851/931
f 1202/1147/1243 886/1146/1242 313/1141/1237 1201/1144/1240
f 1268/856/936 887/855/935 76/245/289 1267/248/292
f 1334/1280/1380 888/1279/1379 347/1273/1373 1333/1276/1376
f 1400/860/940 889/859/939 58/177/217 1399/180/220
f 1466/1412/1516 890/1411/1515 381/1405/1509 1465/1408/1512
f 1532/864/944 891/863/943 94/313/361 1531/316/364
f 1598/1544/1652 892/1543/1651 415/1537/1645 1597/1540/1648
f 1664/868/948 893/867/947 40/109/145 1663/112/148
f 1730/1676/1788 894/1675/1787 449/1669/1781 1729/1672/1784
f 1796/872/952 895/871/951 130/449/505 1795/452/508
f 1862/1808/1924 896/1807/1923 483/1801/1917 1861/1804/1920
f 1928/876/956 897/875/955 112/381/433 1927/384/436
f 1994/1940/2060 898/1939/2059 517/1933/2053 1993/1936/2056
f 2060/880/960 899/879/959 148/517/577 2059/520/580
f 901/883/2196 2165/2058/2195 2166/2055/2189 30/82/2192
s 3
f 902/2396/964 901/2266/963 30/2267/110 31/2397/109
s 4
f 2125/2098/2278 2126/2095/2273 902/884/2276 31/81/2279
f 159/562/626 904/885/965 2099/888/968 2100/563/627
f 538/2018/2142 905/2013/2137 2033/2016/2140 2034/2019/2143
f 123/426/482 906/889/969 1967/892/972 1968/427/483
f 504/1886/2006 907/1881/2001 1901/1884/2004 1902/1887/2007
f 141/494/554 908/893/973 1835/896/976 1836/495/555
f 470/1754/1870 909/1749/1865 1769/1752/1868 1770/1755/1871
f 51/154/194 910/897/977 1703/900/980 1704/155/195
f 436/1622/1734 911/1617/1729 1637/1620/1732 1638/1623/1735
f 105/358/410 912/901/981 1571/904/984 1572/359/411
f 402/1490/1598 913/1485/1593 1505/1488/1596 1506/1491/1599
f 69/222/266 914/905/985 1439/908/988 1440/223/267
f 368/1358/1462 915/1353/1457 1373/1356/1460 1374/1359/1463
f 87/290/338 916/909/989 1307/912/992 1308/291/339
f 334/1226/1326 917/1221/1321 1241/1224/1324 1242/1227/1327
f 918/916/996 1175/915/995 1176/86/114 32/85/113
s 1
f 885/850/1000 918/2394/999 32/2395/118 29/2269/117
f 920/2264/120 919/2392/119 270/2393/1070 253/2265/1069
s 2
f 1134/79/107 920/78/106 253/917/1001 1133/920/1004
f 1200/1143/1239 921/1142/1238 312/1137/1233 1199/1140/1236
f 1266/247/291 922/246/290 254/922/1006 1265/921/1005
f 1332/1275/1375 923/1274/1374 346/1270/1370 1331/1269/1369
f 1398/179/219 924/178/218 255/926/1010 1397/925/1009
f 1464/1407/1511 925/1406/1510 380/1402/1506 1463/1401/1505
f 1530/315/363 926/314/362 256/930/1014 1529/929/1013
f 1596/1539/1647 927/1538/1646 414/1534/1642 1595/1533/1641
f 1662/111/147 928/110/146 257/934/1018 1661/933/1017
f 1728/1671/1783 929/1670/1782 448/1666/1778 1727/1665/1777
f 1794/451/507 930/450/506 258/938/1022 1793/937/1021
f 1860/1803/1919 931/1802/1918 482/1798/1914 1859/1797/1913
f 1926/383/435 932/382/434 259/942/1026 1925/941/1025
f 1992/1935/2055 933/1934/2054 516/1930/2050 1991/1929/2049
f 2058/519/579 934/518/578 260/946/1030 2057/945/1029
f 936/83/2191 2167/2056/2190 2168/2053/2186 261/950/2185
s 3
f 937/2390/112 936/2262/111 261/2263/1034 262/2391/1033
s 4
f 2123/2100/2282 2124/2097/2277 937/84/2280 262/949/2283
f 263/954/1038 939/561/625 2101/564/628 2102/955/1039
f 539/2022/2146 940/2017/2141 2035/2020/2144 2036/2023/2147
f 264/958/1042 941/425/481 1969/428/484 1970/959/1043
f 505/1890/2010 942/1885/2005 1903/1888/2008 1904/1891/2011
f 265/962/1046 943/493/553 1837/496/556 1838/963/1047
f 471/1758/1874 944/1753/1869 1771/1756/1872 1772/1759/1875
f 266/966/1050 945/153/193 1705/156/196 1706/967/1051
f 437/1626/1738 946/1621/1733 1639/1624/1736 1640/1627/1739
f 267/970/1054 947/357/409 1573/360/412 1574/971/1055
f 403/1494/1602 948/1489/1597 1507/1492/1600 1508/1495/1603
f 268/974/1058 949/221/265 1441/224/268 1442/975/1059
f 369/1362/1466 950/1357/1461 1375/1360/1464 1376/1363/1467
f 269/978/1062 951/289/337 1309/292/340 1310/979/1063
f 335/1230/1330 952/1225/1325 1243/1228/1328 1244/1231/1331
f 919/88/116 1177/87/115 1178/982/1066 270/981/1065
s 2
f 953/2260/1002 25/65/89 1131/68/92 1132/919/1003
f 1198/1139/1235 954/1138/1234 311/1133/1229 1197/1136/1232
f 1264/924/1008 955/923/1007 75/241/285 1263/244/288
f 1330/1272/1372 956/1271/1371 345/1265/1365 1329/1268/1368
f 1396/928/1012 957/927/1011 57/173/213 1395/176/216
f 1462/1404/1508 958/1403/1507 379/1397/1501 1461/1400/1504
f 1528/932/1016 959/931/1015 93/309/357 1527/312/360
f 1594/1536/1644 960/1535/1643 413/1529/1637 1593/1532/1640
f 1660/936/1020 961/935/1019 39/105/141 1659/108/144
f 1726/1668/1780 962/1667/1779 447/1661/1773 1725/1664/1776
f 1792/940/1024 963/939/1023 129/445/501 1791/448/504
f 1858/1800/1916 964/1799/1915 481/1793/1909 1857/1796/1912
f 1924/944/1028 965/943/1027 111/377/429 1923/380/432
f 1990/1932/2052 966/1931/2051 515/1925/2045 1989/1928/2048
f 2056/948/1032 967/947/1031 147/513/573 2055/516/576
f 969/951/2188 2169/2054/2187 2170/2051/2181 26/70/2184
s 3
f 970/2388/1036 969/2258/1035 26/2259/94 27/2389/93
s 4
f 2121/2102/2286 2122/2099/2281 970/952/2284 27/69/2287
f 160/566/630 972/953/1037 2103/956/1040 2104/567/631
f 540/2026/2150 973/2021/2145 2037/2024/2148 2038/2027/2151
f 124/430/486 974/957/1041 1971/960/1044 1972/431/487
f 506/1894/2014 975/1889/2009 1905/1892/2012 1906/1895/2015
f 142/498/558 976/961/1045 1839/964/1048 1840/499/559
f 472/1762/1878 977/1757/1873 1773/1760/1876 1774/1763/1879
f 52/158/198 978/965/1049 1707/968/1052 1708/159/199
f 438/1630/1742 979/1625/1737 1641/1628/1740 1642/1631/1743
f 106/362/414 980/969/1053 1575/972/1056 1576/363/415
f 404/1498/1606 981/1493/1601 1509/1496/1604 1510/1499/1607
f 70/226/270 982/973/1057 1443/976/1060 1444/227/271
f 370/1366/1470 983/1361/1465 1377/1364/1468 1378/1367/1471
f 88/294/342 984/977/1061 1311/980/1064 1312/295/343
f 336/1234/1334 985/1229/1329 1245/1232/1332 1246/1235/1335
f 986/984/1068 1179/983/1067 1180/74/98 28/73/97
s 1
f 953/918/1072 986/2386/1071 28/2387/102 25/2261/101
s 2
f 987/2256/90 271/985/1073 1129/988/1076 1130/67/91
f 1196/1135/1231 988/1134/1230 310/1129/1225 1195/1132/1228
f 1262/243/287 989/242/286 272/990/1078 1261/989/1077
f 1328/1267/1367 990/1266/1366 344/1262/1362 1327/1261/1361
f 1394/175/215 991/174/214 273/994/1082 1393/993/1081
f 1460/1399/1503 992/1398/1502 378/1394/1498 1459/1393/1497
f 1526/311/359 993/310/358 274/998/1086 1525/997/1085
f 1592/1531/1639 994/1530/1638 412/1526/1634 1591/1525/1633
f 1658/107/143 995/106/142 275/1002/1090 1657/1001/1089
f 1724/1663/1775 996/1662/1774 446/1658/1770 1723/1657/1769
f 1790/447/503 997/446/502 276/1006/1094 1789/1005/1093
f 1856/1795/1911 998/1794/1910 480/1790/1906 1855/1789/1905
f 1922/379/431 999/378/430 277/1010/1098 1921/1009/1097
f 1988/1927/2047 1000/1926/2046 514/1922/2042 1987/1921/2041
f 2054/515/575 1001/514/574 278/1014/1102 2053/1013/1101
f 1003/71/2183 2171/2052/2182 2172/2049/2178 279/1018/2177
s 3
f 1004/2384/96 1003/2254/95 279/2255/1106 280/2385/1105
s 4
f 2119/2104/2290 2120/2101/2285 1004/72/2288 280/1017/2291
f 281/1022/1110 1006/565/629 2105/568/632 2106/1023/1111
f 541/2030/2154 1007/2025/2149 2039/2028/2152 2040/2031/2155
f 282/1026/1114 1008/429/485 1973/432/488 1974/1027/1115
f 507/1898/2018 1009/1893/2013 1907/1896/2016 1908/1899/2019
f 283/1030/1118 1010/497/557 1841/500/560 1842/1031/1119
f 473/1766/1882 1011/1761/1877 1775/1764/1880 1776/1767/1883
f 284/1034/1122 1012/157/197 1709/160/200 1710/1035/1123
f 439/1634/1746 1013/1629/1741 1643/1632/1744 1644/1635/1747
f 285/1038/1126 1014/361/413 1577/364/416 1578/1039/1127
f 405/1502/1610 1015/1497/1605 1511/1500/1608 1512/1503/1611
f 286/1042/1130 1016/225/269 1445/228/272 1446/1043/1131
f 371/1370/1474 1017/1365/1469 1379/1368/1472 1380/1371/1475
f 287/1046/1134 1018/293/341 1313/296/344 1314/1047/1135
f 337/1238/1338 1019/1233/1333 1247/1236/1336 1248/1239/1339
f 1020/76/100 1181/75/99 1182/1050/1138 288/1049/1137
s 1
f 987/66/104 1020/2382/103 288/2383/1142 271/2257/1141
s 2
f 1021/2252/1074 33/89/121 1127/92/124 1128/987/1075
f 1194/1131/1227 1022/1130/1226 309/1125/1221 1193/1128/1224
f 1260/992/1080 1023/991/1079 74/237/281 1259/240/284
f 1326/1264/1364 1024/1263/1363 343/1257/1357 1325/1260/1360
f 1392/996/1084 1025/995/1083 56/169/209 1391/172/212
f 1458/1396/1500 1026/1395/1499 377/1389/1493 1457/1392/1496
f 1524/1000/1088 1027/999/1087 92/305/353 1523/308/356
f 1590/1528/1636 1028/1527/1635 411/1521/1629 1589/1524/1632
f 1656/1004/1092 1029/1003/1091 38/101/137 1655/104/140
f 1722/1660/1772 1030/1659/1771 445/1653/1765 1721/1656/1768
f 1788/1008/1096 1031/1007/1095 128/441/497 1787/444/500
f 1854/1792/1908 1032/1791/1907 479/1785/1901 1853/1788/1904
f 1920/1012/1100 1033/1011/1099 110/373/425 1919/376/428
f 1986/1924/2044 1034/1923/2043 513/1917/2037 1985/1920/2040
f 2052/1016/1104 1035/1015/1103 146/509/569 2051/512/572
f 1037/1019/2180 2173/2050/2179 2174/2047/2173 34/94/2176
s 3
f 1038/2380/1108 1037/2250/1107 34/2251/126 35/2381/125
s 4
f 2117/2106/2294 2118/2103/2289 1038/1020/2292 35/93/2295
f 161/570/634 1040/1021/1109 2107/1024/1112 2108/571/635
f 542/2034/2158 1041/2029/2153 2041/2032/2156 2042/2035/2159
f 125/434/490 1042/1025/1113 1975/1028/1116 1976/435/491
f 508/1902/2022 1043/1897/2017 1909/1900/2020 1910/1903/2023
f 143/502/562 1044/1029/1117 1843/1032/1120 1844/503/563
f 474/1770/1886 1045/1765/1881 1777/1768/1884 1778/1771/1887
f 53/162/202 1046/1033/1121 1711/1036/1124 1712/163/203
f 440/1638/1750 1047/1633/1745 1645/1636/1748 1646/1639/1751
f 107/366/418 1048/1037/1125 1579/1040/1128 1580/367/419
f 406/1506/1614 1049/1501/1609 1513/1504/1612 1514/1507/1615
f 71/230/274 1050/1041/1129 1447/1044/1132 1448/231/275
f 372/1374/1478 1051/1369/1473 1381/1372/1476 1382/1375/1479
f 89/298/346 1052/1045/1133 1315/1048/1136 1316/299/347
f 338/1242/1342 1053/1237/1337 1249/1240/1340 1250/1243/1343
f 1054/1052/1140 1183/1051/1139 1184/98/130 36/97/129
s 1
f 1021/986/1144 1054/2378/1143 36/2379/134 33/2253/133
s 2
f 1055/2248/122 289/1053/1145 1125/1056/1148 1126/91/123
f 1192/1127/1223 1056/1126/1222 308/1121/1217 1191/1124/1220
f 1258/239/283 1057/238/282 290/1058/1150 1257/1057/1149
f 1324/1259/1359 1058/1258/1358 342/1254/1354 1323/1253/1353
f 1390/171/211 1059/170/210 291/1062/1154 1389/1061/1153
f 1456/1391/1495 1060/1390/1494 376/1386/1490 1455/1385/1489
f 1522/307/355 1061/306/354 292/1066/1158 1521/1065/1157
f 1588/1523/1631 1062/1522/1630 410/1518/1626 1587/1517/1625
f 1654/103/139 1063/102/138 293/1070/1162 1653/1069/1161
f 1720/1655/1767 1064/1654/1766 444/1650/1762 1719/1649/1761
f 1786/443/499 1065/442/498 294/1074/1166 1785/1073/1165
f 1852/1787/1903 1066/1786/1902 478/1782/1898 1851/1781/1897
f 1918/375/427 1067/374/426 295/1078/1170 1917/1077/1169
f 1984/1919/2039 1068/1918/2038 512/1914/2034 1983/1913/2033
f 2050/511/571 1069/510/570 296/1082/1174 2049/1081/1173
f 1071/95/2175 2175/2048/2174 2176/2045/2170 297/1086/2169
s 3
f 1072/2376/128 1071/2246/127 297/2247/1178 298/2377/1177
s 4
f 2115/2108/2298 2116/2105/2293 1072/96/2296 298/1085/2299
f 299/1090/1182 1074/569/633 2109/572/636 2110/1091/1183
f 543/2038/2162 1075/2033/2157 2043/2036/2160 2044/2039/2163
f 300/1094/1186 1076/433/489 1977/436/492 1978/1095/1187
f 509/1906/2026 1077/1901/2021 1911/1904/2024 1912/1907/2027
f 301/1098/1190 1078/501/561 1845/504/564 1846/1099/1191
f 475/1774/1890 1079/1769/1885 1779/1772/1888 1780/1775/1891
f 302/1102/1194 1080/161/201 1713/164/204 1714/1103/1195
f 441/1642/1754 1081/1637/1749 1647/1640/1752 1648/1643/1755
f 303/1106/1198 1082/365/417 1581/368/420 1582/1107/1199
f 407/1510/1618 1083/1505/1613 1515/1508/1616 1516/1511/1619
f 304/1110/1202 1084/229/273 1449/232/276 1450/1111/1203
f 373/1378/1482 1085/1373/1477 1383/1376/1480 1384/1379/1483
f 305/1114/1206 1086/297/345 1317/300/348 1318/1115/1207
f 339/1246/1346 1087/1241/1341 1251/1244/1344 1252/1247/1347
f 1088/100/132 1185/99/131 1186/1118/1210 306/1117/1209
s 1
f 1055/90/136 1088/2374/135 306/2375/1214 289/2249/1213
s 2
f 1089/2244/1146 4/16/2305 1123/2241/2306 1124/1055/1147
f 1190/1123/1219 1090/1122/1218 307/1249/2307 1189/2237/2308
f 1256/1060/1152 1091/1059/1151 73/301/2309 1255/2233/2310
f 1322/1256/1356 1092/1255/1355 341/1381/2311 1321/2229/2312
f 1388/1064/1156 1093/1063/1155 55/233/2313 1387/2225/2314
f 1454/1388/1492 1094/1387/1491 375/1513/2315 1453/2221/2316
f 1520/1068/1160 1095/1067/1159 91/369/2317 1519/2217/2318
f 1586/1520/1628 1096/1519/1627 409/1645/2319 1585/2213/2320
f 1652/1072/1164 1097/1071/1163 37/165/2321 1651/2209/2322
f 1718/1652/1764 1098/1651/1763 443/1777/2323 1717/2205/2324
f 1784/1076/1168 1099/1075/1167 127/505/2325 1783/2201/2326
f 1850/1784/1900 1100/1783/1899 477/1909/2327 1849/2197/2328
f 1916/1080/1172 1101/1079/1171 109/437/2329 1915/2193/2330
f 1982/1916/2036 1102/1915/2035 511/2041/2331 1981/2189/2332
f 2048/1084/1176 1103/1083/1175 145/573/2333 2047/2185/2334
f 1105/1087/2172 2177/2046/2171 2178/2179/2335 6/2112/2336
s 3
f 1106/2372/1180 1105/2243/1179 6/2180/2337 8/2373/2338
s 4
f 2113/2309/2339 2114/2107/2297 1106/1088/2300 8/2111/2340
f 162/574/2341 1108/1089/1181 2111/1092/1184 2112/2311/2342
f 544/2042/2343 1109/2037/2161 2045/2040/2164 2046/2315/2344
f 126/438/2345 1110/1093/1185 1979/1096/1188 1980/2319/2346
f 510/1910/2347 1111/1905/2025 1913/1908/2028 1914/2323/2348
f 144/506/2349 1112/1097/1189 1847/1100/1192 1848/2327/2350
f 476/1778/2351 1113/1773/1889 1781/1776/1892 1782/2331/2352
f 54/166/2353 1114/1101/1193 1715/1104/1196 1716/2335/2354
f 442/1646/2355 1115/1641/1753 1649/1644/1756 1650/2339/2356
f 108/370/2357 1116/1105/1197 1583/1108/1200 1584/2343/2358
f 408/1514/2359 1117/1509/1617 1517/1512/1620 1518/2347/2360
f 72/234/2361 1118/1109/1201 1451/1112/1204 1452/2351/2362
f 374/1382/2363 1119/1377/1481 1385/1380/1484 1386/2355/2364
f 90/302/2365 1120/1113/1205 1319/1116/1208 1320/2359/2366
f 340/1250/2367 1121/1245/1345 1253/1248/1348 1254/2363/2368
f 1122/1120/1212 1187/1119/1211 1188/2367/2369 2/13/2370
s 1
f 1089/1054/1216 1122/2371/1215 2/2368/2371 4/2438/2372
s 2
f 1124/1055/1147 1123/2241/2306 307/1249/2307 1090/1122/1218
f 1125/1056/1148 1124/1055/1147 1090/1122/1218 308/1121/1217
f 1126/91/123 1125/1056/1148 308/1121/1217 1056/1126/1222
f 1127/92/124 1126/91/123 1056/1126/1222 309/1125/1221
f 1128/987/1075 1127/92/124 309/1125/1221 1022/1130/1226
f 1129/988/1076 1128/987/1075 1022/1130/1226 310/1129/1225
f 1130/67/91 1129/988/1076 310/1129/1225 988/1134/1230
f 1131/68/92 1130/67/91 988/1134/1230 311/1133/1229
f 1132/919/1003 1131/68/92 311/1133/1229 954/1138/1234
f 1133/920/1004 1132/919/1003 954/1138/1234 312/1137/1233
f 921/1142/1238 1134/79/107 1133/920/1004 312/1137/1233
f 1135/80/108 1134/79/107 921/1142/1238 313/1141/1237
f 1136/851/931 1135/80/108 313/1141/1237 886/1146/1242
f 1137/852/932 1136/851/931 886/1146/1242 314/1145/1241
f 1138/19/27 1137/852/932 314/1145/1241 852/1150/1246
f 1139/20/28 1138/19/27 852/1150/1246 315/1149/1245
f 1140/783/859 1139/20/28 315/1149/1245 818/1154/1250
f 1141/784/860 1140/783/859 818/1154/1250 316/1153/1249
f 1142/43/59 1141/784/860 316/1153/1249 784/1158/1254
f 1143/44/60 1142/43/59 784/1158/1254 317/1157/1253
f 1144/715/787 1143/44/60 317/1157/1253 750/1162/1258
f 1145/716/788 1144/715/787 750/1162/1258 318/1161/1257
f 1146/31/43 1145/716/788 318/1161/1257 716/1166/1262
f 1147/32/44 1146/31/43 716/1166/1262 319/1165/1261
f 1148/647/715 1147/32/44 319/1165/1261 682/1170/1266
f 1149/648/716 1148/647/715 682/1170/1266 320/1169/1265
f 1150/55/75 1149/648/716 320/1169/1265 648/1174/1270
f 1151/56/76 1150/55/75 648/1174/1270 321/1173/1269
f 1152/579/643 1151/56/76 321/1173/1269 614/1178/1274
f 1153/580/644 1152/579/643 614/1178/1274 322/1177/1273
f 1154/5/7 1153/580/644 322/1177/1273 580/1182/1278
f 1155/2239/8 1154/5/7 580/1182/1278 323/2240/1277
s 6
f 324/1186/1282 1156/2369/21 1155/6/24 323/1181/1283
s 4
f 324/2366/1288 611/1188/1287 1157/12/14 1156/11/13
f 1158/642/706 1157/12/14 611/1188/1287 325/1190/1290
f 1159/643/707 1158/642/706 325/1190/1290 645/1189/1289
f 1160/62/82 1159/643/707 645/1189/1289 326/1194/1294
f 1161/63/83 1160/62/82 326/1194/1294 679/1193/1293
f 1162/710/778 1161/63/83 679/1193/1293 327/1198/1298
f 1163/711/779 1162/710/778 327/1198/1298 713/1197/1297
f 1164/38/50 1163/711/779 713/1197/1297 328/1202/1302
f 1165/39/51 1164/38/50 328/1202/1302 747/1201/1301
f 1166/778/850 1165/39/51 747/1201/1301 329/1206/1306
f 1167/779/851 1166/778/850 329/1206/1306 781/1205/1305
f 1168/50/66 1167/779/851 781/1205/1305 330/1210/1310
f 1169/51/67 1168/50/66 330/1210/1310 815/1209/1309
f 1170/846/922 1169/51/67 815/1209/1309 331/1214/1314
f 1171/847/923 1170/846/922 331/1214/1314 849/1213/1313
f 1172/26/34 1171/847/923 849/1213/1313 332/1218/1318
f 1173/27/35 1172/26/34 332/1218/1318 883/1217/1317
f 1174/914/994 1173/27/35 883/1217/1317 333/1222/1322
f 1175/915/995 1174/914/994 333/1222/1322 917/1221/1321
f 1176/86/114 1175/915/995 917/1221/1321 334/1226/1326
f 1177/87/115 1176/86/114 334/1226/1326 952/1225/1325
f 1178/982/1066 1177/87/115 952/1225/1325 335/1230/1330
f 1179/983/1067 1178/982/1066 335/1230/1330 985/1229/1329
f 1180/74/98 1179/983/1067 985/1229/1329 336/1234/1334
f 1181/75/99 1180/74/98 336/1234/1334 1019/1233/1333
f 1182/1050/1138 1181/75/99 1019/1233/1333 337/1238/1338
f 1183/1051/1139 1182/1050/1138 337/1238/1338 1053/1237/1337
f 1184/98/130 1183/1051/1139 1053/1237/1337 338/1242/1342
f 1185/99/131 1184/98/130 338/1242/1342 1087/1241/1341
f 1186/1118/1210 1185/99/131 1087/1241/1341 339/1246/1346
f 1187/1119/1211 1186/1118/1210 339/1246/1346 1121/1245/1345
f 1188/2367/2369 1187/1119/1211 1121/1245/1345 340/1250/2367
s 5
f 1123/15/19 1188/14/18 340/2364/1350 307/2242/1349
s 2
f 1091/1059/1151 1190/1123/1219 1189/2237/2308 73/301/2309
f 1191/1124/1220 1190/1123/1219 1091/1059/1151 290/1058/1150
f 1057/238/282 1192/1127/1223 1191/1124/1220 290/1058/1150
f 1193/1128/1224 1192/1127/1223 1057/238/282 74/237/281
f 1023/991/1079 1194/1131/1227 1193/1128/1224 74/237/281
f 1195/1132/1228 1194/1131/1227 1023/991/1079 272/990/1078
f 989/242/286 1196/1135/1231 1195/1132/1228 272/990/1078
f 1197/1136/1232 1196/1135/1231 989/242/286 75/241/285
f 955/923/1007 1198/1139/1235 1197/1136/1232 75/241/285
f 1199/1140/1236 1198/1139/1235 955/923/1007 254/922/1006
f 922/246/290 1200/1143/1239 1199/1140/1236 254/922/1006
f 1201/1144/1240 1200/1143/1239 922/246/290 76/245/289
f 887/855/935 1202/1147/1243 1201/1144/1240 76/245/289
f 1203/1148/1244 1202/1147/1243 887/855/935 236/854/934
f 853/250/294 1204/1151/1247 1203/1148/1244 236/854/934
f 1205/1152/1248 1204/1151/1247 853/250/294 77/249/293
f 819/787/863 1206/1155/1251 1205/1152/1248 77/249/293
f 1207/1156/1252 1206/1155/1251 819/787/863 218/786/862
f 785/254/298 1208/1159/1255 1207/1156/1252 218/786/862
f 1209/1160/1256 1208/1159/1255 785/254/298 78/253/297
f 751/719/791 1210/1163/1259 1209/1160/1256 78/253/297
f 1211/1164/1260 1210/1163/1259 751/719/791 200/718/790
f 717/258/302 1212/1167/1263 1211/1164/1260 200/718/790
f 1213/1168/1264 1212/1167/1263 717/258/302 79/257/301
f 683/651/719 1214/1171/1267 1213/1168/1264 79/257/301
f 1215/1172/1268 1214/1171/1267 683/651/719 182/650/718
f 649/262/306 1216/1175/1271 1215/1172/1268 182/650/718
f 1217/1176/1272 1216/1175/1271 649/262/306 80/261/305
f 615/583/647 1218/1179/1275 1217/1176/1272 80/261/305
f 1219/1180/1276 1218/1179/1275 615/583/647 164/582/646
f 581/266/310 1220/1183/1279 1219/1180/1276 164/582/646
f 1221/2235/1280 1220/1183/1279 581/266/310 81/2236/309
s 6
f 82/270/314 1222/2365/1281 1221/1184/1284 81/265/315
s 4
f 82/2362/320 610/272/319 1223/1187/1286 1222/1185/1285
f 1224/1191/1291 1223/1187/1286 610/272/319 179/637/701
f 1225/1192/1292 1224/1191/1291 179/637/701 644/640/704
f 1226/1195/1295 1225/1192/1292 644/640/704 83/274/322
f 1227/1196/1296 1226/1195/1295 83/274/322 678/273/321
f 1228/1199/1299 1227/1196/1296 678/273/321 197/706/774
f 1229/1200/1300 1228/1199/1299 197/706/774 712/705/773
f 1230/1203/1303 1229/1200/1300 712/705/773 84/278/326
f 1231/1204/1304 1230/1203/1303 84/278/326 746/277/325
f 1232/1207/1307 1231/1204/1304 746/277/325 215/774/846
f 1233/1208/1308 1232/1207/1307 215/774/846 780/773/845
f 1234/1211/1311 1233/1208/1308 780/773/845 85/282/330
f 1235/1212/1312 1234/1211/1311 85/282/330 814/281/329
f 1236/1215/1315 1235/1212/1312 814/281/329 233/842/918
f 1237/1216/1316 1236/1215/1315 233/842/918 848/841/917
f 1238/1219/1319 1237/1216/1316 848/841/917 86/286/334
f 1239/1220/1320 1238/1219/1319 86/286/334 882/285/333
f 1240/1223/1323 1239/1220/1320 882/285/333 251/910/990
f 1241/1224/1324 1240/1223/1323 251/910/990 916/909/989
f 1242/1227/1327 1241/1224/1324 916/909/989 87/290/338
f 1243/1228/1328 1242/1227/1327 87/290/338 951/289/337
f 1244/1231/1331 1243/1228/1328 951/289/337 269/978/1062
f 1245/1232/1332 1244/1231/1331 269/978/1062 984/977/1061
f 1246/1235/1335 1245/1232/1332 984/977/1061 88/294/342
f 1247/1236/1336 1246/1235/1335 88/294/342 1018/293/341
f 1248/1239/1339 1247/1236/1336 1018/293/341 287/1046/1134
f 1249/1240/1340 1248/1239/1339 287/1046/1134 1052/1045/1133
f 1250/1243/1343 1249/1240/1340 1052/1045/1133 89/298/346
f 1251/1244/1344 1250/1243/1343 89/298/346 1086/297/345
f 1252/1247/1347 1251/1244/1344 1086/297/345 305/1114/1206
f 1253/1248/1348 1252/1247/1347 305/1114/1206 1120/1113/1205
f 1254/2363/2368 1253/1248/1348 1120/1113/1205 90/302/2365
s 5
f 1189/1252/1352 1254/1251/1351 90/2360/350 73/2238/349
s 2
f 1092/1255/1355 1256/1060/1152 1255/2233/2310 341/1381/2311
f 342/1254/1354 1257/1057/1149 1256/1060/1152 1092/1255/1355
f 1058/1258/1358 1258/239/283 1257/1057/1149 342/1254/1354
f 1259/240/284 1258/239/283 1058/1258/1358 343/1257/1357
f 1024/1263/1363 1260/992/1080 1259/240/284 343/1257/1357
f 344/1262/1362 1261/989/1077 1260/992/1080 1024/1263/1363
f 990/1266/1366 1262/243/287 1261/989/1077 344/1262/1362
f 1263/244/288 1262/243/287 990/1266/1366 345/1265/1365
f 956/1271/1371 1264/924/1008 1263/244/288 345/1265/1365
f 346/1270/1370 1265/921/1005 1264/924/1008 956/1271/1371
f 923/1274/1374 1266/247/291 1265/921/1005 346/1270/1370
f 1267/248/292 1266/247/291 923/1274/1374 347/1273/1373
f 888/1279/1379 1268/856/936 1267/248/292 347/1273/1373
f 348/1278/1378 1269/853/933 1268/856/936 888/1279/1379
f 854/1282/1382 1270/251/295 1269/853/933 348/1278/1378
f 1271/252/296 1270/251/295 854/1282/1382 349/1281/1381
f 820/1287/1387 1272/788/864 1271/252/296 349/1281/1381
f 350/1286/1386 1273/785/861 1272/788/864 820/1287/1387
f 786/1290/1390 1274/255/299 1273/785/861 350/1286/1386
f 1275/256/300 1274/255/299 786/1290/1390 351/1289/1389
f 752/1295/1395 1276/720/792 1275/256/300 351/1289/1389
f 352/1294/1394 1277/717/789 1276/720/792 752/1295/1395
f 718/1298/1398 1278/259/303 1277/717/789 352/1294/1394
f 1279/260/304 1278/259/303 718/1298/1398 353/1297/1397
f 684/1303/1403 1280/652/720 1279/260/304 353/1297/1397
f 354/1302/1402 1281/649/717 1280/652/720 684/1303/1403
f 650/1306/1406 1282/263/307 1281/649/717 354/1302/1402
f 1283/264/308 1282/263/307 650/1306/1406 355/1305/1405
f 616/1311/1411 1284/584/648 1283/264/308 355/1305/1405
f 356/1310/1410 1285/581/645 1284/584/648 616/1311/1411
f 582/1314/1414 1286/267/311 1285/581/645 356/1310/1410
f 1287/2231/312 1286/267/311 582/1314/1414 357/2232/1413
s 6
f 358/1318/1418 1288/2361/313 1287/268/316 357/1313/1419
s 4
f 358/2358/1424 609/1320/1423 1289/271/318 1288/269/317
f 1290/638/702 1289/271/318 609/1320/1423 359/1322/1426
f 1291/639/703 1290/638/702 359/1322/1426 643/1321/1425
f 1292/275/323 1291/639/703 643/1321/1425 360/1326/1430
f 1293/276/324 1292/275/323 360/1326/1430 677/1325/1429
f 1294/707/775 1293/276/324 677/1325/1429 361/1330/1434
f 1295/708/776 1294/707/775 361/1330/1434 711/1329/1433
f 1296/279/327 1295/708/776 711/1329/1433 362/1334/1438
f 1297/280/328 1296/279/327 362/1334/1438 745/1333/1437
f 1298/775/847 1297/280/328 745/1333/1437 363/1338/1442
f 1299/776/848 1298/775/847 363/1338/1442 779/1337/1441
f 1300/283/331 1299/776/848 779/1337/1441 364/1342/1446
f 1301/284/332 1300/283/331 364/1342/1446 813/1341/1445
f 1302/843/919 1301/284/332 813/1341/1445 365/1346/1450
f 1303/844/920 1302/843/919 365/1346/1450 847/1345/1449
f 1304/287/335 1303/844/920 847/1345/1449 366/1350/1454
f 1305/288/336 1304/287/335 366/1350/1454 881/1349/1453
f 1306/911/991 1305/288/336 881/1349/1453 367/1354/1458
f 1307/912/992 1306/911/991 367/1354/1458 915/1353/1457
f 1308/291/339 1307/912/992 915/1353/1457 368/1358/1462
f 1309/292/340 1308/291/339 368/1358/1462 950/1357/1461
f 1310/979/1063 1309/292/340 950/1357/1461 369/1362/1466
f 1311/980/1064 1310/979/1063 369/1362/1466 983/1361/1465
f 1312/295/343 1311/980/1064 983/1361/1465 370/1366/1470
f 1313/296/344 1312/295/343 370/1366/1470 1017/1365/1469
f 1314/1047/1135 1313/296/344 1017/1365/1469 371/1370/1474
f 1315/1048/1136 1314/1047/1135 371/1370/1474 1051/1369/1473
f 1316/299/347 1315/1048/1136 1051/1369/1473 372/1374/1478
f 1317/300/348 1316/299/347 372/1374/1478 1085/1373/1477
f 1318/1115/1207 1317/300/348 1085/1373/1477 373/1378/1482
f 1319/1116/1208 1318/1115/1207 373/1378/1482 1119/1377/1481
f 1320/2359/2366 1319/1116/1208 1119/1377/1481 374/1382/2363
s 5
f 1255/304/352 1320/303/351 374/2356/1486 341/2234/1485
s 2
f 1093/1063/1155 1322/1256/1356 1321/2229/2312 55/233/2313
f 291/1062/1154 1323/1253/1353 1322/1256/1356 1093/1063/1155
f 1059/170/210 1324/1259/1359 1323/1253/1353 291/1062/1154
f 1325/1260/1360 1324/1259/1359 1059/170/210 56/169/209
f 1025/995/1083 1326/1264/1364 1325/1260/1360 56/169/209
f 273/994/1082 1327/1261/1361 1326/1264/1364 1025/995/1083
f 991/174/214 1328/1267/1367 1327/1261/1361 273/994/1082
f 1329/1268/1368 1328/1267/1367 991/174/214 57/173/213
f 957/927/1011 1330/1272/1372 1329/1268/1368 57/173/213
f 255/926/1010 1331/1269/1369 1330/1272/1372 957/927/1011
f 924/178/218 1332/1275/1375 1331/1269/1369 255/926/1010
f 1333/1276/1376 1332/1275/1375 924/178/218 58/177/217
f 889/859/939 1334/1280/1380 1333/1276/1376 58/177/217
f 237/858/938 1335/1277/1377 1334/1280/1380 889/859/939
f 855/182/222 1336/1283/1383 1335/1277/1377 237/858/938
f 1337/1284/1384 1336/1283/1383 855/182/222 59/181/221
f 821/791/867 1338/1288/1388 1337/1284/1384 59/181/221
f 219/790/866 1339/1285/1385 1338/1288/1388 821/791/867
f 787/186/226 1340/1291/1391 1339/1285/1385 219/790/866
f 1341/1292/1392 1340/1291/1391 787/186/226 60/185/225
f 753/723/795 1342/1296/1396 1341/1292/1392 60/185/225
f 201/722/794 1343/1293/1393 1342/1296/1396 753/723/795
f 719/190/230 1344/1299/1399 1343/1293/1393 201/722/794
f 1345/1300/1400 1344/1299/1399 719/190/230 61/189/229
f 685/655/723 1346/1304/1404 1345/1300/1400 61/189/229
f 183/654/722 1347/1301/1401 1346/1304/1404 685/655/723
f 651/194/234 1348/1307/1407 1347/1301/1401 183/654/722
f 1349/1308/1408 1348/1307/1407 651/194/234 62/193/233
f 617/587/651 1350/1312/1412 1349/1308/1408 62/193/233
f 165/586/650 1351/1309/1409 1350/1312/1412 617/587/651
f 583/198/238 1352/1315/1415 1351/1309/1409 165/586/650
f 1353/2227/1416 1352/1315/1415 583/198/238 63/2228/237
s 6
f 64/202/242 1354/2357/1417 1353/1316/1420 63/197/243
s 4
f 64/2354/248 608/204/247 1355/1319/1422 1354/1317/1421
f 1356/1323/1427 1355/1319/1422 608/204/247 178/633/697
f 1357/1324/1428 1356/1323/1427 178/633/697 642/636/700
f 1358/1327/1431 1357/1324/1428 642/636/700 65/206/250
f 1359/1328/1432 1358/1327/1431 65/206/250 676/205/249
f 1360/1331/1435 1359/1328/1432 676/205/249 196/702/770
f 1361/1332/1436 1360/1331/1435 196/702/770 710/701/769
f 1362/1335/1439 1361/1332/1436 710/701/769 66/210/254
f 1363/1336/1440 1362/1335/1439 66/210/254 744/209/253
f 1364/1339/1443 1363/1336/1440 744/209/253 214/770/842
f 1365/1340/1444 1364/1339/1443 214/770/842 778/769/841
f 1366/1343/1447 1365/1340/1444 778/769/841 67/214/258
f 1367/1344/1448 1366/1343/1447 67/214/258 812/213/257
f 1368/1347/1451 1367/1344/1448 812/213/257 232/838/914
f 1369/1348/1452 1368/1347/1451 232/838/914 846/837/913
f 1370/1351/1455 1369/1348/1452 846/837/913 68/218/262
f 1371/1352/1456 1370/1351/1455 68/218/262 880/217/261
f 1372/1355/1459 1371/1352/1456 880/217/261 250/906/986
f 1373/1356/1460 1372/1355/1459 250/906/986 914/905/985
f 1374/1359/1463 1373/1356/1460 914/905/985 69/222/266
f 1375/1360/1464 1374/1359/1463 69/222/266 949/221/265
f 1376/1363/1467 1375/1360/1464 949/221/265 268/974/1058
f 1377/1364/1468 1376/1363/1467 268/974/1058 982/973/1057
f 1378/1367/1471 1377/1364/1468 982/973/1057 70/226/270
f 1379/1368/1472 1378/1367/1471 70/226/270 1016/225/269
f 1380/1371/1475 1379/1368/1472 1016/225/269 286/1042/1130
f 1381/1372/1476 1380/1371/1475 286/1042/1130 1050/1041/1129
f 1382/1375/1479 1381/1372/1476 1050/1041/1129 71/230/274
f 1383/1376/1480 1382/1375/1479 71/230/274 1084/229/273
f 1384/1379/1483 1383/1376/1480 1084/229/273 304/1110/1202
f 1385/1380/1484 1384/1379/1483 304/1110/1202 1118/1109/1201
f 1386/2355/2364 1385/1380/1484 1118/1109/1201 72/234/2361
s 5
f 1321/1384/1488 1386/1383/1487 72/2352/278 55/2230/277
s 2
f 1094/1387/1491 1388/1064/1156 1387/2225/2314 375/1513/2315
f 376/1386/1490 1389/1061/1153 1388/1064/1156 1094/1387/1491
f 1060/1390/1494 1390/171/211 1389/1061/1153 376/1386/1490
f 1391/172/212 1390/171/211 1060/1390/1494 377/1389/1493
f 1026/1395/1499 1392/996/1084 1391/172/212 377/1389/1493
f 378/1394/1498 1393/993/1081 1392/996/1084 1026/1395/1499
f 992/1398/1502 1394/175/215 1393/993/1081 378/1394/1498
f 1395/176/216 1394/175/215 992/1398/1502 379/1397/1501
f 958/1403/1507 1396/928/1012 1395/176/216 379/1397/1501
f 380/1402/1506 1397/925/1009 1396/928/1012 958/1403/1507
f 925/1406/1510 1398/179/219 1397/925/1009 380/1402/1506
f 1399/180/220 1398/179/219 925/1406/1510 381/1405/1509
f 890/1411/1515 1400/860/940 1399/180/220 381/1405/1509
f 382/1410/1514 1401/857/937 1400/860/940 890/1411/1515
f 856/1414/1518 1402/183/223 1401/857/937 382/1410/1514
f 1403/184/224 1402/183/223 856/1414/1518 383/1413/1517
f 822/1419/1523 1404/792/868 1403/184/224 383/1413/1517
f 384/1418/1522 1405/789/865 1404/792/868 822/1419/1523
f 788/1422/1526 1406/187/227 1405/789/865 384/1418/1522
f 1407/188/228 1406/187/227 788/1422/1526 385/1421/1525
f 754/1427/1531 1408/724/796 1407/188/228 385/1421/1525
f 386/1426/1530 1409/721/793 1408/724/796 754/1427/1531
f 720/1430/1534 1410/191/231 1409/721/793 386/1426/1530
f 1411/192/232 1410/191/231 720/1430/1534 387/1429/1533
f 686/1435/1539 1412/656/724 1411/192/232 387/1429/1533
f 388/1434/1538 1413/653/721 1412/656/724 686/1435/1539
f 652/1438/1542 1414/195/235 1413/653/721 388/1434/1538
f 1415/196/236 1414/195/235 652/1438/1542 389/1437/1541
f 618/1443/1547 1416/588/652 1415/196/236 389/1437/1541
f 390/1442/1546 1417/585/649 1416/588/652 618/1443/1547
f 584/1446/1550 1418/199/239 1417/585/649 390/1442/1546
f 1419/2223/240 1418/199/239 584/1446/1550 391/2224/1549
s 6
f 392/1450/1554 1420/2353/241 1419/200/244 391/1445/1555
s 4
f 392/2350/1560 607/1452/1559 1421/203/246 1420/201/245
f 1422/634/698 1421/203/246 607/1452/1559 393/1454/1562
f 1423/635/699 1422/634/698 393/1454/1562 641/1453/1561
f 1424/207/251 1423/635/699 641/1453/1561 394/1458/1566
f 1425/208/252 1424/207/251 394/1458/1566 675/1457/1565
f 1426/703/771 1425/208/252 675/1457/1565 395/1462/1570
f 1427/704/772 1426/703/771 395/1462/1570 709/1461/1569
f 1428/211/255 1427/704/772 709/1461/1569 396/1466/1574
f 1429/212/256 1428/211/255 396/1466/1574 743/1465/1573
f 1430/771/843 1429/212/256 743/1465/1573 397/1470/1578
f 1431/772/844 1430/771/843 397/1470/1578 777/1469/1577
f 1432/215/259 1431/772/844 777/1469/1577 398/1474/1582
f 1433/216/260 1432/215/259 398/1474/1582 811/1473/1581
f 1434/839/915 1433/216/260 811/1473/1581 399/1478/1586
f 1435/840/916 1434/839/915 399/1478/1586 845/1477/1585
f 1436/219/263 1435/840/916 845/1477/1585 400/1482/1590
f 1437/220/264 1436/219/263 400/1482/1590 879/1481/1589
f 1438/907/987 1437/220/264 879/1481/1589 401/1486/1594
f 1439/908/988 1438/907/987 401/1486/1594 913/1485/1593
f 1440/223/267 1439/908/988 913/1485/1593 402/1490/1598
f 1441/224/268 1440/223/267 402/1490/1598 948/1489/1597
f 1442/975/1059 1441/224/268 948/1489/1597 403/1494/1602
f 1443/976/1060 1442/975/1059 403/1494/1602 981/1493/1601
f 1444/227/271 1443/976/1060 981/1493/1601 404/1498/1606
f 1445/228/272 1444/227/271 404/1498/1606 1015/1497/1605
f 1446/1043/1131 1445/228/272 1015/1497/1605 405/1502/1610
f 1447/1044/1132 1446/1043/1131 405/1502/1610 1049/1501/1609
f 1448/231/275 1447/1044/1132 1049/1501/1609 406/1506/1614
f 1449/232/276 1448/231/275 406/1506/1614 1083/1505/1613
f 1450/1111/1203 1449/232/276 1083/1505/1613 407/1510/1618
f 1451/1112/1204 1450/1111/1203 407/1510/1618 1117/1509/1617
f 1452/2351/2362 1451/1112/1204 1117/1509/1617 408/1514/2359
s 5
f 1387/236/280 1452/235/279 408/2348/1622 375/2226/1621
s 2
f 1095/1067/1159 1454/1388/1492 1453/2221/2316 91/369/2317
f 292/1066/1158 1455/1385/1489 1454/1388/1492 1095/1067/1159
f 1061/306/354 1456/1391/1495 1455/1385/1489 292/1066/1158
f 1457/1392/1496 1456/1391/1495 1061/306/354 92/305/353
f 1027/999/1087 1458/1396/1500 1457/1392/1496 92/305/353
f 274/998/1086 1459/1393/1497 1458/1396/1500 1027/999/1087
f 993/310/358 1460/1399/1503 1459/1393/1497 274/998/1086
f 1461/1400/1504 1460/1399/1503 993/310/358 93/309/357
f 959/931/1015 1462/1404/1508 1461/1400/1504 93/309/357
f 256/930/1014 1463/1401/1505 1462/1404/1508 959/931/1015
f 926/314/362 1464/1407/1511 1463/1401/1505 256/930/1014
f 1465/1408/1512 1464/1407/1511 926/314/362 94/313/361
f 891/863/943 1466/1412/1516 1465/1408/1512 94/313/361
f 238/862/942 1467/1409/1513 1466/1412/1516 891/863/943
f 857/318/366 1468/1415/1519 1467/1409/1513 238/862/942
f 1469/1416/1520 1468/1415/1519 857/318/366 95/317/365
f 823/795/871 1470/1420/1524 1469/1416/1520 95/317/365
f 220/794/870 1471/1417/1521 1470/1420/1524 823/795/871
f 789/322/370 1472/1423/1527 1471/1417/1521 220/794/870
f 1473/1424/1528 1472/1423/1527 789/322/370 96/321/369
f 755/727/799 1474/1428/1532 1473/1424/1528 96/321/369
f 202/726/798 1475/1425/1529 1474/1428/1532 755/727/799
f 721/326/374 1476/1431/1535 1475/1425/1529 202/726/798
f 1477/1432/1536 1476/1431/1535 721/326/374 97/325/373
f 687/659/727 1478/1436/1540 1477/1432/1536 97/325/373
f 184/658/726 1479/1433/1537 1478/1436/1540 687/659/727
f 653/330/378 1480/1439/1543 1479/1433/1537 184/658/726
f 1481/1440/1544 1480/1439/1543 653/330/378 98/329/377
f 619/591/655 1482/1444/1548 1481/1440/1544 98/329/377
f 166/590/654 1483/1441/1545 1482/1444/1548 619/591/655
f 585/334/382 1484/1447/1551 1483/1441/1545 166/590/654
f 1485/2219/1552 1484/1447/1551 585/334/382 99/2220/381
s 6
f 100/338/386 1486/2349/1553 1485/1448/1556 99/333/387
s 4
f 100/2346/392 606/340/391 1487/1451/1558 1486/1449/1557
f 1488/1455/1563 1487/1451/1558 606/340/391 177/629/693
f 1489/1456/1564 1488/1455/1563 177/629/693 640/632/696
f 1490/1459/1567 1489/1456/1564 640/632/696 101/342/394
f 1491/1460/1568 1490/1459/1567 101/342/394 674/341/393
f 1492/1463/1571 1491/1460/1568 674/341/393 195/698/766
f 1493/1464/1572 1492/1463/1571 195/698/766 708/697/765
f 1494/1467/1575 1493/1464/1572 708/697/765 102/346/398
f 1495/1468/1576 1494/1467/1575 102/346/398 742/345/397
f 1496/1471/1579 1495/1468/1576 742/345/397 213/766/838
f 1497/1472/1580 1496/1471/1579 213/766/838 776/765/837
f 1498/1475/1583 1497/1472/1580 776/765/837 103/350/402
f 1499/1476/1584 1498/1475/1583 103/350/402 810/349/401
f 1500/1479/1587 1499/1476/1584 810/349/401 231/834/910
f 1501/1480/1588 1500/1479/1587 231/834/910 844/833/909
f 1502/1483/1591 1501/1480/1588 844/833/909 104/354/406
f 1503/1484/1592 1502/1483/1591 104/354/406 878/353/405
f 1504/1487/1595 1503/1484/1592 878/353/405 249/902/982
f 1505/1488/1596 1504/1487/1595 249/902/982 912/901/981
f 1506/1491/1599 1505/1488/1596 912/901/981 105/358/410
f 1507/1492/1600 1506/1491/1599 105/358/410 947/357/409
f 1508/1495/1603 1507/1492/1600 947/357/409 267/970/1054
f 1509/1496/1604 1508/1495/1603 267/970/1054 980/969/1053
f 1510/1499/1607 1509/1496/1604 980/969/1053 106/362/414
f 1511/1500/1608 1510/1499/1607 106/362/414 1014/361/413
f 1512/1503/1611 1511/1500/1608 1014/361/413 285/1038/1126
f 1513/1504/1612 1512/1503/1611 285/1038/1126 1048/1037/1125
f 1514/1507/1615 1513/1504/1612 1048/1037/1125 107/366/418
f 1515/1508/1616 1514/1507/1615 107/366/418 1082/365/417
f 1516/1511/1619 1515/1508/1616 1082/365/417 303/1106/1198
f 1517/1512/1620 1516/1511/1619 303/1106/1198 1116/1105/1197
f 1518/2347/2360 1517/1512/1620 1116/1105/1197 108/370/2357
s 5
f 1453/1516/1624 1518/1515/1623 108/2344/422 91/2222/421
s 2
f 1096/1519/1627 1520/1068/1160 1519/2217/2318 409/1645/2319
f 410/1518/1626 1521/1065/1157 1520/1068/1160 1096/1519/1627
f 1062/1522/1630 1522/307/355 1521/1065/1157 410/1518/1626
f 1523/308/356 1522/307/355 1062/1522/1630 411/1521/1629
f 1028/1527/1635 1524/1000/1088 1523/308/356 411/1521/1629
f 412/1526/1634 1525/997/1085 1524/1000/1088 1028/1527/1635
f 994/1530/1638 1526/311/359 1525/997/1085 412/1526/1634
f 1527/312/360 1526/311/359 994/1530/1638 413/1529/1637
f 960/1535/1643 1528/932/1016 1527/312/360 413/1529/1637
f 414/1534/1642 1529/929/1013 1528/932/1016 960/1535/1643
f 927/1538/1646 1530/315/363 1529/929/1013 414/1534/1642
f 1531/316/364 1530/315/363 927/1538/1646 415/1537/1645
f 892/1543/1651 1532/864/944 1531/316/364 415/1537/1645
f 416/1542/1650 1533/861/941 1532/864/944 892/1543/1651
f 858/1546/1654 1534/319/367 1533/861/941 416/1542/1650
f 1535/320/368 1534/319/367 858/1546/1654 417/1545/1653
f 824/1551/1659 1536/796/872 1535/320/368 417/1545/1653
f 418/1550/1658 1537/793/869 1536/796/872 824/1551/1659
f 790/1554/1662 1538/323/371 1537/793/869 418/1550/1658
f 1539/324/372 1538/323/371 790/1554/1662 419/1553/1661
f 756/1559/1667 1540/728/800 1539/324/372 419/1553/1661
f 420/1558/1666 1541/725/797 1540/728/800 756/1559/1667
f 722/1562/1670 1542/327/375 1541/725/797 420/1558/1666
f 1543/328/376 1542/327/375 722/1562/1670 421/1561/1669
f 688/1567/1675 1544/660/728 1543/328/376 421/1561/1669
f 422/1566/1674 1545/657/725 1544/660/728 688/1567/1675
f 654/1570/1678 1546/331/379 1545/657/725 422/1566/1674
f 1547/332/380 1546/331/379 654/1570/1678 423/1569/1677
f 620/1575/1683 1548/592/656 1547/332/380 423/1569/1677
f 424/1574/1682 1549/589/653 1548/592/656 620/1575/1683
f 586/1578/1686 1550/335/383 1549/589/653 424/1574/1682
f 1551/2215/384 1550/335/383 586/1578/1686 425/2216/1685
s 6
f 426/1582/1690 1552/2345/385 1551/336/388 425/1577/1691
s 4
f 426/2342/1696 605/1584/1695 1553/339/390 1552/337/389
f 1554/630/694 1553/339/390 605/1584/1695 427/1586/1698
f 1555/631/695 1554/630/694 427/1586/1698 639/1585/1697
f 1556/343/395 1555/631/695 639/1585/1697 428/1590/1702
f 1557/344/396 1556/343/395 428/1590/1702 673/1589/1701
f 1558/699/767 1557/344/396 673/1589/1701 429/1594/1706
f 1559/700/768 1558/699/767 429/1594/1706 707/1593/1705
f 1560/347/399 1559/700/768 707/1593/1705 430/1598/1710
f 1561/348/400 1560/347/399 430/1598/1710 741/1597/1709
f 1562/767/839 1561/348/400 741/1597/1709 431/1602/1714
f 1563/768/840 1562/767/839 431/1602/1714 775/1601/1713
f 1564/351/403 1563/768/840 775/1601/1713 432/1606/1718
f 1565/352/404 1564/351/403 432/1606/1718 809/1605/1717
f 1566/835/911 1565/352/404 809/1605/1717 433/1610/1722
f 1567/836/912 1566/835/911 433/1610/1722 843/1609/1721
f 1568/355/407 1567/836/912 843/1609/1721 434/1614/1726
f 1569/356/408 1568/355/407 434/1614/1726 877/1613/1725
f 1570/903/983 1569/356/408 877/1613/1725 435/1618/1730
f 1571/904/984 1570/903/983 435/1618/1730 911/1617/1729
f 1572/359/411 1571/904/984 911/1617/1729 436/1622/1734
f 1573/360/412 1572/359/411 436/1622/1734 946/1621/1733
f 1574/971/1055 1573/360/412 946/1621/1733 437/1626/1738
f 1575/972/1056 1574/971/1055 437/1626/1738 979/1625/1737
f 1576/363/415 1575/972/1056 979/1625/1737 438/1630/1742
f 1577/364/416 1576/363/415 438/1630/1742 1013/1629/1741
f 1578/1039/1127 1577/364/416 1013/1629/1741 439/1634/1746
f 1579/1040/1128 1578/1039/1127 439/1634/1746 1047/1633/1745
f 1580/367/419 1579/1040/1128 1047/1633/1745 440/1638/1750
f 1581/368/420 1580/367/419 440/1638/1750 1081/1637/1749
f 1582/1107/1199 1581/368/420 1081/1637/1749 441/1642/1754
f 1583/1108/1200 1582/1107/1199 441/1642/1754 1115/1641/1753
f 1584/2343/2358 1583/1108/1200 1115/1641/1753 442/1646/2355
s 5
f 1519/372/424 1584/371/423 442/2340/1758 409/2218/1757
s 2
f 1097/1071/1163 1586/1520/1628 1585/2213/2320 37/165/2321
f 293/1070/1162 1587/1517/1625 1586/1520/1628 1097/1071/1163
f 1063/102/138 1588/1523/1631 1587/1517/1625 293/1070/1162
f 1589/1524/1632 1588/1523/1631 1063/102/138 38/101/137
f 1029/1003/1091 1590/1528/1636 1589/1524/1632 38/101/137
f 275/1002/1090 1591/1525/1633 1590/1528/1636 1029/1003/1091
f 995/106/142 1592/1531/1639 1591/1525/1633 275/1002/1090
f 1593/1532/1640 1592/1531/1639 995/106/142 39/105/141
f 961/935/1019 1594/1536/1644 1593/1532/1640 39/105/141
f 257/934/1018 1595/1533/1641 1594/1536/1644 961/935/1019
f 928/110/146 1596/1539/1647 1595/1533/1641 257/934/1018
f 1597/1540/1648 1596/1539/1647 928/110/146 40/109/145
f 893/867/947 1598/1544/1652 1597/1540/1648 40/109/145
f 239/866/946 1599/1541/1649 1598/1544/1652 893/867/947
f 859/114/150 1600/1547/1655 1599/1541/1649 239/866/946
f 1601/1548/1656 1600/1547/1655 859/114/150 41/113/149
f 825/799/875 1602/1552/1660 1601/1548/1656 41/113/149
f 221/798/874 1603/1549/1657 1602/1552/1660 825/799/875
f 791/118/154 1604/1555/1663 1603/1549/1657 221/798/874
f 1605/1556/1664 1604/1555/1663 791/118/154 42/117/153
f 757/731/803 1606/1560/1668 1605/1556/1664 42/117/153
f 203/730/802 1607/1557/1665 1606/1560/1668 757/731/803
f 723/122/158 1608/1563/1671 1607/1557/1665 203/730/802
f 1609/1564/1672 1608/1563/1671 723/122/158 43/121/157
f 689/663/731 1610/1568/1676 1609/1564/1672 43/121/157
f 185/662/730 1611/1565/1673 1610/1568/1676 689/663/731
f 655/126/162 1612/1571/1679 1611/1565/1673 185/662/730
f 1613/1572/1680 1612/1571/1679 655/126/162 44/125/161
f 621/595/659 1614/1576/1684 1613/1572/1680 44/125/161
f 167/594/658 1615/1573/1681 1614/1576/1684 621/595/659
f 587/130/166 1616/1579/1687 1615/1573/1681 167/594/658
f 1617/2211/1688 1616/1579/1687 587/130/166 45/2212/165
s 6
f 46/134/170 1618/2341/1689 1617/1580/1692 45/129/171
s 4
f 46/2338/176 604/136/175 1619/1583/1694 1618/1581/1693
f 1620/1587/1699 1619/1583/1694 604/136/175 176/625/689
f 1621/1588/1700 1620/1587/1699 176/625/689 638/628/692
f 1622/1591/1703 1621/1588/1700 638/628/692 47/138/178
f 1623/1592/1704 1622/1591/1703 47/138/178 672/137/177
f 1624/1595/1707 1623/1592/1704 672/137/177 194/694/762
f 1625/1596/1708 1624/1595/1707 194/694/762 706/693/761
f 1626/1599/1711 1625/1596/1708 706/693/761 48/142/182
f 1627/1600/1712 1626/1599/1711 48/142/182 740/141/181
f 1628/1603/1715 1627/1600/1712 740/141/181 212/762/834
f 1629/1604/1716 1628/1603/1715 212/762/834 774/761/833
f 1630/1607/1719 1629/1604/1716 774/761/833 49/146/186
f 1631/1608/1720 1630/1607/1719 49/146/186 808/145/185
f 1632/1611/1723 1631/1608/1720 808/145/185 230/830/906
f 1633/1612/1724 1632/1611/1723 230/830/906 842/829/905
f 1634/1615/1727 1633/1612/1724 842/829/905 50/150/190
f 1635/1616/1728 1634/1615/1727 50/150/190 876/149/189
f 1636/1619/1731 1635/1616/1728 876/149/189 248/898/978
f 1637/1620/1732 1636/1619/1731 248/898/978 910/897/977
f 1638/1623/1735 1637/1620/1732 910/897/977 51/154/194
f 1639/1624/1736 1638/1623/1735 51/154/194 945/153/193
f 1640/1627/1739 1639/1624/1736 945/153/193 266/966/1050
f 1641/1628/1740 1640/1627/1739 266/966/1050 978/965/1049
f 1642/1631/1743 1641/1628/1740 978/965/1049 52/158/198
f 1643/1632/1744 1642/1631/1743 52/158/198 1012/157/197
f 1644/1635/1747 1643/1632/1744 1012/157/197 284/1034/1122
f 1645/1636/1748 1644/1635/1747 284/1034/1122 1046/1033/1121
f 1646/1639/1751 1645/1636/1748 1046/1033/1121 53/162/202
f 1647/1640/1752 1646/1639/1751 53/162/202 1080/161/201
f 1648/1643/1755 1647/1640/1752 1080/161/201 302/1102/1194
f 1649/1644/1756 1648/1643/1755 302/1102/1194 1114/1101/1193
f 1650/2339/2356 1649/1644/1756 1114/1101/1193 54/166/2353
s 5
f 1585/1648/1760 1650/1647/1759 54/2336/206 37/2214/205
s 2
f 1098/1651/1763 1652/1072/1164 1651/2209/2322 443/1777/2323
f 444/1650/1762 1653/1069/1161 1652/1072/1164 1098/1651/1763
f 1064/1654/1766 1654/103/139 1653/1069/1161 444/1650/1762
f 1655/104/140 1654/103/139 1064/1654/1766 445/1653/1765
f 1030/1659/1771 1656/1004/1092 1655/104/140 445/1653/1765
f 446/1658/1770 1657/1001/1089 1656/1004/1092 1030/1659/1771
f 996/1662/1774 1658/107/143 1657/1001/1089 446/1658/1770
f 1659/108/144 1658/107/143 996/1662/1774 447/1661/1773
f 962/1667/1779 1660/936/1020 1659/108/144 447/1661/1773
f 448/1666/1778 1661/933/1017 1660/936/1020 962/1667/1779
f 929/1670/1782 1662/111/147 1661/933/1017 448/1666/1778
f 1663/112/148 1662/111/147 929/1670/1782 449/1669/1781
f 894/1675/1787 1664/868/948 1663/112/148 449/1669/1781
f 450/1674/1786 1665/865/945 1664/868/948 894/1675/1787
f 860/1678/1790 1666/115/151 1665/865/945 450/1674/1786
f 1667/116/152 1666/115/151 860/1678/1790 451/1677/1789
f 826/1683/1795 1668/800/876 1667/116/152 451/1677/1789
f 452/1682/1794 1669/797/873 1668/800/876 826/1683/1795
f 792/1686/1798 1670/119/155 1669/797/873 452/1682/1794
f 1671/120/156 1670/119/155 792/1686/1798 453/1685/1797
f 758/1691/1803 1672/732/804 1671/120/156 453/1685/1797
f 454/1690/1802 1673/729/801 1672/732/804 758/1691/1803
f 724/1694/1806 1674/123/159 1673/729/801 454/1690/1802
f 1675/124/160 1674/123/159 724/1694/1806 455/1693/1805
f 690/1699/1811 1676/664/732 1675/124/160 455/1693/1805
f 456/1698/1810 1677/661/729 1676/664/732 690/1699/1811
f 656/1702/1814 1678/127/163 1677/661/729 456/1698/1810
f 1679/128/164 1678/127/163 656/1702/1814 457/1701/1813
f 622/1707/1819 1680/596/660 1679/128/164 457/1701/1813
f 458/1706/1818 1681/593/657 1680/596/660 622/1707/1819
f 588/1710/1822 1682/131/167 1681/593/657 458/1706/1818
f 1683/2207/168 1682/131/167 588/1710/1822 459/2208/1821
s 6
f 460/1714/1826 1684/2337/169 1683/132/172 459/1709/1827
s 4
f 460/2334/1832 603/1716/1831 1685/135/174 1684/133/173
f 1686/626/690 1685/135/174 603/1716/1831 461/1718/1834
f 1687/627/691 1686/626/690 461/1718/1834 637/1717/1833
f 1688/139/179 1687/627/691 637/1717/1833 462/1722/1838
f 1689/140/180 1688/139/179 462/1722/1838 671/1721/1837
f 1690/695/763 1689/140/180 671/1721/1837 463/1726/1842
f 1691/696/764 1690/695/763 463/1726/1842 705/1725/1841
f 1692/143/183 1691/696/764 705/1725/1841 464/1730/1846
f 1693/144/184 1692/143/183 464/1730/1846 739/1729/1845
f 1694/763/835 1693/144/184 739/1729/1845 465/1734/1850
f 1695/764/836 1694/763/835 465/1734/1850 773/1733/1849
f 1696/147/187 1695/764/836 773/1733/1849 466/1738/1854
f 1697/148/188 1696/147/187 466/1738/1854 807/1737/1853
f 1698/831/907 1697/148/188 807/1737/1853 467/1742/1858
f 1699/832/908 1698/831/907 467/1742/1858 841/1741/1857
f 1700/151/191 1699/832/908 841/1741/1857 468/1746/1862
f 1701/152/192 1700/151/191 468/1746/1862 875/1745/1861
f 1702/899/979 1701/152/192 875/1745/1861 469/1750/1866
f 1703/900/980 1702/899/979 469/1750/1866 909/1749/1865
f 1704/155/195 1703/900/980 909/1749/1865 470/1754/1870
f 1705/156/196 1704/155/195 470/1754/1870 944/1753/1869
f 1706/967/1051 1705/156/196 944/1753/1869 471/1758/1874
f 1707/968/1052 1706/967/1051 471/1758/1874 977/1757/1873
f 1708/159/199 1707/968/1052 977/1757/1873 472/1762/1878
f 1709/160/200 1708/159/199 472/1762/1878 1011/1761/1877
f 1710/1035/1123 1709/160/200 1011/1761/1877 473/1766/1882
f 1711/1036/1124 1710/1035/1123 473/1766/1882 1045/1765/1881
f 1712/163/203 1711/1036/1124 1045/1765/1881 474/1770/1886
f 1713/164/204 1712/163/203 474/1770/1886 1079/1769/1885
f 1714/1103/1195 1713/164/204 1079/1769/1885 475/1774/1890
f 1715/1104/1196 1714/1103/1195 475/1774/1890 1113/1773/1889
f 1716/2335/2354 1715/1104/1196 1113/1773/1889 476/1778/2351
s 5
f 1651/168/208 1716/167/207 476/2332/1894 443/2210/1893
s 2
f 1099/1075/1167 1718/1652/1764 1717/2205/2324 127/505/2325
f 294/1074/1166 1719/1649/1761 1718/1652/1764 1099/1075/1167
f 1065/442/498 1720/1655/1767 1719/1649/1761 294/1074/1166
f 1721/1656/1768 1720/1655/1767 1065/442/498 128/441/497
f 1031/1007/1095 1722/1660/1772 1721/1656/1768 128/441/497
f 276/1006/1094 1723/1657/1769 1722/1660/1772 1031/1007/1095
f 997/446/502 1724/1663/1775 1723/1657/1769 276/1006/1094
f 1725/1664/1776 1724/1663/1775 997/446/502 129/445/501
f 963/939/1023 1726/1668/1780 1725/1664/1776 129/445/501
f 258/938/1022 1727/1665/1777 1726/1668/1780 963/939/1023
f 930/450/506 1728/1671/1783 1727/1665/1777 258/938/1022
f 1729/1672/1784 1728/1671/1783 930/450/506 130/449/505
f 895/871/951 1730/1676/1788 1729/1672/1784 130/449/505
f 240/870/950 1731/1673/1785 1730/1676/1788 895/871/951
f 861/454/510 1732/1679/1791 1731/1673/1785 240/870/950
f 1733/1680/1792 1732/1679/1791 861/454/510 131/453/509
f 827/803/879 1734/1684/1796 1733/1680/1792 131/453/509
f 222/802/878 1735/1681/1793 1734/1684/1796 827/803/879
f 793/458/514 1736/1687/1799 1735/1681/1793 222/802/878
f 1737/1688/1800 1736/1687/1799 793/458/514 132/457/513
f 759/735/807 1738/1692/1804 1737/1688/1800 132/457/513
f 204/734/806 1739/1689/1801 1738/1692/1804 759/735/807
f 725/462/518 1740/1695/1807 1739/1689/1801 204/734/806
f 1741/1696/1808 1740/1695/1807 725/462/518 133/461/517
f 691/667/735 1742/1700/1812 1741/1696/1808 133/461/517
f 186/666/734 1743/1697/1809 1742/1700/1812 691/667/735
f 657/466/522 1744/1703/1815 1743/1697/1809 186/666/734
f 1745/1704/1816 1744/1703/1815 657/466/522 134/465/521
f 623/599/663 1746/1708/1820 1745/1704/1816 134/465/521
f 168/598/662 1747/1705/1817 1746/1708/1820 623/599/663
f 589/470/526 1748/1711/1823 1747/1705/1817 168/598/662
f 1749/2203/1824 1748/1711/1823 589/470/526 135/2204/525
s 6
f 136/474/530 1750/2333/1825 1749/1712/1828 135/469/531
s 4
f 136/2330/536 602/476/535 1751/1715/1830 1750/1713/1829
f 1752/1719/1835 1751/1715/1830 602/476/535 175/621/685
f 1753/1720/1836 1752/1719/1835 175/621/685 636/624/688
f 1754/1723/1839 1753/1720/1836 636/624/688 137/478/538
f 1755/1724/1840 1754/1723/1839 137/478/538 670/477/537
f 1756/1727/1843 1755/1724/1840 670/477/537 193/690/758
f 1757/1728/1844 1756/1727/1843 193/690/758 704/689/757
f 1758/1731/1847 1757/1728/1844 704/689/757 138/482/542
f 1759/1732/1848 1758/1731/1847 138/482/542 738/481/541
f 1760/1735/1851 1759/1732/1848 738/481/541 211/758/830
f 1761/1736/1852 1760/1735/1851 211/758/830 772/757/829
f 1762/1739/1855 1761/1736/1852 772/757/829 139/486/546
f 1763/1740/1856 1762/1739/1855 139/486/546 806/485/545
f 1764/1743/1859 1763/1740/1856 806/485/545 229/826/902
f 1765/1744/1860 1764/1743/1859 229/826/902 840/825/901
f 1766/1747/1863 1765/1744/1860 840/825/901 140/490/550
f 1767/1748/1864 1766/1747/1863 140/490/550 874/489/549
f 1768/1751/1867 1767/1748/1864 874/489/549 247/894/974
f 1769/1752/1868 1768/1751/1867 247/894/974 908/893/973
f 1770/1755/1871 1769/1752/1868 908/893/973 141/494/554
f 1771/1756/1872 1770/1755/1871 141/494/554 943/493/553
f 1772/1759/1875 1771/1756/1872 943/493/553 265/962/1046
f 1773/1760/1876 1772/1759/1875 265/962/1046 976/961/1045
f 1774/1763/1879 1773/1760/1876 976/961/1045 142/498/558
f 1775/1764/1880 1774/1763/1879 142/498/558 1010/497/557
f 1776/1767/1883 1775/1764/1880 1010/497/557 283/1030/1118
f 1777/1768/1884 1776/1767/1883 283/1030/1118 1044/1029/1117
f 1778/1771/1887 1777/1768/1884 1044/1029/1117 143/502/562
f 1779/1772/1888 1778/1771/1887 143/502/562 1078/501/561
f 1780/1775/1891 1779/1772/1888 1078/501/561 301/1098/1190
f 1781/1776/1892 1780/1775/1891 301/1098/1190 1112/1097/1189
f 1782/2331/2352 1781/1776/1892 1112/1097/1189 144/506/2349
s 5
f 1717/1780/1896 1782/1779/1895 144/2328/566 127/2206/565
s 2
f 1100/1783/1899 1784/1076/1168 1783/2201/2326 477/1909/2327
f 478/1782/1898 1785/1073/1165 1784/1076/1168 1100/1783/1899
f 1066/1786/1902 1786/443/499 1785/1073/1165 478/1782/1898
f 1787/444/500 1786/443/499 1066/1786/1902 479/1785/1901
f 1032/1791/1907 1788/1008/1096 1787/444/500 479/1785/1901
f 480/1790/1906 1789/1005/1093 1788/1008/1096 1032/1791/1907
f 998/1794/1910 1790/447/503 1789/1005/1093 480/1790/1906
f 1791/448/504 1790/447/503 998/1794/1910 481/1793/1909
f 964/1799/1915 1792/940/1024 1791/448/504 481/1793/1909
f 482/1798/1914 1793/937/1021 1792/940/1024 964/1799/1915
f 931/1802/1918 1794/451/507 1793/937/1021 482/1798/1914
f 1795/452/508 1794/451/507 931/1802/1918 483/1801/1917
f 896/1807/1923 1796/872/952 1795/452/508 483/1801/1917
f 484/1806/1922 1797/869/949 1796/872/952 896/1807/1923
f 862/1810/1926 1798/455/511 1797/869/949 484/1806/1922
f 1799/456/512 1798/455/511 862/1810/1926 485/1809/1925
f 828/1815/1931 1800/804/880 1799/456/512 485/1809/1925
f 486/1814/1930 1801/801/877 1800/804/880 828/1815/1931
f 794/1818/1934 1802/459/515 1801/801/877 486/1814/1930
f 1803/460/516 1802/459/515 794/1818/1934 487/1817/1933
f 760/1823/1939 1804/736/808 1803/460/516 487/1817/1933
f 488/1822/1938 1805/733/805 1804/736/808 760/1823/1939
f 726/1826/1942 1806/463/519 1805/733/805 488/1822/1938
f 1807/464/520 1806/463/519 726/1826/1942 489/1825/1941
f 692/1831/1947 1808/668/736 1807/464/520 489/1825/1941
f 490/1830/1946 1809/665/733 1808/668/736 692/1831/1947
f 658/1834/1950 1810/467/523 1809/665/733 490/1830/1946
f 1811/468/524 1810/467/523 658/1834/1950 491/1833/1949
f 624/1839/1955 1812/600/664 1811/468/524 491/1833/1949
f 492/1838/1954 1813/597/661 1812/600/664 624/1839/1955
f 590/1842/1958 1814/471/527 1813/597/661 492/1838/1954
f 1815/2199/528 1814/471/527 590/1842/1958 493/2200/1957
s 6
f 494/1846/1962 1816/2329/529 1815/472/532 493/1841/1963
s 4
f 494/2326/1968 601/1848/1967 1817/475/534 1816/473/533
f 1818/622/686 1817/475/534 601/1848/1967 495/1850/1970
f 1819/623/687 1818/622/686 495/1850/1970 635/1849/1969
f 1820/479/539 1819/623/687 635/1849/1969 496/1854/1974
f 1821/480/540 1820/479/539 496/1854/1974 669/1853/1973
f 1822/691/759 1821/480/540 669/1853/1973 497/1858/1978
f 1823/692/760 1822/691/759 497/1858/1978 703/1857/1977
f 1824/483/543 1823/692/760 703/1857/1977 498/1862/1982
f 1825/484/544 1824/483/543 498/1862/1982 737/1861/1981
f 1826/759/831 1825/484/544 737/1861/1981 499/1866/1986
f 1827/760/832 1826/759/831 499/1866/1986 771/1865/1985
f 1828/487/547 1827/760/832 771/1865/1985 500/1870/1990
f 1829/488/548 1828/487/547 500/1870/1990 805/1869/1989
f 1830/827/903 1829/488/548 805/1869/1989 501/1874/1994
f 1831/828/904 1830/827/903 501/1874/1994 839/1873/1993
f 1832/491/551 1831/828/904 839/1873/1993 502/1878/1998
f 1833/492/552 1832/491/551 502/1878/1998 873/1877/1997
f 1834/895/975 1833/492/552 873/1877/1997 503/1882/2002
f 1835/896/976 1834/895/975 503/1882/2002 907/1881/2001
f 1836/495/555 1835/896/976 907/1881/2001 504/1886/2006
f 1837/496/556 1836/495/555 504/1886/2006 942/1885/2005
f 1838/963/1047 1837/496/556 942/1885/2005 505/1890/2010
f 1839/964/1048 1838/963/1047 505/1890/2010 975/1889/2009
f 1840/499/559 1839/964/1048 975/1889/2009 506/1894/2014
f 1841/500/560 1840/499/559 506/1894/2014 1009/1893/2013
f 1842/1031/1119 1841/500/560 1009/1893/2013 507/1898/2018
f 1843/1032/1120 1842/1031/1119 507/1898/2018 1043/1897/2017
f 1844/503/563 1843/1032/1120 1043/1897/2017 508/1902/2022
f 1845/504/564 1844/503/563 508/1902/2022 1077/1901/2021
f 1846/1099/1191 1845/504/564 1077/1901/2021 509/1906/2026
f 1847/1100/1192 1846/1099/1191 509/1906/2026 1111/1905/2025
f 1848/2327/2350 1847/1100/1192 1111/1905/2025 510/1910/2347
s 5
f 1783/508/568 1848/507/567 510/2324/2030 477/2202/2029
s 2
f 1101/1079/1171 1850/1784/1900 1849/2197/2328 109/437/2329
f 295/1078/1170 1851/1781/1897 1850/1784/1900 1101/1079/1171
f 1067/374/426 1852/1787/1903 1851/1781/1897 295/1078/1170
f 1853/1788/1904 1852/1787/1903 1067/374/426 110/373/425
f 1033/1011/1099 1854/1792/1908 1853/1788/1904 110/373/425
f 277/1010/1098 1855/1789/1905 1854/1792/1908 1033/1011/1099
f 999/378/430 1856/1795/1911 1855/1789/1905 277/1010/1098
f 1857/1796/1912 1856/1795/1911 999/378/430 111/377/429
f 965/943/1027 1858/1800/1916 1857/1796/1912 111/377/429
f 259/942/1026 1859/1797/1913 1858/1800/1916 965/943/1027
f 932/382/434 1860/1803/1919 1859/1797/1913 259/942/1026
f 1861/1804/1920 1860/1803/1919 932/382/434 112/381/433
f 897/875/955 1862/1808/1924 1861/1804/1920 112/381/433
f 241/874/954 1863/1805/1921 1862/1808/1924 897/875/955
f 863/386/438 1864/1811/1927 1863/1805/1921 241/874/954
f 1865/1812/1928 1864/1811/1927 863/386/438 113/385/437
f 829/807/883 1866/1816/1932 1865/1812/1928 113/385/437
f 223/806/882 1867/1813/1929 1866/1816/1932 829/807/883
f 795/390/442 1868/1819/1935 1867/1813/1929 223/806/882
f 1869/1820/1936 1868/1819/1935 795/390/442 114/389/441
f 761/739/811 1870/1824/1940 1869/1820/1936 114/389/441
f 205/738/810 1871/1821/1937 1870/1824/1940 761/739/811
f 727/394/446 1872/1827/1943 1871/1821/1937 205/738/810
f 1873/1828/1944 1872/1827/1943 727/394/446 115/393/445
f 693/671/739 1874/1832/1948 1873/1828/1944 115/393/445
f 187/670/738 1875/1829/1945 1874/1832/1948 693/671/739
f 659/398/450 1876/1835/1951 1875/1829/1945 187/670/738
f 1877/1836/1952 1876/1835/1951 659/398/450 116/397/449
f 625/603/667 1878/1840/1956 1877/1836/1952 116/397/449
f 169/602/666 1879/1837/1953 1878/1840/1956 625/603/667
f 591/402/454 1880/1843/1959 1879/1837/1953 169/602/666
f 1881/2195/1960 1880/1843/1959 591/402/454 117/2196/453
s 6
f 118/406/458 1882/2325/1961 1881/1844/1964 117/401/459
s 4
f 118/2322/464 600/408/463 1883/1847/1966 1882/1845/1965
f 1884/1851/1971 1883/1847/1966 600/408/463 174/617/681
f 1885/1852/1972 1884/1851/1971 174/617/681 634/620/684
f 1886/1855/1975 1885/1852/1972 634/620/684 119/410/466
f 1887/1856/1976 1886/1855/1975 119/410/466 668/409/465
f 1888/1859/1979 1887/1856/1976 668/409/465 192/686/754
f 1889/1860/1980 1888/1859/1979 192/686/754 702/685/753
f 1890/1863/1983 1889/1860/1980 702/685/753 120/414/470
f 1891/1864/1984 1890/1863/1983 120/414/470 736/413/469
f 1892/1867/1987 1891/1864/1984 736/413/469 210/754/826
f 1893/1868/1988 1892/1867/1987 210/754/826 770/753/825
f 1894/1871/1991 1893/1868/1988 770/753/825 121/418/474
f 1895/1872/1992 1894/1871/1991 121/418/474 804/417/473
f 1896/1875/1995 1895/1872/1992 804/417/473 228/822/898
f 1897/1876/1996 1896/1875/1995 228/822/898 838/821/897
f 1898/1879/1999 1897/1876/1996 838/821/897 122/422/478
f 1899/1880/2000 1898/1879/1999 122/422/478 872/421/477
f 1900/1883/2003 1899/1880/2000 872/421/477 246/890/970
f 1901/1884/2004 1900/1883/2003 246/890/970 906/889/969
f 1902/1887/2007 1901/1884/2004 906/889/969 123/426/482
f 1903/1888/2008 1902/1887/2007 123/426/482 941/425/481
f 1904/1891/2011 1903/1888/2008 941/425/481 264/958/1042
f 1905/1892/2012 1904/1891/2011 264/958/1042 974/957/1041
f 1906/1895/2015 1905/1892/2012 974/957/1041 124/430/486
f 1907/1896/2016 1906/1895/2015 124/430/486 1008/429/485
f 1908/1899/2019 1907/1896/2016 1008/429/485 282/1026/1114
f 1909/1900/2020 1908/1899/2019 282/1026/1114 1042/1025/1113
f 1910/1903/2023 1909/1900/2020 1042/1025/1113 125/434/490
f 1911/1904/2024 1910/1903/2023 125/434/490 1076/433/489
f 1912/1907/2027 1911/1904/2024 1076/433/489 300/1094/1186
f 1913/1908/2028 1912/1907/2027 300/1094/1186 1110/1093/1185
f 1914/2323/2348 1913/1908/2028 1110/1093/1185 126/438/2345
s 5
f 1849/1912/2032 1914/1911/2031 126/2320/494 109/2198/493
s 2
f 1102/1915/2035 1916/1080/1172 1915/2193/2330 511/2041/2331
f 512/1914/2034 1917/1077/1169 1916/1080/1172 1102/1915/2035
f 1068/1918/2038 1918/375/427 1917/1077/1169 512/1914/2034
f 1919/376/428 1918/375/427 1068/1918/2038 513/1917/2037
f 1034/1923/2043 1920/1012/1100 1919/376/428 513/1917/2037
f 514/1922/2042 1921/1009/1097 1920/1012/1100 1034/1923/2043
f 1000/1926/2046 1922/379/431 1921/1009/1097 514/1922/2042
f 1923/380/432 1922/379/431 1000/1926/2046 515/1925/2045
f 966/1931/2051 1924/944/1028 1923/380/432 515/1925/2045
f 516/1930/2050 1925/941/1025 1924/944/1028 966/1931/2051
f 933/1934/2054 1926/383/435 1925/941/1025 516/1930/2050
f 1927/384/436 1926/383/435 933/1934/2054 517/1933/2053
f 898/1939/2059 1928/876/956 1927/384/436 517/1933/2053
f 518/1938/2058 1929/873/953 1928/876/956 898/1939/2059
f 864/1942/2062 1930/387/439 1929/873/953 518/1938/2058
f 1931/388/440 1930/387/439 864/1942/2062 519/1941/2061
f 830/1947/2067 1932/808/884 1931/388/440 519/1941/2061
f 520/1946/2066 1933/805/881 1932/808/884 830/1947/2067
f 796/1950/2070 1934/391/443 1933/805/881 520/1946/2066
f 1935/392/444 1934/391/443 796/1950/2070 521/1949/2069
f 762/1955/2075 1936/740/812 1935/392/444 521/1949/2069
f 522/1954/2074 1937/737/809 1936/740/812 762/1955/2075
f 728/1958/2078 1938/395/447 1937/737/809 522/1954/2074
f 1939/396/448 1938/395/447 728/1958/2078 523/1957/2077
f 694/1963/2083 1940/672/740 1939/396/448 523/1957/2077
f 524/1962/2082 1941/669/737 1940/672/740 694/1963/2083
f 660/1966/2086 1942/399/451 1941/669/737 524/1962/2082
f 1943/400/452 1942/399/451 660/1966/2086 525/1965/2085
f 626/1971/2091 1944/604/668 1943/400/452 525/1965/2085
f 526/1970/2090 1945/601/665 1944/604/668 626/1971/2091
f 592/1974/2094 1946/403/455 1945/601/665 526/1970/2090
f 1947/2191/456 1946/403/455 592/1974/2094 527/2192/2093
s 6
f 528/1978/2098 1948/2321/457 1947/404/460 527/1973/2099
s 4
f 528/2318/2104 599/1980/2103 1949/407/462 1948/405/461
f 1950/618/682 1949/407/462 599/1980/2103 529/1982/2106
f 1951/619/683 1950/618/682 529/1982/2106 633/1981/2105
f 1952/411/467 1951/619/683 633/1981/2105 530/1986/2110
f 1953/412/468 1952/411/467 530/1986/2110 667/1985/2109
f 1954/687/755 1953/412/468 667/1985/2109 531/1990/2114
f 1955/688/756 1954/687/755 531/1990/2114 701/1989/2113
f 1956/415/471 1955/688/756 701/1989/2113 532/1994/2118
f 1957/416/472 1956/415/471 532/1994/2118 735/1993/2117
f 1958/755/827 1957/416/472 735/1993/2117 533/1998/2122
f 1959/756/828 1958/755/827 533/1998/2122 769/1997/2121
f 1960/419/475 1959/756/828 769/1997/2121 534/2002/2126
f 1961/420/476 1960/419/475 534/2002/2126 803/2001/2125
f 1962/823/899 1961/420/476 803/2001/2125 535/2006/2130
f 1963/824/900 1962/823/899 535/2006/2130 837/2005/2129
f 1964/423/479 1963/824/900 837/2005/2129 536/2010/2134
f 1965/424/480 1964/423/479 536/2010/2134 871/2009/2133
f 1966/891/971 1965/424/480 871/2009/2133 537/2014/2138
f 1967/892/972 1966/891/971 537/2014/2138 905/2013/2137
f 1968/427/483 1967/892/972 905/2013/2137 538/2018/2142
f 1969/428/484 1968/427/483 538/2018/2142 940/2017/2141
f 1970/959/1043 1969/428/484 940/2017/2141 539/2022/2146
f 1971/960/1044 1970/959/1043 539/2022/2146 973/2021/2145
f 1972/431/487 1971/960/1044 973/2021/2145 540/2026/2150
f 1973/432/488 1972/431/487 540/2026/2150 1007/2025/2149
f 1974/1027/1115 1973/432/488 1007/2025/2149 541/2030/2154
f 1975/1028/1116 1974/1027/1115 541/2030/2154 1041/2029/2153
f 1976/435/491 1975/1028/1116 1041/2029/2153 542/2034/2158
f 1977/436/492 1976/435/491 542/2034/2158 1075/2033/2157
f 1978/1095/1187 1977/436/492 1075/2033/2157 543/2038/2162
f 1979/1096/1188 1978/1095/1187 543/2038/2162 1109/2037/2161
f 1980/2319/2346 1979/1096/1188 1109/2037/2161 544/2042/2343
s 5
f 1915/440/496 1980/439/495 544/2316/2166 511/2194/2165
s 2
f 1103/1083/1175 1982/1916/2036 1981/2189/2332 145/573/2333
f 296/1082/1174 1983/1913/2033 1982/1916/2036 1103/1083/1175
f 1069/510/570 1984/1919/2039 1983/1913/2033 296/1082/1174
f 1985/1920/2040 1984/1919/2039 1069/510/570 146/509/569
f 1035/1015/1103 1986/1924/2044 1985/1920/2040 146/509/569
f 278/1014/1102 1987/1921/2041 1986/1924/2044 1035/1015/1103
f 1001/514/574 1988/1927/2047 1987/1921/2041 278/1014/1102
f 1989/1928/2048 1988/1927/2047 1001/514/574 147/513/573
f 967/947/1031 1990/1932/2052 1989/1928/2048 147/513/573
f 260/946/1030 1991/1929/2049 1990/1932/2052 967/947/1031
f 934/518/578 1992/1935/2055 1991/1929/2049 260/946/1030
f 1993/1936/2056 1992/1935/2055 934/518/578 148/517/577
f 899/879/959 1994/1940/2060 1993/1936/2056 148/517/577
f 242/878/958 1995/1937/2057 1994/1940/2060 899/879/959
f 865/522/582 1996/1943/2063 1995/1937/2057 242/878/958
f 1997/1944/2064 1996/1943/2063 865/522/582 149/521/581
f 831/811/887 1998/1948/2068 1997/1944/2064 149/521/581
f 224/810/886 1999/1945/2065 1998/1948/2068 831/811/887
f 797/526/586 2000/1951/2071 1999/1945/2065 224/810/886
f 2001/1952/2072 2000/1951/2071 797/526/586 150/525/585
f 763/743/815 2002/1956/2076 2001/1952/2072 150/525/585
f 206/742/814 2003/1953/2073 2002/1956/2076 763/743/815
f 729/530/590 2004/1959/2079 2003/1953/2073 206/742/814
f 2005/1960/2080 2004/1959/2079 729/530/590 151/529/589
f 695/675/743 2006/1964/2084 2005/1960/2080 151/529/589
f 188/674/742 2007/1961/2081 2006/1964/2084 695/675/743
f 661/534/594 2008/1967/2087 2007/1961/2081 188/674/742
f 2009/1968/2088 2008/1967/2087 661/534/594 152/533/593
f 627/607/671 2010/1972/2092 2009/1968/2088 152/533/593
f 170/606/670 2011/1969/2089 2010/1972/2092 627/607/671
f 593/538/598 2012/1975/2095 2011/1969/2089 170/606/670
f 2013/2187/2096 2012/1975/2095 593/538/598 153/2188/597
s 6
f 154/542/602 2014/2317/2097 2013/1976/2100 153/537/603
s 4
f 154/2314/608 598/544/607 2015/1979/2102 2014/1977/2101
f 2016/1983/2107 2015/1979/2102 598/544/607 173/613/677
f 2017/1984/2108 2016/1983/2107 173/613/677 632/616/680
f 2018/1987/2111 2017/1984/2108 632/616/680 155/546/610
f 2019/1988/2112 2018/1987/2111 155/546/610 666/545/609
f 2020/1991/2115 2019/1988/2112 666/545/609 191/682/750
f 2021/1992/2116 2020/1991/2115 191/682/750 700/681/749
f 2022/1995/2119 2021/1992/2116 700/681/749 156/550/614
f 2023/1996/2120 2022/1995/2119 156/550/614 734/549/613
f 2024/1999/2123 2023/1996/2120 734/549/613 209/750/822
f 2025/2000/2124 2024/1999/2123 209/750/822 768/749/821
f 2026/2003/2127 2025/2000/2124 768/749/821 157/554/618
f 2027/2004/2128 2026/2003/2127 157/554/618 802/553/617
f 2028/2007/2131 2027/2004/2128 802/553/617 227/818/894
f 2029/2008/2132 2028/2007/2131 227/818/894 836/817/893
f 2030/2011/2135 2029/2008/2132 836/817/893 158/558/622
f 2031/2012/2136 2030/2011/2135 158/558/622 870/557/621
f 2032/2015/2139 2031/2012/2136 870/557/621 245/886/966
f 2033/2016/2140 2032/2015/2139 245/886/966 904/885/965
f 2034/2019/2143 2033/2016/2140 904/885/965 159/562/626
f 2035/2020/2144 2034/2019/2143 159/562/626 939/561/625
f 2036/2023/2147 2035/2020/2144 939/561/625 263/954/1038
f 2037/2024/2148 2036/2023/2147 263/954/1038 972/953/1037
f 2038/2027/2151 2037/2024/2148 972/953/1037 160/566/630
f 2039/2028/2152 2038/2027/2151 160/566/630 1006/565/629
f 2040/2031/2155 2039/2028/2152 1006/565/629 281/1022/1110
f 2041/2032/2156 2040/2031/2155 281/1022/1110 1040/1021/1109
f 2042/2035/2159 2041/2032/2156 1040/1021/1109 161/570/634
f 2043/2036/2160 2042/2035/2159 161/570/634 1074/569/633
f 2044/2039/2163 2043/2036/2160 1074/569/633 299/1090/1182
f 2045/2040/2164 2044/2039/2163 299/1090/1182 1108/1089/1181
f 2046/2315/2344 2045/2040/2164 1108/1089/1181 162/574/2341
s 5
f 1981/2044/2168 2046/2043/2167 162/2312/638 145/2190/637
s 2
f 1104/2113/2373 2048/1084/1176 2047/2185/2334 545/2114/2374
f 546/2115/2375 2049/1081/1173 2048/1084/1176 1104/2113/2373
f 1070/2116/2376 2050/511/571 2049/1081/1173 546/2115/2375
f 2051/512/572 2050/511/571 1070/2116/2376 547/2117/2377
f 1036/2118/2378 2052/1016/1104 2051/512/572 547/2117/2377
f 548/2119/2379 2053/1013/1101 2052/1016/1104 1036/2118/2378
f 1002/2120/2380 2054/515/575 2053/1013/1101 548/2119/2379
f 2055/516/576 2054/515/575 1002/2120/2380 549/2121/2381
f 968/2122/2382 2056/948/1032 2055/516/576 549/2121/2381
f 550/2123/2383 2057/945/1029 2056/948/1032 968/2122/2382
f 935/2124/2384 2058/519/579 2057/945/1029 550/2123/2383
f 2059/520/580 2058/519/579 935/2124/2384 551/2125/2385
f 900/2126/2386 2060/880/960 2059/520/580 551/2125/2385
f 552/2127/2387 2061/877/957 2060/880/960 900/2126/2386
f 866/2128/2388 2062/523/583 2061/877/957 552/2127/2387
f 2063/524/584 2062/523/583 866/2128/2388 553/2129/2389
f 832/2130/2390 2064/812/888 2063/524/584 553/2129/2389
f 554/2131/2391 2065/809/885 2064/812/888 832/2130/2390
f 798/2132/2392 2066/527/587 2065/809/885 554/2131/2391
f 2067/528/588 2066/527/587 798/2132/2392 555/2133/2393
f 764/2134/2394 2068/744/816 2067/528/588 555/2133/2393
f 556/2135/2395 2069/741/813 2068/744/816 764/2134/2394
f 730/2136/2396 2070/531/591 2069/741/813 556/2135/2395
f 2071/532/592 2070/531/591 730/2136/2396 557/2137/2397
f 696/2138/2398 2072/676/744 2071/532/592 557/2137/2397
f 558/2139/2399 2073/673/741 2072/676/744 696/2138/2398
f 662/2140/2400 2074/535/595 2073/673/741 558/2139/2399
f 2075/536/596 2074/535/595 662/2140/2400 559/2141/2401
f 628/2142/2402 2076/608/672 2075/536/596 559/2141/2401
f 560/2143/2403 2077/605/669 2076/608/672 628/2142/2402
f 594/2144/2404 2078/539/599 2077/605/669 560/2143/2403
f 2079/2183/600 2078/539/599 594/2144/2404 561/2184/2405
s 6
f 562/2146/2406 2080/2313/601 2079/540/604 561/2145/2407
s 4
f 562/2308/2408 597/2147/2409 2081/543/606 2080/541/605
f 2082/614/678 2081/543/606 597/2147/2409 563/2148/2410
f 2083/615/679 2082/614/678 563/2148/2410 631/2149/2411
f 2084/547/611 2083/615/679 631/2149/2411 564/2150/2412
f 2085/548/612 2084/547/611 564/2150/2412 665/2151/2413
f 2086/683/751 2085/548/612 665/2151/2413 565/2152/2414
f 2087/684/752 2086/683/751 565/2152/2414 699/2153/2415
f 2088/551/615 2087/684/752 699/2153/2415 566/2154/2416
f 2089/552/616 2088/551/615 566/2154/2416 733/2155/2417
f 2090/751/823 2089/552/616 733/2155/2417 567/2156/2418
f 2091/752/824 2090/751/823 567/2156/2418 767/2157/2419
f 2092/555/619 2091/752/824 767/2157/2419 568/2158/2420
f 2093/556/620 2092/555/619 568/2158/2420 801/2159/2421
f 2094/819/895 2093/556/620 801/2159/2421 569/2160/2422
f 2095/820/896 2094/819/895 569/2160/2422 835/2161/2423
f 2096/559/623 2095/820/896 835/2161/2423 570/2162/2424
f 2097/560/624 2096/559/623 570/2162/2424 869/2163/2425
f 2098/887/967 2097/560/624 869/2163/2425 571/2164/2426
f 2099/888/968 2098/887/967 571/2164/2426 903/2165/2427
f 2100/563/627 2099/888/968 903/2165/2427 572/2166/2428
f 2101/564/628 2100/563/627 572/2166/2428 938/2167/2429
f 2102/955/1039 2101/564/628 938/2167/2429 573/2168/2430
f 2103/956/1040 2102/955/1039 573/2168/2430 971/2169/2431
f 2104/567/631 2103/956/1040 971/2169/2431 574/2170/2432
f 2105/568/632 2104/567/631 574/2170/2432 1005/2171/2433
f 2106/1023/1111 2105/568/632 1005/2171/2433 575/2172/2434
f 2107/1024/1112 2106/1023/1111 575/2172/2434 1039/2173/2435
f 2108/571/635 2107/1024/1112 1039/2173/2435 576/2174/2436
f 2109/572/636 2108/571/635 576/2174/2436 1073/2175/2437
f 2110/1091/1183 2109/572/636 1073/2175/2437 577/2176/2438
f 2111/1092/1184 2110/1091/1183 577/2176/2438 1107/2177/2439
f 2112/2311/2342 2111/1092/1184 1107/2177/2439 578/2178/2440
s 5
f 2047/576/640 2112/575/639 578/2310/2441 545/2186/2442
s 4
f 578/2178/2440 1107/2177/2439 2114/2107/2297 2113/2309/2339
f 1107/2177/2439 577/2176/2438 2115/2108/2298 2114/2107/2297
f 577/2176/2438 1073/2175/2437 2116/2105/2293 2115/2108/2298
f 1073/2175/2437 576/2174/2436 2117/2106/2294 2116/2105/2293
f 576/2174/2436 1039/2173/2435 2118/2103/2289 2117/2106/2294
f 1039/2173/2435 575/2172/2434 2119/2104/2290 2118/2103/2289
f 575/2172/2434 1005/2171/2433 2120/2101/2285 2119/2104/2290
f 1005/2171/2433 574/2170/2432 2121/2102/2286 2120/2101/2285
f 574/2170/2432 971/2169/2431 2122/2099/2281 2121/2102/2286
f 971/2169/2431 573/2168/2430 2123/2100/2282 2122/2099/2281
f 573/2168/2430 938/2167/2429 2124/2097/2277 2123/2100/2282
f 938/2167/2429 572/2166/2428 2125/2098/2278 2124/2097/2277
f 572/2166/2428 903/2165/2427 2126/2095/2273 2125/2098/2278
f 903/2165/2427 571/2164/2426 2127/2096/2274 2126/2095/2273
f 571/2164/2426 869/2163/2425 2128/2093/2269 2127/2096/2274
f 869/2163/2425 570/2162/2424 2129/2094/2270 2128/2093/2269
f 570/2162/2424 835/2161/2423 2130/2091/2265 2129/2094/2270
f 835/2161/2423 569/2160/2422 2131/2092/2266 2130/2091/2265
f 569/2160/2422 801/2159/2421 2132/2089/2261 2131/2092/2266
f 801/2159/2421 568/2158/2420 2133/2090/2262 2132/2089/2261
f 568/2158/2420 767/2157/2419 2134/2087/2257 2133/2090/2262
f 767/2157/2419 567/2156/2418 2135/2088/2258 2134/2087/2257
f 567/2156/2418 733/2155/2417 2136/2085/2253 2135/2088/2258
f 733/2155/2417 566/2154/2416 2137/2086/2254 2136/2085/2253
f 566/2154/2416 699/2153/2415 2138/2083/2249 2137/2086/2254
f 699/2153/2415 565/2152/2414 2139/2084/2250 2138/2083/2249
f 565/2152/2414 665/2151/2413 2140/2081/2245 2139/2084/2250
f 665/2151/2413 564/2150/2412 2141/2082/2246 2140/2081/2245
f 564/2150/2412 631/2149/2411 2142/2079/2241 2141/2082/2246
f 631/2149/2411 563/2148/2410 2143/2080/2242 2142/2079/2241
f 597/2147/2409 2144/2078/2239 2143/2080/2242 563/2148/2410
f 2145/2307/2240 2144/2078/2239 597/2147/2409 562/2308/2408
s 6
f 2146/2181/2235 2145/2077/2234 562/2146/2406 561/2145/2407
s 2
f 561/2184/2405 594/2144/2404 2147/2076/2230 2146/2075/2229
f 2148/2073/2226 2147/2076/2230 594/2144/2404 560/2143/2403
f 2149/2074/2227 2148/2073/2226 560/2143/2403 628/2142/2402
f 2150/2071/2221 2149/2074/2227 628/2142/2402 559/2141/2401
f 559/2141/2401 662/2140/2400 2151/2072/2222 2150/2071/2221
f 2152/2069/2218 2151/2072/2222 662/2140/2400 558/2139/2399
f 2153/2070/2219 2152/2069/2218 558/2139/2399 696/2138/2398
f 2154/2067/2213 2153/2070/2219 696/2138/2398 557/2137/2397
f 557/2137/2397 730/2136/2396 2155/2068/2214 2154/2067/2213
f 2156/2065/2210 2155/2068/2214 730/2136/2396 556/2135/2395
f 2157/2066/2211 2156/2065/2210 556/2135/2395 764/2134/2394
f 2158/2063/2205 2157/2066/2211 764/2134/2394 555/2133/2393
f 555/2133/2393 798/2132/2392 2159/2064/2206 2158/2063/2205
f 2160/2061/2202 2159/2064/2206 798/2132/2392 554/2131/2391
f 2161/2062/2203 2160/2061/2202 554/2131/2391 832/2130/2390
f 2162/2059/2197 2161/2062/2203 832/2130/2390 553/2129/2389
f 553/2129/2389 866/2128/2388 2163/2060/2198 2162/2059/2197
f 2164/2057/2194 2163/2060/2198 866/2128/2388 552/2127/2387
f 2165/2058/2195 2164/2057/2194 552/2127/2387 900/2126/2386
f 2166/2055/2189 2165/2058/2195 900/2126/2386 551/2125/2385
f 551/2125/2385 935/2124/2384 2167/2056/2190 2166/2055/2189
f 2168/2053/2186 2167/2056/2190 935/2124/2384 550/2123/2383
f 2169/2054/2187 2168/2053/2186 550/2123/2383 968/2122/2382
f 2170/2051/2181 2169/2054/2187 968/2122/2382 549/2121/2381
f 549/2121/2381 1002/2120/2380 2171/2052/2182 2170/2051/2181
f 2172/2049/2178 2171/2052/2182 1002/2120/2380 548/2119/2379
f 2173/2050/2179 2172/2049/2178 548/2119/2379 1036/2118/2378
f 2174/2047/2173 2173/2050/2179 1036/2118/2378 547/2117/2377
f 547/2117/2377 1070/2116/2376 2175/2048/2174 2174/2047/2173
f 2176/2045/2170 2175/2048/2174 1070/2116/2376 546/2115/2375
f 2177/2046/2171 2176/2045/2170 546/2115/2375 1104/2113/2373
f 2178/2179/2335 2177/2046/2171 1104/2113/2373 545/2114/2374
s 5
f 545/2186/2442 578/2310/2441 2113/2110/2302 2178/2109/2301
g default
v -657.438482 -6.538055 657.438482
v 657.438482 -6.538055 657.438482
v -657.438482 6.538055 657.438482
v 657.438482 6.538055 657.438482
v -657.438482 6.538055 -657.438482
v 657.438482 6.538055 -657.438482
v -657.438482 -6.538055 -657.438482
v 657.438482 -6.538055 -657.438482
v 0.000000 6.538055 657.438482
v 0.000000 6.538055 -657.438482
v 0.000000 -6.538055 -657.438482
v 0.000000 -6.538055 657.438482
v -328.719241 6.538055 657.438482
v -328.719241 6.538055 -657.438482
v -328.719241 -6.538055 -657.438482
v -328.719241 -6.538055 657.438482
v -164.359620 6.538055 657.438482
v -164.359620 6.538055 -657.438482
v -164.359620 -6.538055 -657.438482
v -164.359620 -6.538055 657.438482
v -493.078861 6.538055 657.438482
v -493.078861 6.538055 -657.438482
v -493.078861 -6.538055 -657.438482
v -493.078861 -6.538055 657.438482
v 328.719241 6.538055 657.438482
v 328.719241 6.538055 -657.438482
v 328.719241 -6.538055 -657.438482
v 328.719241 -6.538055 657.438482
v 164.359620 6.538055 657.438482
v 164.359620 6.538055 -657.438482
v 164.359620 -6.538055 -657.438482
v 164.359620 -6.538055 657.438482
v 493.078861 6.538055 657.438482
v 493.078861 6.538055 -657.438482
v 493.078861 -6.538055 -657.438482
v 493.078861 -6.538055 657.438482
v 657.438482 6.538055 0.000000
v 493.078861 6.683359 0.000000
v 328.719241 10.565824 0.000000
v 164.359620 6.538055 0.000000
v 0.000000 6.025813 0.000000
v -164.359620 1.893756 0.000000
v -328.719241 6.538055 0.000000
v -493.078861 10.383273 0.000000
v -657.438482 6.538055 0.000000
v -657.438482 -6.538055 0.000000
v -493.078861 -2.889278 0.000000
v -328.719241 -6.538055 0.000000
v -164.359620 -11.097782 0.000000
v 0.000000 -7.026619 0.000000
v 164.359620 -6.538055 0.000000
v 328.719241 -2.747589 0.000000
v 493.078861 -6.538055 0.000000
v 657.438482 -6.538055 0.000000
v 657.438482 6.538055 328.719241
v 493.078861 6.683359 328.719241
v 328.719241 10.565824 328.719241
v 164.359620 6.538055 328.719241
v 0.000000 8.616086 328.719241
v -164.359620 50.688703 328.719241
v -328.719241 8.616086 328.719241
v -493.078861 6.538055 328.719241
v -657.438482 6.538055 328.719241
v -657.438482 -6.538055 328.719241
v -493.078861 -6.538055 328.719241
v -328.719241 -4.539710 328.719241
v -164.359620 37.106412 328.719241
v 0.000000 -4.539710 328.719241
v 164.359620 -6.538055 328.719241
v 328.719241 -2.747589 328.719241
v 493.078861 -6.538055 328.719241
v 657.438482 -6.538055 328.719241
v 657.438482 6.538055 493.078861
v 493.078861 6.538055 493.078861
v 328.719241 6.538055 493.078861
v 164.359620 6.538055 493.078861
v 0.000000 6.538055 493.078861
v -164.359620 21.282353 493.078861
v -328.719241 6.538055 493.078861
v -493.078861 6.538055 493.078861
v -657.438482 6.538055 493.078861
v -657.438482 -6.538055 493.078861
v -493.078861 -6.538055 493.078861
v -328.719241 -6.538055 493.078861
v -164.359620 7.955260 493.078861
v 0.000000 -6.538055 493.078861
v 164.359620 -6.538055 493.078861
v 328.719241 -6.538055 493.078861
v 493.078861 -6.538055 493.078861
v 657.438482 -6.538055 493.078861
v 657.438482 6.538055 164.359620
v 493.078861 35.919637 164.359620
v 328.719241 97.729530 164.359620
v 164.359620 10.386544 164.359620
v 0.000000 6.538055 164.359620
v -164.359620 6.538055 164.359620
v -328.719241 6.538055 164.359620
v -493.078861 6.538055 164.359620
v -657.438482 6.538055 164.359620
v -657.438482 -6.538055 164.359620
v -493.078861 -6.538055 164.359620
v -328.719241 -6.538055 164.359620
v -164.359620 -6.538055 164.359620
v 0.000000 -6.538055 164.359620
v 164.359620 -2.816023 164.359620
v 328.719241 84.957802 164.359620
v 493.078861 20.503793 164.359620
v 657.438482 -6.538055 164.359620
v 657.438482 6.538055 -328.719241
v 493.078861 9.902622 -328.719241
v 328.719241 62.652586 -328.719241
v 164.359620 4.264739 -328.719241
v 0.000000 -7.244907 -328.719241
v -164.359620 6.354882 -328.719241
v -328.719241 39.058278 -328.719241
v -493.078861 42.151318 -328.719241
v -657.438482 6.538055 -328.719241
v -657.438482 -6.538055 -328.719241
v -493.078861 29.166503 -328.719241
v -328.719241 25.559626 -328.719241
v -164.359620 -6.721229 -328.719241
v 0.000000 -20.141927 -328.719241
v 164.359620 -8.916712 -328.719241
v 328.719241 48.956690 -328.719241
v 493.078861 -3.284044 -328.719241
v 657.438482 -6.538055 -328.719241
v 657.438482 6.538055 -164.359620
v 493.078861 6.538055 -164.359620
v 328.719241 9.133846 -164.359620
v 164.359620 -9.795646 -164.359620
v 0.000000 1.124982 -164.359620
v -164.359620 -8.211998 -164.359620
v -328.719241 34.275596 -164.359620
v -493.078861 88.740558 -164.359620
v -657.438482 6.538055 -164.359620
v -657.438482 -6.538055 -164.359620
v -493.078861 74.474827 -164.359620
v -328.719241 20.609879 -164.359620
v -164.359620 -21.112209 -164.359620
v 0.000000 -11.837079 -164.359620
v 164.359620 -22.684490 -164.359620
v 328.719241 -4.023339 -164.359620
v 493.078861 -6.538055 -164.359620
v 657.438482 -6.538055 -164.359620
v 657.438482 6.538055 -493.078861
v 493.078861 6.538055 -493.078861
v 328.719241 9.902622 -493.078861
v 164.359620 6.354882 -493.078861
v 0.000000 -7.244907 -493.078861
v -164.359620 6.354882 -493.078861
v -328.719241 6.971154 -493.078861
v -493.078861 6.971154 -493.078861
v -657.438482 6.538055 -493.078861
v -657.438482 -6.538055 -493.078861
v -493.078861 -6.104956 -493.078861
v -328.719241 -6.104956 -493.078861
v -164.359620 -6.721229 -493.078861
v 0.000000 -20.141927 -493.078861
v 164.359620 -6.721229 -493.078861
v 328.719241 -3.284044 -493.078861
v 493.078861 -6.538055 -493.078861
v 657.438482 -6.538055 -493.078861
v -575.258672 6.538055 657.438482
v -575.258672 6.538055 493.078861
v -575.258672 6.538055 328.719241
v -575.258672 6.538055 164.359620
v -575.258672 6.538055 0.000000
v -575.258672 33.842495 -164.359620
v -575.258672 9.670729 -328.719241
v -575.258672 6.538055 -493.078861
v -575.258672 6.538055 -657.438482
v -575.258672 -6.538055 -657.438482
v -575.258672 -6.538055 -493.078861
v -575.258672 -3.508318 -328.719241
v -575.258672 20.176780 -164.359620
v -575.258672 -6.538055 0.000000
v -575.258672 -6.538055 164.359620
v -575.258672 -6.538055 328.719241
v -575.258672 -6.538055 493.078861
v -575.258672 -6.538055 657.438482
v -410.899051 6.538055 657.438482
v -410.899051 6.538055 493.078861
v -410.899051 6.538055 328.719241
v -410.899051 6.538055 164.359620
v -410.899051 10.383273 0.000000
v -410.899051 91.440127 -164.359620
v -410.899051 60.783205 -328.719241
v -410.899051 9.670729 -493.078861
v -410.899051 6.538055 -657.438482
v -410.899051 -6.538055 -657.438482
v -410.899051 -3.508318 -493.078861
v -410.899051 47.920226 -328.719241
v -410.899051 77.455484 -164.359620
v -410.899051 -2.889278 0.000000
v -410.899051 -6.538055 164.359620
v -410.899051 -6.538055 328.719241
v -410.899051 -6.538055 493.078861
v -410.899051 -6.538055 657.438482
v -246.539431 6.538055 657.438482
v -246.539431 13.257285 493.078861
v -246.539431 33.464783 328.719241
v -246.539431 6.538055 164.359620
v -246.539431 6.025813 0.000000
v -246.539431 1.893756 -164.359620
v -246.539431 9.670729 -328.719241
v -246.539431 6.538055 -493.078861
v -246.539431 6.538055 -657.438482
v -246.539431 -6.538055 -657.438482
v -246.539431 -6.538055 -493.078861
v -246.539431 -3.508318 -328.719241
v -246.539431 -11.097782 -164.359620
v -246.539431 -7.026619 0.000000
v -246.539431 -6.538055 164.359620
v -246.539431 20.021998 328.719241
v -246.539431 0.024948 493.078861
v -246.539431 -6.538055 657.438482
v -82.179810 6.538055 657.438482
v -82.179810 13.257285 493.078861
v -82.179810 33.464783 328.719241
v -82.179810 6.538055 164.359620
v -82.179810 1.893756 0.000000
v -82.179810 -8.211998 -164.359620
v -82.179810 -1.253415 -328.719241
v -82.179810 -1.253415 -493.078861
v -82.179810 6.538055 -657.438482
v -82.179810 -6.538055 -657.438482
v -82.179810 -14.204882 -493.078861
v -82.179810 -14.204882 -328.719241
v -82.179810 -21.112209 -164.359620
v -82.179810 -11.097782 0.000000
v -82.179810 -6.538055 164.359620
v -82.179810 20.021998 328.719241
v -82.179810 0.024948 493.078861
v -82.179810 -6.538055 657.438482
v 82.179810 6.538055 657.438482
v 82.179810 6.538055 493.078861
v 82.179810 6.538055 328.719241
v 82.179810 6.538055 164.359620
v 82.179810 6.538055 0.000000
v 82.179810 -3.423590 -164.359620
v 82.179810 -3.739220 -328.719241
v 82.179810 -1.253415 -493.078861
v 82.179810 6.538055 -657.438482
v 82.179810 -6.538055 -657.438482
v 82.179810 -14.204882 -493.078861
v 82.179810 -16.582656 -328.719241
v 82.179810 -16.364049 -164.359620
v 82.179810 -6.538055 0.000000
v 82.179810 -6.538055 164.359620
v 82.179810 -6.538055 328.719241
v 82.179810 -6.538055 493.078861
v 82.179810 -6.538055 657.438482
v 246.539431 6.538055 657.438482
v 246.539431 6.538055 493.078861
v 246.539431 7.070117 328.719241
v 246.539431 49.210867 164.359620
v 246.539431 7.070117 0.000000
v 246.539431 -2.980282 -164.359620
v 246.539431 38.963273 -328.719241
v 246.539431 6.981367 -493.078861
v 246.539431 6.538055 -657.438482
v 246.539431 -6.538055 -657.438482
v 246.539431 -6.094744 -493.078861
v 246.539431 25.324538 -328.719241
v 246.539431 -16.008139 -164.359620
v 246.539431 -6.005993 0.000000
v 246.539431 35.519071 164.359620
v 246.539431 -6.005993 328.719241
v 246.539431 -6.538055 493.078861
v 246.539431 -6.538055 657.438482
v 410.899051 6.538055 657.438482
v 410.899051 6.538055 493.078861
v 410.899051 9.039937 328.719241
v 410.899051 91.882257 164.359620
v 410.899051 9.039937 0.000000
v 410.899051 6.981367 -164.359620
v 410.899051 41.449078 -328.719241
v 410.899051 6.981367 -493.078861
v 410.899051 6.538055 -657.438482
v 410.899051 -6.538055 -657.438482
v 410.899051 -6.094744 -493.078861
v 410.899051 27.935617 -328.719241
v 410.899051 -6.094744 -164.359620
v 410.899051 -4.526703 0.000000
v 410.899051 77.745264 164.359620
v 410.899051 -4.526703 328.719241
v 410.899051 -6.538055 493.078861
v 410.899051 -6.538055 657.438482
v 575.258672 6.538055 657.438482
v 575.258672 6.538055 493.078861
v 575.258672 6.538055 328.719241
v 575.258672 8.507875 164.359620
v 575.258672 6.538055 0.000000
v 575.258672 6.538055 -164.359620
v 575.258672 6.538055 -328.719241
v 575.258672 6.538055 -493.078861
v 575.258672 6.538055 -657.438482
v 575.258672 -6.538055 -657.438482
v 575.258672 -6.538055 -493.078861
v 575.258672 -6.538055 -328.719241
v 575.258672 -6.538055 -164.359620
v 575.258672 -6.538055 0.000000
v 575.258672 -5.079804 164.359620
v 575.258672 -6.538055 328.719241
v 575.258672 -6.538055 493.078861
v 575.258672 -6.538055 657.438482
v 657.438482 6.538055 575.258672
v 575.258672 6.538055 575.258672
v 493.078861 6.538055 575.258672
v 410.899051 6.538055 575.258672
v 328.719241 6.538055 575.258672
v 246.539431 6.538055 575.258672
v 164.359620 6.538055 575.258672
v 82.179810 6.538055 575.258672
v 0.000000 6.538055 575.258672
v -82.179810 6.538055 575.258672
v -164.359620 6.538055 575.258672
v -246.539431 6.538055 575.258672
v -328.719241 6.538055 575.258672
v -410.899051 6.538055 575.258672
v -493.078861 6.538055 575.258672
v -575.258672 6.538055 575.258672
v -657.438482 6.538055 575.258672
v -657.438482 -6.538055 575.258672
v -575.258672 -6.538055 575.258672
v -493.078861 -6.538055 575.258672
v -410.899051 -6.538055 575.258672
v -328.719241 -6.538055 575.258672
v -246.539431 -6.538055 575.258672
v -164.359620 -6.538055 575.258672
v -82.179810 -6.538055 575.258672
v 0.000000 -6.538055 575.258672
v 82.179810 -6.538055 575.258672
v 164.359620 -6.538055 575.258672
v 246.539431 -6.538055 575.258672
v 328.719241 -6.538055 575.258672
v 410.899051 -6.538055 575.258672
v 493.078861 -6.538055 575.258672
v 575.258672 -6.538055 575.258672
v 657.438482 -6.538055 575.258672
v 657.438482 6.538055 410.899051
v 575.258672 6.538055 410.899051
v 493.078861 6.538055 410.899051
v 410.899051 6.538055 410.899051
v 328.719241 6.538055 410.899051
v 246.539431 6.538055 410.899051
v 164.359620 6.538055 410.899051
v 82.179810 6.538055 410.899051
v 0.000000 8.616086 410.899051
v -82.179810 33.464783 410.899051
v -164.359620 50.688703 410.899051
v -246.539431 33.464783 410.899051
v -328.719241 8.616086 410.899051
v -410.899051 6.538055 410.899051
v -493.078861 6.538055 410.899051
v -575.258672 6.538055 410.899051
v -657.438482 6.538055 410.899051
v -657.438482 -6.538055 410.899051
v -575.258672 -6.538055 410.899051
v -493.078861 -6.538055 410.899051
v -410.899051 -6.538055 410.899051
v -328.719241 -4.539710 410.899051
v -246.539431 20.021998 410.899051
v -164.359620 37.106412 410.899051
v -82.179810 20.021998 410.899051
v 0.000000 -4.539710 410.899051
v 82.179810 -6.538055 410.899051
v 164.359620 -6.538055 410.899051
v 246.539431 -6.538055 410.899051
v 328.719241 -6.538055 410.899051
v 410.899051 -6.538055 410.899051
v 493.078861 -6.538055 410.899051
v 575.258672 -6.538055 410.899051
v 657.438482 -6.538055 410.899051
v 657.438482 6.538055 246.539431
v 575.258672 6.683359 246.539431
v 493.078861 20.812940 246.539431
v 410.899051 56.730971 246.539431
v 328.719241 62.461147 246.539431
v 246.539431 29.446244 246.539431
v 164.359620 7.070117 246.539431
v 82.179810 6.538055 246.539431
v 0.000000 6.538055 246.539431
v -82.179810 13.257285 246.539431
v -164.359620 21.282353 246.539431
v -246.539431 13.257285 246.539431
v -328.719241 6.538055 246.539431
v -410.899051 6.538055 246.539431
v -493.078861 6.538055 246.539431
v -575.258672 6.538055 246.539431
v -657.438482 6.538055 246.539431
v -657.438482 -6.538055 246.539431
v -575.258672 -6.538055 246.539431
v -493.078861 -6.538055 246.539431
v -410.899051 -6.538055 246.539431
v -328.719241 -6.538055 246.539431
v -246.539431 0.024948 246.539431
v -164.359620 7.955260 246.539431
v -82.179810 0.024948 246.539431
v 0.000000 -6.538055 246.539431
v 82.179810 -6.538055 246.539431
v 164.359620 -6.005993 246.539431
v 246.539431 15.910310 246.539431
v 328.719241 48.589850 246.539431
v 410.899051 41.940559 246.539431
v 493.078861 6.152159 246.539431
v 575.258672 -6.538055 246.539431
v 657.438482 -6.538055 246.539431
v 657.438482 6.538055 82.179810
v 575.258672 6.683359 82.179810
v 493.078861 20.812940 82.179810
v 410.899051 56.730971 82.179810
v 328.719241 62.461147 82.179810
v 246.539431 29.446244 82.179810
v 164.359620 7.070117 82.179810
v 82.179810 6.538055 82.179810
v 0.000000 6.538055 82.179810
v -82.179810 6.538055 82.179810
v -164.359620 6.538055 82.179810
v -246.539431 6.538055 82.179810
v -328.719241 6.538055 82.179810
v -410.899051 6.538055 82.179810
v -493.078861 6.538055 82.179810
v -575.258672 6.538055 82.179810
v -657.438482 6.538055 82.179810
v -657.438482 -6.538055 82.179810
v -575.258672 -6.538055 82.179810
v -493.078861 -6.538055 82.179810
v -410.899051 -6.538055 82.179810
v -328.719241 -6.538055 82.179810
v -246.539431 -6.538055 82.179810
v -164.359620 -6.538055 82.179810
v -82.179810 -6.538055 82.179810
v 0.000000 -6.538055 82.179810
v 82.179810 -6.538055 82.179810
v 164.359620 -6.005993 82.179810
v 246.539431 15.910310 82.179810
v 328.719241 48.589850 82.179810
v 410.899051 41.940559 82.179810
v 493.078861 6.152159 82.179810
v 575.258672 -6.538055 82.179810
v 657.438482 -6.538055 82.179810
v 657.438482 6.538055 -82.179810
v 575.258672 6.538055 -82.179810
v 493.078861 6.538055 -82.179810
v 410.899051 6.538055 -82.179810
v 328.719241 6.538055 -82.179810
v 246.539431 4.052250 -82.179810
v 164.359620 1.083346 -82.179810
v 82.179810 4.052250 -82.179810
v 0.000000 1.893756 -82.179810
v -82.179810 -8.211998 -82.179810
v -164.359620 -8.211998 -82.179810
v -246.539431 1.893756 -82.179810
v -328.719241 18.976804 -82.179810
v -410.899051 56.399004 -82.179810
v -493.078861 56.399004 -82.179810
v -575.258672 18.976804 -82.179810
v -657.438482 6.538055 -82.179810
v -657.438482 -6.538055 -82.179810
v -575.258672 5.514995 -82.179810
v -493.078861 42.416712 -82.179810
v -410.899051 42.416712 -82.179810
v -328.719241 5.514995 -82.179810
v -246.539431 -11.097782 -82.179810
v -164.359620 -21.112209 -82.179810
v -82.179810 -21.112209 -82.179810
v 0.000000 -11.097782 -82.179810
v 82.179810 -8.966063 -82.179810
v 164.359620 -11.899913 -82.179810
v 246.539431 -8.966063 -82.179810
v 328.719241 -6.538055 -82.179810
v 410.899051 -6.538055 -82.179810
v 493.078861 -6.538055 -82.179810
v 575.258672 -6.538055 -82.179810
v 657.438482 -6.538055 -82.179810
v 657.438482 6.538055 -246.539431
v 575.258672 6.538055 -246.539431
v 493.078861 6.981367 -246.539431
v 410.899051 26.282476 -246.539431
v 328.719241 40.680306 -246.539431
v 246.539431 16.137127 -246.539431
v 164.359620 -9.387970 -246.539431
v 82.179810 -3.606764 -246.539431
v 0.000000 3.929481 -246.539431
v -82.179810 1.710582 -246.539431
v -164.359620 1.893756 -246.539431
v -246.539431 6.458912 -246.539431
v -328.719241 36.926980 -246.539431
v -410.899051 85.356137 -246.539431
v -493.078861 73.763817 -246.539431
v -575.258672 19.409902 -246.539431
v -657.438482 6.538055 -246.539431
v -657.438482 -6.538055 -246.539431
v -575.258672 5.948093 -246.539431
v -493.078861 61.412403 -246.539431
v -410.899051 74.318991 -246.539431
v -328.719241 23.990201 -246.539431
v -246.539431 -6.593520 -246.539431
v -164.359620 -11.097782 -246.539431
v -82.179810 -11.280956 -246.539431
v 0.000000 -9.044980 -246.539431
v 82.179810 -16.504498 -246.539431
v 164.359620 -22.389407 -246.539431
v 246.539431 2.421457 -246.539431
v 328.719241 27.143815 -246.539431
v 410.899051 12.890509 -246.539431
v 493.078861 -6.094744 -246.539431
v 575.258672 -6.538055 -246.539431
v 657.438482 -6.538055 -246.539431
v 657.438482 6.538055 -410.899051
v 575.258672 6.538055 -410.899051
v 493.078861 6.981367 -410.899051
v 410.899051 26.282476 -410.899051
v 328.719241 41.449078 -410.899051
v 246.539431 26.282476 -410.899051
v 164.359620 5.653809 -410.899051
v 82.179810 -7.244907 -410.899051
v 0.000000 -15.605646 -410.899051
v -82.179810 -7.244907 -410.899051
v -164.359620 5.210499 -410.899051
v -246.539431 6.971154 -410.899051
v -328.719241 24.921649 -410.899051
v -410.899051 39.058275 -410.899051
v -493.078861 24.921649 -410.899051
v -575.258672 6.971154 -410.899051
v -657.438482 6.538055 -410.899051
v -657.438482 -6.538055 -410.899051
v -575.258672 -6.104956 -410.899051
v -493.078861 11.551451 -410.899051
v -410.899051 25.559623 -410.899051
v -328.719241 11.551451 -410.899051
v -246.539431 -6.104956 -410.899051
v -164.359620 -7.817120 -410.899051
v -82.179810 -20.141927 -410.899051
v 0.000000 -28.437184 -410.899051
v 82.179810 -20.141927 -410.899051
v 164.359620 -7.373808 -410.899051
v 246.539431 12.890509 -410.899051
v 328.719241 27.935617 -410.899051
v 410.899051 12.890509 -410.899051
v 493.078861 -6.094744 -410.899051
v 575.258672 -6.538055 -410.899051
v 657.438482 -6.538055 -410.899051
v 657.438482 6.538055 -575.258672
v 575.258672 6.538055 -575.258672
v 493.078861 6.538055 -575.258672
v 410.899051 6.538055 -575.258672
v 328.719241 6.538055 -575.258672
v 246.539431 6.538055 -575.258672
v 164.359620 6.538055 -575.258672
v 82.179810 6.354882 -575.258672
v 0.000000 5.210499 -575.258672
v -82.179810 6.354882 -575.258672
v -164.359620 6.538055 -575.258672
v -246.539431 6.538055 -575.258672
v -328.719241 6.538055 -575.258672
v -410.899051 6.538055 -575.258672
v -493.078861 6.538055 -575.258672
v -575.258672 6.538055 -575.258672
v -657.438482 6.538055 -575.258672
v -657.438482 -6.538055 -575.258672
v -575.258672 -6.538055 -575.258672
v -493.078861 -6.538055 -575.258672
v -410.899051 -6.538055 -575.258672
v -328.719241 -6.538055 -575.258672
v -246.539431 -6.538055 -575.258672
v -164.359620 -6.538055 -575.258672
v -82.179810 -6.721229 -575.258672
v 0.000000 -7.817120 -575.258672
v 82.179810 -6.721229 -575.258672
v 164.359620 -6.538055 -575.258672
v 246.539431 -6.538055 -575.258672
v 328.719241 -6.538055 -575.258672
v 410.899051 -6.538055 -575.258672
v 493.078861 -6.538055 -575.258672
v 575.258672 -6.538055 -575.258672
v 657.438482 -6.538055 -575.258672
v -616.348577 6.538055 657.438482
v -616.348577 6.538055 575.258672
v -616.348577 6.538055 493.078861
v -616.348577 6.538055 410.899051
v -616.348577 6.538055 328.719241
v -616.348577 6.538055 246.539431
v -616.348577 6.538055 164.359620
v -616.348577 6.538055 82.179810
v -616.348577 6.538055 0.000000
v -616.348577 7.294246 -82.179810
v -616.348577 12.015287 -164.359620
v -616.348577 7.294246 -246.539431
v -616.348577 6.538055 -328.719241
v -616.348577 6.538055 -410.899051
v -616.348577 6.538055 -493.078861
v -616.348577 6.538055 -575.258672
v -616.348577 6.538055 -657.438482
v -616.348577 -6.538055 -657.438482
v -616.348577 -6.538055 -575.258672
v -616.348577 -6.538055 -493.078861
v -616.348577 -6.538055 -410.899051
v -616.348577 -6.538055 -328.719241
v -616.348577 -5.862387 -246.539431
v -616.348577 -1.300684 -164.359620
v -616.348577 -5.862387 -82.179810
v -616.348577 -6.538055 0.000000
v -616.348577 -6.538055 82.179810
v -616.348577 -6.538055 164.359620
v -616.348577 -6.538055 246.539431
v -616.348577 -6.538055 328.719241
v -616.348577 -6.538055 410.899051
v -616.348577 -6.538055 493.078861
v -616.348577 -6.538055 575.258672
v -616.348577 -6.538055 657.438482
v -534.168767 6.538055 657.438482
v -534.168767 6.538055 575.258672
v -534.168767 6.538055 493.078861
v -534.168767 6.538055 410.899051
v -534.168767 6.538055 328.719241
v -534.168767 6.538055 246.539431
v -534.168767 6.538055 164.359620
v -534.168767 6.538055 82.179810
v -534.168767 7.294246 0.000000
v -534.168767 38.695902 -82.179810
v -534.168767 63.429532 -164.359620
v -534.168767 45.749890 -246.539431
v -534.168767 22.901087 -328.719241
v -534.168767 13.650360 -410.899051
v -534.168767 6.538055 -493.078861
v -534.168767 6.538055 -575.258672
v -534.168767 6.538055 -657.438482
v -534.168767 -6.538055 -657.438482
v -534.168767 -6.538055 -575.258672
v -534.168767 -6.538055 -493.078861
v -534.168767 0.408882 -410.899051
v -534.168767 9.559320 -328.719241
v -534.168767 32.371938 -246.539431
v -534.168767 49.366818 -164.359620
v -534.168767 24.933335 -82.179810
v -534.168767 -5.862387 0.000000
v -534.168767 -6.538055 82.179810
v -534.168767 -6.538055 164.359620
v -534.168767 -6.538055 246.539431
v -534.168767 -6.538055 328.719241
v -534.168767 -6.538055 410.899051
v -534.168767 -6.538055 493.078861
v -534.168767 -6.538055 575.258672
v -534.168767 -6.538055 657.438482
v -451.988956 6.538055 657.438482
v -451.988956 6.538055 575.258672
v -451.988956 6.538055 493.078861
v -451.988956 6.538055 410.899051
v -451.988956 6.538055 328.719241
v -451.988956 6.538055 246.539431
v -451.988956 6.538055 164.359620
v -451.988956 6.538055 82.179810
v -451.988956 12.015287 0.000000
v -451.988956 63.429532 -82.179810
v -451.988956 100.173282 -164.359620
v -451.988956 88.998832 -246.539431
v -451.988956 56.878402 -328.719241
v -451.988956 35.039994 -410.899051
v -451.988956 8.737650 -493.078861
v -451.988956 6.538055 -575.258672
v -451.988956 6.538055 -657.438482
v -451.988956 -6.538055 -657.438482
v -451.988956 -6.538055 -575.258672
v -451.988956 -4.422807 -493.078861
v -451.988956 21.575754 -410.899051
v -451.988956 44.177725 -328.719241
v -451.988956 77.775336 -246.539431
v -451.988956 85.989905 -164.359620
v -451.988956 49.366818 -82.179810
v -451.988956 -1.300684 0.000000
v -451.988956 -6.538055 82.179810
v -451.988956 -6.538055 164.359620
v -451.988956 -6.538055 246.539431
v -451.988956 -6.538055 328.719241
v -451.988956 -6.538055 410.899051
v -451.988956 -6.538055 493.078861
v -451.988956 -6.538055 575.258672
v -451.988956 -6.538055 657.438482
v -369.809146 6.538055 657.438482
v -369.809146 6.538055 575.258672
v -369.809146 6.538055 493.078861
v -369.809146 6.538055 410.899051
v -369.809146 6.538055 328.719241
v -369.809146 6.538055 246.539431
v -369.809146 6.538055 164.359620
v -369.809146 6.538055 82.179810
v -369.809146 7.294246 0.000000
v -369.809146 38.695902 -82.179810
v -369.809146 65.629127 -164.359620
v -369.809146 65.161670 -246.539431
v -369.809146 53.485033 -328.719241
v -369.809146 35.039994 -410.899051
v -369.809146 8.737650 -493.078861
v -369.809146 6.538055 -575.258672
v -369.809146 6.538055 -657.438482
v -369.809146 -6.538055 -657.438482
v -369.809146 -6.538055 -575.258672
v -369.809146 -4.422807 -493.078861
v -369.809146 21.575754 -410.899051
v -369.809146 40.111652 -328.719241
v -369.809146 53.252062 -246.539431
v -369.809146 51.740680 -164.359620
v -369.809146 24.933335 -82.179810
v -369.809146 -5.862387 0.000000
v -369.809146 -6.538055 82.179810
v -369.809146 -6.538055 164.359620
v -369.809146 -6.538055 246.539431
v -369.809146 -6.538055 328.719241
v -369.809146 -6.538055 410.899051
v -369.809146 -6.538055 493.078861
v -369.809146 -6.538055 575.258672
v -369.809146 -6.538055 657.438482
v -287.629336 6.538055 657.438482
v -287.629336 6.538055 575.258672
v -287.629336 7.903538 493.078861
v -287.629336 18.918352 410.899051
v -287.629336 18.918352 328.719241
v -287.629336 7.903538 246.539431
v -287.629336 6.538055 164.359620
v -287.629336 6.538055 82.179810
v -287.629336 6.538055 0.000000
v -287.629336 6.514702 -82.179810
v -287.629336 11.235742 -164.359620
v -287.629336 14.406550 -246.539431
v -287.629336 22.144890 -328.719241
v -287.629336 13.650360 -410.899051
v -287.629336 6.538055 -493.078861
v -287.629336 6.538055 -575.258672
v -287.629336 6.538055 -657.438482
v -287.629336 -6.538055 -657.438482
v -287.629336 -6.538055 -575.258672
v -287.629336 -6.538055 -493.078861
v -287.629336 0.408882 -410.899051
v -287.629336 8.803123 -328.719241
v -287.629336 1.165071 -246.539431
v -287.629336 -2.050336 -164.359620
v -287.629336 -6.612039 -82.179810
v -287.629336 -6.538055 0.000000
v -287.629336 -6.538055 82.179810
v -287.629336 -6.538055 164.359620
v -287.629336 -5.235690 246.539431
v -287.629336 5.616800 328.719241
v -287.629336 5.616800 410.899051
v -287.629336 -5.235690 493.078861
v -287.629336 -6.538055 575.258672
v -287.629336 -6.538055 657.438482
v -205.449526 6.538055 657.438482
v -205.449526 6.538055 575.258672
v -205.449526 18.918352 493.078861
v -205.449526 45.857244 410.899051
v -205.449526 45.857244 328.719241
v -205.449526 18.918352 246.539431
v -205.449526 6.538055 164.359620
v -205.449526 6.538055 82.179810
v -205.449526 4.017428 0.000000
v -205.449526 -3.563138 -82.179810
v -205.449526 -3.563138 -164.359620
v -205.449526 4.017428 -246.539431
v -205.449526 6.538055 -328.719241
v -205.449526 6.538055 -410.899051
v -205.449526 6.538055 -493.078861
v -205.449526 6.538055 -575.258672
v -205.449526 6.538055 -657.438482
v -205.449526 -6.538055 -657.438482
v -205.449526 -6.538055 -575.258672
v -205.449526 -6.538055 -493.078861
v -205.449526 -6.538055 -410.899051
v -205.449526 -6.538055 -328.719241
v -205.449526 -9.000075 -246.539431
v -205.449526 -16.501696 -164.359620
v -205.449526 -16.501696 -82.179810
v -205.449526 -9.000075 0.000000
v -205.449526 -6.538055 82.179810
v -205.449526 -6.538055 164.359620
v -205.449526 5.616800 246.539431
v -205.449526 32.312236 328.719241
v -205.449526 32.312236 410.899051
v -205.449526 5.616800 493.078861
v -205.449526 -6.538055 575.258672
v -205.449526 -6.538055 657.438482
v -123.269715 6.538055 657.438482
v -123.269715 6.538055 575.258672
v -123.269715 18.918352 493.078861
v -123.269715 45.857244 410.899051
v -123.269715 45.857244 328.719241
v -123.269715 18.918352 246.539431
v -123.269715 6.538055 164.359620
v -123.269715 6.538055 82.179810
v -123.269715 1.006934 0.000000
v -123.269715 -10.024453 -82.179810
v -123.269715 -10.024453 -164.359620
v -123.269715 1.006934 -246.539431
v -123.269715 3.523665 -328.719241
v -123.269715 -0.076550 -410.899051
v -123.269715 3.523665 -493.078861
v -123.269715 6.538055 -575.258672
v -123.269715 6.538055 -657.438482
v -123.269715 -6.538055 -657.438482
v -123.269715 -6.538055 -575.258672
v -123.269715 -9.482357 -493.078861
v -123.269715 -13.040065 -410.899051
v -123.269715 -9.482357 -328.719241
v -123.269715 -11.975026 -246.539431
v -123.269715 -22.910675 -164.359620
v -123.269715 -22.910675 -82.179810
v -123.269715 -11.975026 0.000000
v -123.269715 -6.538055 82.179810
v -123.269715 -6.538055 164.359620
v -123.269715 5.616800 246.539431
v -123.269715 32.312236 328.719241
v -123.269715 32.312236 410.899051
v -123.269715 5.616800 493.078861
v -123.269715 -6.538055 575.258672
v -123.269715 -6.538055 657.438482
v -41.089905 6.538055 657.438482
v -41.089905 6.538055 575.258672
v -41.089905 7.903538 493.078861
v -41.089905 18.918352 410.899051
v -41.089905 18.918352 328.719241
v -41.089905 7.903538 246.539431
v -41.089905 6.538055 164.359620
v -41.089905 6.538055 82.179810
v -41.089905 4.017428 0.000000
v -41.089905 -3.563138 -82.179810
v -41.089905 -3.563138 -164.359620
v -41.089905 3.085179 -246.539431
v -41.089905 -5.541849 -328.719241
v -41.089905 -13.268864 -410.899051
v -41.089905 -5.541849 -493.078861
v -41.089905 5.605806 -575.258672
v -41.089905 6.538055 -657.438482
v -41.089905 -6.538055 -657.438482
v -41.089905 -7.434555 -575.258672
v -41.089905 -18.453459 -493.078861
v -41.089905 -26.117889 -410.899051
v -41.089905 -18.453459 -328.719241
v -41.089905 -9.896574 -246.539431
v -41.089905 -16.501696 -164.359620
v -41.089905 -16.501696 -82.179810
v -41.089905 -9.000075 0.000000
v -41.089905 -6.538055 82.179810
v -41.089905 -6.538055 164.359620
v -41.089905 -5.235690 246.539431
v -41.089905 5.616800 328.719241
v -41.089905 5.616800 410.899051
v -41.089905 -5.235690 493.078861
v -41.089905 -6.538055 575.258672
v -41.089905 -6.538055 657.438482
v 41.089905 6.538055 657.438482
v 41.089905 6.538055 575.258672
v 41.089905 6.538055 493.078861
v 41.089905 6.538055 410.899051
v 41.089905 6.538055 328.719241
v 41.089905 6.538055 246.539431
v 41.089905 6.538055 164.359620
v 41.089905 6.538055 82.179810
v 41.089905 6.538055 0.000000
v 41.089905 5.253344 -82.179810
v 41.089905 1.178373 -164.359620
v 41.089905 1.025668 -246.539431
v 41.089905 -6.047015 -328.719241
v 41.089905 -13.268864 -410.899051
v 41.089905 -5.541849 -493.078861
v 41.089905 5.605806 -575.258672
v 41.089905 6.538055 -657.438482
v 41.089905 -6.538055 -657.438482
v 41.089905 -7.434555 -575.258672
v 41.089905 -18.453459 -493.078861
v 41.089905 -26.117889 -410.899051
v 41.089905 -18.935273 -328.719241
v 41.089905 -11.903038 -246.539431
v 41.089905 -11.760818 -164.359620
v 41.089905 -7.769522 -82.179810
v 41.089905 -6.538055 0.000000
v 41.089905 -6.538055 82.179810
v 41.089905 -6.538055 164.359620
v 41.089905 -6.538055 246.539431
v 41.089905 -6.538055 328.719241
v 41.089905 -6.538055 410.899051
v 41.089905 -6.538055 493.078861
v 41.089905 -6.538055 575.258672
v 41.089905 -6.538055 657.438482
v 123.269715 6.538055 657.438482
v 123.269715 6.538055 575.258672
v 123.269715 6.538055 493.078861
v 123.269715 6.538055 410.899051
v 123.269715 6.538055 328.719241
v 123.269715 6.538055 246.539431
v 123.269715 6.538055 164.359620
v 123.269715 6.538055 82.179810
v 123.269715 6.538055 0.000000
v 123.269715 1.957917 -82.179810
v 123.269715 -8.008228 -164.359620
v 123.269715 -8.008228 -246.539431
v 123.269715 -1.056472 -328.719241
v 123.269715 -0.076550 -410.899051
v 123.269715 3.523665 -493.078861
v 123.269715 6.538055 -575.258672
v 123.269715 6.538055 -657.438482
v 123.269715 -6.538055 -657.438482
v 123.269715 -6.538055 -575.258672
v 123.269715 -9.482357 -493.078861
v 123.269715 -13.040065 -410.899051
v 123.269715 -13.923310 -328.719241
v 123.269715 -20.910869 -246.539431
v 123.269715 -20.910869 -164.359620
v 123.269715 -11.034790 -82.179810
v 123.269715 -6.538055 0.000000
v 123.269715 -6.538055 82.179810
v 123.269715 -6.538055 164.359620
v 123.269715 -6.538055 246.539431
v 123.269715 -6.538055 328.719241
v 123.269715 -6.538055 410.899051
v 123.269715 -6.538055 493.078861
v 123.269715 -6.538055 575.258672
v 123.269715 -6.538055 657.438482
v 205.449526 -6.538055 657.438482
v 205.449526 6.538055 657.438482
v 205.449526 6.538055 575.258672
v 205.449526 6.538055 493.078861
v 205.449526 6.538055 410.899051
v 205.449526 6.538055 328.719241
v 205.449526 15.275521 246.539431
v 205.449526 25.711055 164.359620
v 205.449526 15.275521 82.179810
v 205.449526 6.538055 0.000000
v 205.449526 1.957917 -82.179810
v 205.449526 -8.008228 -164.359620
v 205.449526 -0.588867 -246.539431
v 205.449526 18.684878 -328.719241
v 205.449526 14.176841 -410.899051
v 205.449526 6.538055 -493.078861
v 205.449526 6.538055 -575.258672
v 205.449526 6.538055 -657.438482
v 205.449526 -6.538055 -657.438482
v 205.449526 -6.538055 -575.258672
v 205.449526 -6.538055 -493.078861
v 205.449526 0.923124 -410.899051
v 205.449526 5.214186 -328.719241
v 205.449526 -14.036389 -246.539431
v 205.449526 -20.910869 -164.359620
v 205.449526 -11.034790 -82.179810
v 205.449526 -6.538055 0.000000
v 205.449526 1.996256 82.179810
v 205.449526 12.308574 164.359620
v 205.449526 1.996256 246.539431
v 205.449526 -6.538055 328.719241
v 205.449526 -6.538055 410.899051
v 205.449526 -6.538055 493.078861
v 205.449526 -6.538055 575.258672
v 287.629336 6.538055 657.438482
v 287.629336 6.538055 575.258672
v 287.629336 6.538055 493.078861
v 287.629336 6.538055 410.899051
v 287.629336 9.240257 328.719241
v 287.629336 47.711367 246.539431
v 287.629336 77.099705 164.359620
v 287.629336 47.711367 82.179810
v 287.629336 9.240257 0.000000
v 287.629336 6.032889 -82.179810
v 287.629336 4.309117 -164.359620
v 287.629336 32.518343 -246.539431
v 287.629336 56.224881 -328.719241
v 287.629336 37.149822 -410.899051
v 287.629336 8.889255 -493.078861
v 287.629336 6.538055 -575.258672
v 287.629336 6.538055 -657.438482
v 287.629336 -6.538055 -657.438482
v 287.629336 -6.538055 -575.258672
v 287.629336 -4.266227 -493.078861
v 287.629336 23.656858 -410.899051
v 287.629336 42.554528 -328.719241
v 287.629336 18.826793 -246.539431
v 287.629336 -8.834556 -164.359620
v 287.629336 -7.019870 -82.179810
v 287.629336 -3.939473 0.000000
v 287.629336 33.893770 82.179810
v 287.629336 63.756393 164.359620
v 287.629336 33.893770 246.539431
v 287.629336 -3.939473 328.719241
v 287.629336 -6.538055 410.899051
v 287.629336 -6.538055 493.078861
v 287.629336 -6.538055 575.258672
v 287.629336 -6.538055 657.438482
v 369.809146 6.538055 657.438482
v 369.809146 6.538055 575.258672
v 369.809146 6.538055 493.078861
v 369.809146 6.538055 410.899051
v 369.809146 10.601823 328.719241
v 369.809146 66.267441 246.539431
v 369.809146 103.725386 164.359620
v 369.809146 66.267441 82.179810
v 369.809146 10.601823 0.000000
v 369.809146 6.538055 -82.179810
v 369.809146 8.889255 -164.359620
v 369.809146 37.149822 -246.539431
v 369.809146 56.730042 -328.719241
v 369.809146 37.149822 -410.899051
v 369.809146 8.889255 -493.078861
v 369.809146 6.538055 -575.258672
v 369.809146 6.538055 -657.438482
v 369.809146 -6.538055 -657.438482
v 369.809146 -6.538055 -575.258672
v 369.809146 -4.266227 -493.078861
v 369.809146 23.656858 -410.899051
v 369.809146 43.079361 -328.719241
v 369.809146 23.656858 -246.539431
v 369.809146 -4.266227 -164.359620
v 369.809146 -6.538055 -82.179810
v 369.809146 -2.959018 0.000000
v 369.809146 52.091515 82.179810
v 369.809146 90.780670 164.359620
v 369.809146 52.091515 246.539431
v 369.809146 -2.959018 328.719241
v 369.809146 -6.538055 410.899051
v 369.809146 -6.538055 493.078861
v 369.809146 -6.538055 575.258672
v 369.809146 -6.538055 657.438482
v 451.988956 6.538055 657.438482
v 451.988956 6.538055 575.258672
v 451.988956 6.538055 493.078861
v 451.988956 6.538055 410.899051
v 451.988956 7.825767 328.719241
v 451.988956 38.156388 246.539431
v 451.988956 65.145371 164.359620
v 451.988956 38.156388 82.179810
v 451.988956 7.825767 0.000000
v 451.988956 6.538055 -82.179810
v 451.988956 6.538055 -164.359620
v 451.988956 14.176841 -246.539431
v 451.988956 23.300173 -328.719241
v 451.988956 14.176841 -410.899051
v 451.988956 6.538055 -493.078861
v 451.988956 6.538055 -575.258672
v 451.988956 6.538055 -657.438482
v 451.988956 -6.538055 -657.438482
v 451.988956 -6.538055 -575.258672
v 451.988956 -6.538055 -493.078861
v 451.988956 0.923124 -410.899051
v 451.988956 9.938735 -328.719241
v 451.988956 0.923124 -246.539431
v 451.988956 -6.538055 -164.359620
v 451.988956 -6.538055 -82.179810
v 451.988956 -5.636611 0.000000
v 451.988956 23.033275 82.179810
v 451.988956 49.800802 164.359620
v 451.988956 23.033275 246.539431
v 451.988956 -5.636611 328.719241
v 451.988956 -6.538055 410.899051
v 451.988956 -6.538055 493.078861
v 451.988956 -6.538055 575.258672
v 451.988956 -6.538055 657.438482
v 534.168767 6.538055 657.438482
v 534.168767 6.538055 575.258672
v 534.168767 6.538055 493.078861
v 534.168767 6.538055 410.899051
v 534.168767 6.538055 328.719241
v 534.168767 11.452262 246.539431
v 534.168767 18.036401 164.359620
v 534.168767 11.452262 82.179810
v 534.168767 6.538055 0.000000
v 534.168767 6.538055 -82.179810
v 534.168767 6.538055 -164.359620
v 534.168767 6.538055 -246.539431
v 534.168767 6.538055 -328.719241
v 534.168767 6.538055 -410.899051
v 534.168767 6.538055 -493.078861
v 534.168767 6.538055 -575.258672
v 534.168767 6.538055 -657.438482
v 534.168767 -6.538055 -657.438482
v 534.168767 -6.538055 -575.258672
v 534.168767 -6.538055 -493.078861
v 534.168767 -6.538055 -410.899051
v 534.168767 -6.538055 -328.719241
v 534.168767 -6.538055 -246.539431
v 534.168767 -6.538055 -164.359620
v 534.168767 -6.538055 -82.179810
v 534.168767 -6.538055 0.000000
v 534.168767 -2.476480 82.179810
v 534.168767 3.527106 164.359620
v 534.168767 -2.476480 246.539431
v 534.168767 -6.538055 328.719241
v 534.168767 -6.538055 410.899051
v 534.168767 -6.538055 493.078861
v 534.168767 -6.538055 575.258672
v 534.168767 -6.538055 657.438482
v 616.348577 6.538055 657.438482
v 616.348577 6.538055 575.258672
v 616.348577 6.538055 493.078861
v 616.348577 6.538055 410.899051
v 616.348577 6.538055 328.719241
v 616.348577 6.538055 246.539431
v 616.348577 6.538055 164.359620
v 616.348577 6.538055 82.179810
v 616.348577 6.538055 0.000000
v 616.348577 6.538055 -82.179810
v 616.348577 6.538055 -164.359620
v 616.348577 6.538055 -246.539431
v 616.348577 6.538055 -328.719241
v 616.348577 6.538055 -410.899051
v 616.348577 6.538055 -493.078861
v 616.348577 6.538055 -575.258672
v 616.348577 6.538055 -657.438482
v 616.348577 -6.538055 -657.438482
v 616.348577 -6.538055 -575.258672
v 616.348577 -6.538055 -493.078861
v 616.348577 -6.538055 -410.899051
v 616.348577 -6.538055 -328.719241
v 616.348577 -6.538055 -246.539431
v 616.348577 -6.538055 -164.359620
v 616.348577 -6.538055 -82.179810
v 616.348577 -6.538055 0.000000
v 616.348577 -6.538055 82.179810
v 616.348577 -6.538055 164.359620
v 616.348577 -6.538055 246.539431
v 616.348577 -6.538055 328.719241
v 616.348577 -6.538055 410.899051
v 616.348577 -6.538055 493.078861
v 616.348577 -6.538055 575.258672
v 616.348577 -6.538055 657.438482
v 657.438482 6.538055 616.348577
v 616.348577 6.538055 616.348577
v 575.258672 6.538055 616.348577
v 534.168767 6.538055 616.348577
v 493.078861 6.538055 616.348577
v 451.988956 6.538055 616.348577
v 410.899051 6.538055 616.348577
v 369.809146 6.538055 616.348577
v 328.719241 6.538055 616.348577
v 287.629336 6.538055 616.348577
v 246.539431 6.538055 616.348577
v 205.449526 6.538055 616.348577
v 164.359620 6.538055 616.348577
v 123.269715 6.538055 616.348577
v 82.179810 6.538055 616.348577
v 41.089905 6.538055 616.348577
v 0.000000 6.538055 616.348577
v -41.089905 6.538055 616.348577
v -82.179810 6.538055 616.348577
v -123.269715 6.538055 616.348577
v -164.359620 6.538055 616.348577
v -205.449526 6.538055 616.348577
v -246.539431 6.538055 616.348577
v -287.629336 6.538055 616.348577
v -328.719241 6.538055 616.348577
v -369.809146 6.538055 616.348577
v -410.899051 6.538055 616.348577
v -451.988956 6.538055 616.348577
v -493.078861 6.538055 616.348577
v -534.168767 6.538055 616.348577
v -575.258672 6.538055 616.348577
v -616.348577 6.538055 616.348577
v -657.438482 6.538055 616.348577
v -657.438482 -6.538055 616.348577
v -616.348577 -6.538055 616.348577
v -575.258672 -6.538055 616.348577
v -534.168767 -6.538055 616.348577
v -493.078861 -6.538055 616.348577
v -451.988956 -6.538055 616.348577
v -410.899051 -6.538055 616.348577
v -369.809146 -6.538055 616.348577
v -328.719241 -6.538055 616.348577
v -287.629336 -6.538055 616.348577
v -246.539431 -6.538055 616.348577
v -205.449526 -6.538055 616.348577
v -164.359620 -6.538055 616.348577
v -123.269715 -6.538055 616.348577
v -82.179810 -6.538055 616.348577
v -41.089905 -6.538055 616.348577
v 0.000000 -6.538055 616.348577
v 41.089905 -6.538055 616.348577
v 82.179810 -6.538055 616.348577
v 123.269715 -6.538055 616.348577
v 164.359620 -6.538055 616.348577
v 205.449526 -6.538055 616.348577
v 246.539431 -6.538055 616.348577
v 287.629336 -6.538055 616.348577
v 328.719241 -6.538055 616.348577
v 369.809146 -6.538055 616.348577
v 410.899051 -6.538055 616.348577
v 451.988956 -6.538055 616.348577
v 493.078861 -6.538055 616.348577
v 534.168767 -6.538055 616.348577
v 575.258672 -6.538055 616.348577
v 616.348577 -6.538055 616.348577
v 657.438482 -6.538055 616.348577
v 657.438482 6.538055 534.168767
v 616.348577 6.538055 534.168767
v 575.258672 6.538055 534.168767
v 534.168767 6.538055 534.168767
v 493.078861 6.538055 534.168767
v 451.988956 6.538055 534.168767
v 410.899051 6.538055 534.168767
v 369.809146 6.538055 534.168767
v 328.719241 6.538055 534.168767
v 287.629336 6.538055 534.168767
v 246.539431 6.538055 534.168767
v 205.449526 6.538055 534.168767
v 164.359620 6.538055 534.168767
v 123.269715 6.538055 534.168767
v 82.179810 6.538055 534.168767
v 41.089905 6.538055 534.168767
v 0.000000 6.538055 534.168767
v -41.089905 6.538055 534.168767
v -82.179810 6.947218 534.168767
v -123.269715 8.616086 534.168767
v -164.359620 9.497596 534.168767
v -205.449526 8.616086 534.168767
v -246.539431 6.947218 534.168767
v -287.629336 6.538055 534.168767
v -328.719241 6.538055 534.168767
v -369.809146 6.538055 534.168767
v -410.899051 6.538055 534.168767
v -451.988956 6.538055 534.168767
v -493.078861 6.538055 534.168767
v -534.168767 6.538055 534.168767
v -575.258672 6.538055 534.168767
v -616.348577 6.538055 534.168767
v -657.438482 6.538055 534.168767
v -657.438482 -6.538055 534.168767
v -616.348577 -6.538055 534.168767
v -575.258672 -6.538055 534.168767
v -534.168767 -6.538055 534.168767
v -493.078861 -6.538055 534.168767
v -451.988956 -6.538055 534.168767
v -410.899051 -6.538055 534.168767
v -369.809146 -6.538055 534.168767
v -328.719241 -6.538055 534.168767
v -287.629336 -6.538055 534.168767
v -246.539431 -6.128892 534.168767
v -205.449526 -4.539710 534.168767
v -164.359620 -3.675761 534.168767
v -123.269715 -4.539710 534.168767
v -82.179810 -6.128892 534.168767
v -41.089905 -6.538055 534.168767
v 0.000000 -6.538055 534.168767
v 41.089905 -6.538055 534.168767
v 82.179810 -6.538055 534.168767
v 123.269715 -6.538055 534.168767
v 164.359620 -6.538055 534.168767
v 205.449526 -6.538055 534.168767
v 246.539431 -6.538055 534.168767
v 287.629336 -6.538055 534.168767
v 328.719241 -6.538055 534.168767
v 369.809146 -6.538055 534.168767
v 410.899051 -6.538055 534.168767
v 451.988956 -6.538055 534.168767
v 493.078861 -6.538055 534.168767
v 534.168767 -6.538055 534.168767
v 575.258672 -6.538055 534.168767
v 616.348577 -6.538055 534.168767
v 657.438482 -6.538055 534.168767
v 657.438482 6.538055 451.988956
v 616.348577 6.538055 451.988956
v 575.258672 6.538055 451.988956
v 534.168767 6.538055 451.988956
v 493.078861 6.538055 451.988956
v 451.988956 6.538055 451.988956
v 410.899051 6.538055 451.988956
v 369.809146 6.538055 451.988956
v 328.719241 6.538055 451.988956
v 287.629336 6.538055 451.988956
v 246.539431 6.538055 451.988956
v 205.449526 6.538055 451.988956
v 164.359620 6.538055 451.988956
v 123.269715 6.538055 451.988956
v 82.179810 6.538055 451.988956
v 41.089905 6.538055 451.988956
v 0.000000 6.947218 451.988956
v -41.089905 13.257285 451.988956
v -82.179810 23.905646 451.988956
v -123.269715 33.464783 451.988956
v -164.359620 37.260992 451.988956
v -205.449526 33.464783 451.988956
v -246.539431 23.905646 451.988956
v -287.629336 13.257285 451.988956
v -328.719241 6.947218 451.988956
v -369.809146 6.538055 451.988956
v -410.899051 6.538055 451.988956
v -451.988956 6.538055 451.988956
v -493.078861 6.538055 451.988956
v -534.168767 6.538055 451.988956
v -575.258672 6.538055 451.988956
v -616.348577 6.538055 451.988956
v -657.438482 6.538055 451.988956
v -657.438482 -6.538055 451.988956
v -616.348577 -6.538055 451.988956
v -575.258672 -6.538055 451.988956
v -534.168767 -6.538055 451.988956
v -493.078861 -6.538055 451.988956
v -451.988956 -6.538055 451.988956
v -410.899051 -6.538055 451.988956
v -369.809146 -6.538055 451.988956
v -328.719241 -6.128892 451.988956
v -287.629336 0.024948 451.988956
v -246.539431 10.551704 451.988956
v -205.449526 20.021998 451.988956
v -164.359620 23.785678 451.988956
v -123.269715 20.021998 451.988956
v -82.179810 10.551704 451.988956
v -41.089905 0.024948 451.988956
v 0.000000 -6.128892 451.988956
v 41.089905 -6.538055 451.988956
v 82.179810 -6.538055 451.988956
v 123.269715 -6.538055 451.988956
v 164.359620 -6.538055 451.988956
v 205.449526 -6.538055 451.988956
v 246.539431 -6.538055 451.988956
v 287.629336 -6.538055 451.988956
v 328.719241 -6.538055 451.988956
v 369.809146 -6.538055 451.988956
v 410.899051 -6.538055 451.988956
v 451.988956 -6.538055 451.988956
v 493.078861 -6.538055 451.988956
v 534.168767 -6.538055 451.988956
v 575.258672 -6.538055 451.988956
v 616.348577 -6.538055 451.988956
v 657.438482 -6.538055 451.988956
v 657.438482 6.538055 369.809146
v 616.348577 6.538055 369.809146
v 575.258672 6.538055 369.809146
v 534.168767 6.538055 369.809146
v 493.078861 6.538055 369.809146
v 451.988956 6.538055 369.809146
v 410.899051 6.538055 369.809146
v 369.809146 6.538055 369.809146
v 328.719241 6.538055 369.809146
v 287.629336 6.538055 369.809146
v 246.539431 6.538055 369.809146
v 205.449526 6.538055 369.809146
v 164.359620 6.538055 369.809146
v 123.269715 6.538055 369.809146
v 82.179810 6.538055 369.809146
v 41.089905 6.538055 369.809146
v 0.000000 9.497596 369.809146
v -41.089905 21.282353 369.809146
v -82.179810 37.260992 369.809146
v -123.269715 50.688703 369.809146
v -164.359620 55.897509 369.809146
v -205.449526 50.688703 369.809146
v -246.539431 37.260992 369.809146
v -287.629336 21.282353 369.809146
v -328.719241 9.497596 369.809146
v -369.809146 6.538055 369.809146
v -410.899051 6.538055 369.809146
v -451.988956 6.538055 369.809146
v -493.078861 6.538055 369.809146
v -534.168767 6.538055 369.809146
v -575.258672 6.538055 369.809146
v -616.348577 6.538055 369.809146
v -657.438482 6.538055 369.809146
v -657.438482 -6.538055 369.809146
v -616.348577 -6.538055 369.809146
v -575.258672 -6.538055 369.809146
v -534.168767 -6.538055 369.809146
v -493.078861 -6.538055 369.809146
v -451.988956 -6.538055 369.809146
v -410.899051 -6.538055 369.809146
v -369.809146 -6.538055 369.809146
v -328.719241 -3.675761 369.809146
v -287.629336 7.955260 369.809146
v -246.539431 23.785678 369.809146
v -205.449526 37.106412 369.809146
v -164.359620 42.276242 369.809146
v -123.269715 37.106412 369.809146
v -82.179810 23.785678 369.809146
v -41.089905 7.955260 369.809146
v 0.000000 -3.675761 369.809146
v 41.089905 -6.538055 369.809146
v 82.179810 -6.538055 369.809146
v 123.269715 -6.538055 369.809146
v 164.359620 -6.538055 369.809146
v 205.449526 -6.538055 369.809146
v 246.539431 -6.538055 369.809146
v 287.629336 -6.538055 369.809146
v 328.719241 -6.538055 369.809146
v 369.809146 -6.538055 369.809146
v 410.899051 -6.538055 369.809146
v 451.988956 -6.538055 369.809146
v 493.078861 -6.538055 369.809146
v 534.168767 -6.538055 369.809146
v 575.258672 -6.538055 369.809146
v 616.348577 -6.538055 369.809146
v 657.438482 -6.538055 369.809146
v 657.438482 6.538055 287.629336
v 616.348577 6.538055 287.629336
v 575.258672 6.538055 287.629336
v 534.168767 7.309233 287.629336
v 493.078861 11.452262 287.629336
v 451.988956 18.005360 287.629336
v 410.899051 27.552141 287.629336
v 369.809146 33.341520 287.629336
v 328.719241 31.531411 287.629336
v 287.629336 23.705374 287.629336
v 246.539431 15.275521 287.629336
v 205.449526 8.313684 287.629336
v 164.359620 6.538055 287.629336
v 123.269715 6.538055 287.629336
v 82.179810 6.538055 287.629336
v 41.089905 6.538055 287.629336
v 0.000000 6.947218 287.629336
v -41.089905 13.257285 287.629336
v -82.179810 23.905646 287.629336
v -123.269715 33.464783 287.629336
v -164.359620 37.260992 287.629336
v -205.449526 33.464783 287.629336
v -246.539431 23.905646 287.629336
v -287.629336 13.257285 287.629336
v -328.719241 6.947218 287.629336
v -369.809146 6.538055 287.629336
v -410.899051 6.538055 287.629336
v -451.988956 6.538055 287.629336
v -493.078861 6.538055 287.629336
v -534.168767 6.538055 287.629336
v -575.258672 6.538055 287.629336
v -616.348577 6.538055 287.629336
v -657.438482 6.538055 287.629336
v -657.438482 -6.538055 287.629336
v -616.348577 -6.538055 287.629336
v -575.258672 -6.538055 287.629336
v -534.168767 -6.538055 287.629336
v -493.078861 -6.538055 287.629336
v -451.988956 -6.538055 287.629336
v -410.899051 -6.538055 287.629336
v -369.809146 -6.538055 287.629336
v -328.719241 -6.128892 287.629336
v -287.629336 0.024948 287.629336
v -246.539431 10.551704 287.629336
v -205.449526 20.021998 287.629336
v -164.359620 23.785678 287.629336
v -123.269715 20.021998 287.629336
v -82.179810 10.551704 287.629336
v -41.089905 0.024948 287.629336
v 0.000000 -6.128892 287.629336
v 41.089905 -6.538055 287.629336
v 82.179810 -6.538055 287.629336
v 123.269715 -6.538055 287.629336
v 164.359620 -6.538055 287.629336
v 205.449526 -4.844503 287.629336
v 246.539431 1.996256 287.629336
v 287.629336 10.095609 287.629336
v 328.719241 17.545326 287.629336
v 369.809146 19.039137 287.629336
v 410.899051 13.029965 287.629336
v 451.988956 3.596793 287.629336
v 493.078861 -2.476480 287.629336
v 534.168767 -6.052588 287.629336
v 575.258672 -6.538055 287.629336
v 616.348577 -6.538055 287.629336
v 657.438482 -6.538055 287.629336
v 657.438482 6.538055 205.449526
v 616.348577 6.538055 205.449526
v 575.258672 7.825767 205.449526
v 534.168767 16.077037 205.449526
v 493.078861 31.351383 205.449526
v 451.988956 57.374922 205.449526
v 410.899051 82.088961 205.449526
v 369.809146 93.511577 205.449526
v 328.719241 88.113880 205.449526
v 287.629336 68.901117 205.449526
v 246.539431 43.453194 205.449526
v 205.449526 22.636984 205.449526
v 164.359620 9.240257 205.449526
v 123.269715 6.538055 205.449526
v 82.179810 6.538055 205.449526
v 41.089905 6.538055 205.449526
v 0.000000 6.538055 205.449526
v -41.089905 6.538055 205.449526
v -82.179810 6.947218 205.449526
v -123.269715 8.616086 205.449526
v -164.359620 9.497596 205.449526
v -205.449526 8.616086 205.449526
v -246.539431 6.947218 205.449526
v -287.629336 6.538055 205.449526
v -328.719241 6.538055 205.449526
v -369.809146 6.538055 205.449526
v -410.899051 6.538055 205.449526
v -451.988956 6.538055 205.449526
v -493.078861 6.538055 205.449526
v -534.168767 6.538055 205.449526
v -575.258672 6.538055 205.449526
v -616.348577 6.538055 205.449526
v -657.438482 6.538055 205.449526
v -657.438482 -6.538055 205.449526
v -616.348577 -6.538055 205.449526
v -575.258672 -6.538055 205.449526
v -534.168767 -6.538055 205.449526
v -493.078861 -6.538055 205.449526
v -451.988956 -6.538055 205.449526
v -410.899051 -6.538055 205.449526
v -369.809146 -6.538055 205.449526
v -328.719241 -6.538055 205.449526
v -287.629336 -6.538055 205.449526
v -246.539431 -6.128892 205.449526
v -205.449526 -4.539710 205.449526
v -164.359620 -3.675761 205.449526
v -123.269715 -4.539710 205.449526
v -82.179810 -6.128892 205.449526
v -41.089905 -6.538055 205.449526
v 0.000000 -6.538055 205.449526
v 41.089905 -6.538055 205.449526
v 82.179810 -6.538055 205.449526
v 123.269715 -6.538055 205.449526
v 164.359620 -3.939473 205.449526
v 205.449526 9.267715 205.449526
v 246.539431 29.765856 205.449526
v 287.629336 55.359395 205.449526
v 328.719241 74.951250 205.449526
v 369.809146 80.125323 205.449526
v 410.899051 67.675437 205.449526
v 451.988956 42.029937 205.449526
v 493.078861 16.106750 205.449526
v 534.168767 1.724485 205.449526
v 575.258672 -5.636611 205.449526
v 616.348577 -6.538055 205.449526
v 657.438482 -6.538055 205.449526
v 657.438482 6.538055 123.269715
v 616.348577 6.538055 123.269715
v 575.258672 7.825767 123.269715
v 534.168767 16.077037 123.269715
v 493.078861 31.351383 123.269715
v 451.988956 57.374922 123.269715
v 410.899051 82.088961 123.269715
v 369.809146 93.511577 123.269715
v 328.719241 88.113880 123.269715
v 287.629336 68.901117 123.269715
v 246.539431 43.453194 123.269715
v 205.449526 22.636984 123.269715
v 164.359620 9.240257 123.269715
v 123.269715 6.538055 123.269715
v 82.179810 6.538055 123.269715
v 41.089905 6.538055 123.269715
v 0.000000 6.538055 123.269715
v -41.089905 6.538055 123.269715
v -82.179810 6.538055 123.269715
v -123.269715 6.538055 123.269715
v -164.359620 6.538055 123.269715
v -205.449526 6.538055 123.269715
v -246.539431 6.538055 123.269715
v -287.629336 6.538055 123.269715
v -328.719241 6.538055 123.269715
v -369.809146 6.538055 123.269715
v -410.899051 6.538055 123.269715
v -451.988956 6.538055 123.269715
v -493.078861 6.538055 123.269715
v -534.168767 6.538055 123.269715
v -575.258672 6.538055 123.269715
v -616.348577 6.538055 123.269715
v -657.438482 6.538055 123.269715
v -657.438482 -6.538055 123.269715
v -616.348577 -6.538055 123.269715
v -575.258672 -6.538055 123.269715
v -534.168767 -6.538055 123.269715
v -493.078861 -6.538055 123.269715
v -451.988956 -6.538055 123.269715
v -410.899051 -6.538055 123.269715
v -369.809146 -6.538055 123.269715
v -328.719241 -6.538055 123.269715
v -287.629336 -6.538055 123.269715
v -246.539431 -6.538055 123.269715
v -205.449526 -6.538055 123.269715
v -164.359620 -6.538055 123.269715
v -123.269715 -6.538055 123.269715
v -82.179810 -6.538055 123.269715
v -41.089905 -6.538055 123.269715
v 0.000000 -6.538055 123.269715
v 41.089905 -6.538055 123.269715
v 82.179810 -6.538055 123.269715
v 123.269715 -6.538055 123.269715
v 164.359620 -3.939473 123.269715
v 205.449526 9.267715 123.269715
v 246.539431 29.765856 123.269715
v 287.629336 55.359395 123.269715
v 328.719241 74.951250 123.269715
v 369.809146 80.125323 123.269715
v 410.899051 67.675437 123.269715
v 451.988956 42.029937 123.269715
v 493.078861 16.106750 123.269715
v 534.168767 1.724485 123.269715
v 575.258672 -5.636611 123.269715
v 616.348577 -6.538055 123.269715
v 657.438482 -6.538055 123.269715
v 657.438482 6.538055 41.089905
v 616.348577 6.538055 41.089905
v 575.258672 6.538055 41.089905
v 534.168767 7.309233 41.089905
v 493.078861 11.452262 41.089905
v 451.988956 18.005360 41.089905
v 410.899051 27.552141 41.089905
v 369.809146 33.341520 41.089905
v 328.719241 31.531411 41.089905
v 287.629336 23.705374 41.089905
v 246.539431 15.275521 41.089905
v 205.449526 8.313684 41.089905
v 164.359620 6.538055 41.089905
v 123.269715 6.538055 41.089905
v 82.179810 6.538055 41.089905
v 41.089905 6.538055 41.089905
v 0.000000 6.538055 41.089905
v -41.089905 6.384563 41.089905
v -82.179810 5.758511 41.089905
v -123.269715 5.427824 41.089905
v -164.359620 5.758511 41.089905
v -205.449526 6.384563 41.089905
v -246.539431 6.538055 41.089905
v -287.629336 6.538055 41.089905
v -328.719241 6.538055 41.089905
v -369.809146 6.538055 41.089905
v -410.899051 6.538055 41.089905
v -451.988956 6.538055 41.089905
v -493.078861 6.538055 41.089905
v -534.168767 6.538055 41.089905
v -575.258672 6.538055 41.089905
v -616.348577 6.538055 41.089905
v -657.438482 6.538055 41.089905
v -657.438482 -6.538055 41.089905
v -616.348577 -6.538055 41.089905
v -575.258672 -6.538055 41.089905
v -534.168767 -6.538055 41.089905
v -493.078861 -6.538055 41.089905
v -451.988956 -6.538055 41.089905
v -410.899051 -6.538055 41.089905
v -369.809146 -6.538055 41.089905
v -328.719241 -6.538055 41.089905
v -287.629336 -6.538055 41.089905
v -246.539431 -6.538055 41.089905
v -205.449526 -6.691547 41.089905
v -164.359620 -7.287707 41.089905
v -123.269715 -7.611805 41.089905
v -82.179810 -7.287707 41.089905
v -41.089905 -6.691547 41.089905
v 0.000000 -6.538055 41.089905
v 41.089905 -6.538055 41.089905
v 82.179810 -6.538055 41.089905
v 123.269715 -6.538055 41.089905
v 164.359620 -6.538055 41.089905
v 205.449526 -4.844503 41.089905
v 246.539431 1.996256 41.089905
v 287.629336 10.095609 41.089905
v 328.719241 17.545326 41.089905
v 369.809146 19.039137 41.089905
v 410.899051 13.029965 41.089905
v 451.988956 3.596793 41.089905
v 493.078861 -2.476480 41.089905
v 534.168767 -6.052588 41.089905
v 575.258672 -6.538055 41.089905
v 616.348577 -6.538055 41.089905
v 657.438482 -6.538055 41.089905
v 657.438482 6.538055 -41.089905
v 616.348577 6.538055 -41.089905
v 575.258672 6.538055 -41.089905
v 534.168767 6.538055 -41.089905
v 493.078861 6.538055 -41.089905
v 451.988956 6.538055 -41.089905
v 410.899051 6.538055 -41.089905
v 369.809146 6.538055 -41.089905
v 328.719241 6.538055 -41.089905
v 287.629336 6.538055 -41.089905
v 246.539431 6.386684 -41.089905
v 205.449526 5.769280 -41.089905
v 164.359620 5.443162 -41.089905
v 123.269715 5.769280 -41.089905
v 82.179810 6.386684 -41.089905
v 41.089905 6.384563 -41.089905
v 0.000000 4.017428 -41.089905
v -41.089905 0.022841 -41.089905
v -82.179810 -3.563138 -41.089905
v -123.269715 -4.987235 -41.089905
v -164.359620 -3.563138 -41.089905
v -205.449526 0.022841 -41.089905
v -246.539431 4.017428 -41.089905
v -287.629336 6.384563 -41.089905
v -328.719241 9.064186 -41.089905
v -369.809146 18.976804 -41.089905
v -410.899051 29.459999 -41.089905
v -451.988956 33.842495 -41.089905
v -493.078861 29.459999 -41.089905
v -534.168767 18.976804 -41.089905
v -575.258672 9.064186 -41.089905
v -616.348577 6.538055 -41.089905
v -657.438482 6.538055 -41.089905
v -657.438482 -6.538055 -41.089905
v -616.348577 -6.538055 -41.089905
v -575.258672 -4.167387 -41.089905
v -534.168767 5.514995 -41.089905
v -493.078861 15.826980 -41.089905
v -451.988956 20.176780 -41.089905
v -410.899051 15.826980 -41.089905
v -369.809146 5.514995 -41.089905
v -328.719241 -4.167387 -41.089905
v -287.629336 -6.691547 -41.089905
v -246.539431 -9.000075 -41.089905
v -205.449526 -12.949042 -41.089905
v -164.359620 -16.501696 -41.089905
v -123.269715 -17.913594 -41.089905
v -82.179810 -16.501696 -41.089905
v -41.089905 -12.949042 -41.089905
v 0.000000 -9.000075 -41.089905
v 41.089905 -6.691547 -41.089905
v 82.179810 -6.689426 -41.089905
v 123.269715 -7.277350 -41.089905
v 164.359620 -7.596972 -41.089905
v 205.449526 -7.277350 -41.089905
v 246.539431 -6.689426 -41.089905
v 287.629336 -6.538055 -41.089905
v 328.719241 -6.538055 -41.089905
v 369.809146 -6.538055 -41.089905
v 410.899051 -6.538055 -41.089905
v 451.988956 -6.538055 -41.089905
v 493.078861 -6.538055 -41.089905
v 534.168767 -6.538055 -41.089905
v 575.258672 -6.538055 -41.089905
v 616.348577 -6.538055 -41.089905
v 657.438482 -6.538055 -41.089905
v 657.438482 6.538055 -123.269715
v 616.348577 6.538055 -123.269715
v 575.258672 6.538055 -123.269715
v 534.168767 6.538055 -123.269715
v 493.078861 6.538055 -123.269715
v 451.988956 6.538055 -123.269715
v 410.899051 6.538055 -123.269715
v 369.809146 6.538055 -123.269715
v 328.719241 6.386684 -123.269715
v 287.629336 4.052250 -123.269715
v 246.539431 0.112848 -123.269715
v 205.449526 -3.423590 -123.269715
v 164.359620 -4.828013 -123.269715
v 123.269715 -3.423590 -123.269715
v 82.179810 0.112848 -123.269715
v 41.089905 2.942018 -123.269715
v 0.000000 0.855563 -123.269715
v -41.089905 -4.987235 -123.269715
v -82.179810 -10.024453 -123.269715
v -123.269715 -11.978467 -123.269715
v -164.359620 -10.024453 -123.269715
v -205.449526 -4.987235 -123.269715
v -246.539431 1.006934 -123.269715
v -287.629336 9.273041 -123.269715
v -328.719241 29.459999 -123.269715
v -369.809146 56.399004 -123.269715
v -410.899051 79.349954 -123.269715
v -451.988956 88.307457 -123.269715
v -493.078861 79.349954 -123.269715
v -534.168767 56.399004 -123.269715
v -575.258672 29.459999 -123.269715
v -616.348577 10.383273 -123.269715
v -657.438482 6.538055 -123.269715
v -657.438482 -6.538055 -123.269715
v -616.348577 -2.889278 -123.269715
v -575.258672 15.826980 -123.269715
v -534.168767 42.416712 -123.269715
v -493.078861 65.114844 -123.269715
v -451.988956 73.970638 -123.269715
v -410.899051 65.114844 -123.269715
v -369.809146 42.416712 -123.269715
v -328.719241 15.826980 -123.269715
v -287.629336 -3.963027 -123.269715
v -246.539431 -11.975026 -123.269715
v -205.449526 -17.913594 -123.269715
v -164.359620 -22.910675 -123.269715
v -123.269715 -24.850067 -123.269715
v -82.179810 -22.910675 -123.269715
v -41.089905 -17.913594 -123.269715
v 0.000000 -12.126398 -123.269715
v 41.089905 -10.025203 -123.269715
v 82.179810 -12.860476 -123.269715
v 123.269715 -16.364049 -123.269715
v 164.359620 -17.756438 -123.269715
v 205.449526 -16.364049 -123.269715
v 246.539431 -12.860476 -123.269715
v 287.629336 -8.966063 -123.269715
v 328.719241 -6.689426 -123.269715
v 369.809146 -6.538055 -123.269715
v 410.899051 -6.538055 -123.269715
v 451.988956 -6.538055 -123.269715
v 493.078861 -6.538055 -123.269715
v 534.168767 -6.538055 -123.269715
v 575.258672 -6.538055 -123.269715
v 616.348577 -6.538055 -123.269715
v 657.438482 -6.538055 -123.269715
v 657.438482 6.538055 -205.449526
v 616.348577 6.538055 -205.449526
v 575.258672 6.538055 -205.449526
v 534.168767 6.538055 -205.449526
v 493.078861 6.538055 -205.449526
v 451.988956 8.090410 -205.449526
v 410.899051 14.176841 -205.449526
v 369.809146 20.612652 -205.449526
v 328.719241 22.205281 -205.449526
v 287.629336 15.113135 -205.449526
v 246.539431 2.676365 -205.449526
v 205.449526 -8.354443 -205.449526
v 164.359620 -11.722662 -205.449526
v 123.269715 -9.795646 -205.449526
v 82.179810 -4.828013 -205.449526
v 41.089905 0.929853 -205.449526
v 0.000000 2.922535 -205.449526
v -41.089905 0.022841 -205.449526
v -82.179810 -3.563138 -205.449526
v -123.269715 -4.987235 -205.449526
v -164.359620 -3.563138 -205.449526
v -205.449526 0.022841 -205.449526
v -246.539431 4.017428 -205.449526
v -287.629336 11.675146 -205.449526
v -328.719241 36.524939 -205.449526
v -369.809146 69.049801 -205.449526
v -410.899051 94.068497 -205.449526
v -451.988956 100.776286 -205.449526
v -493.078861 86.363915 -205.449526
v -534.168767 57.844368 -205.449526
v -575.258672 29.459999 -205.449526
v -616.348577 10.383273 -205.449526
v -657.438482 6.538055 -205.449526
v -657.438482 -6.538055 -205.449526
v -616.348577 -2.889278 -205.449526
v -575.258672 15.826980 -205.449526
v -534.168767 43.953950 -205.449526
v -493.078861 72.892227 -205.449526
v -451.988956 88.097282 -205.449526
v -410.899051 81.639667 -205.449526
v -369.809146 56.188810 -205.449526
v -328.719241 23.172710 -205.449526
v -287.629336 -1.664216 -205.449526
v -246.539431 -9.000075 -205.449526
v -205.449526 -12.949042 -205.449526
v -164.359620 -16.501696 -205.449526
v -123.269715 -17.913594 -205.449526
v -82.179810 -16.501696 -205.449526
v -41.089905 -12.949042 -205.449526
v 0.000000 -10.049198 -205.449526
v 41.089905 -12.029464 -205.449526
v 82.179810 -17.756438 -205.449526
v 123.269715 -22.684490 -205.449526
v 164.359620 -24.597088 -205.449526
v 205.449526 -21.472188 -205.449526
v 246.539431 -10.720376 -205.449526
v 287.629336 1.667912 -205.449526
v 328.719241 8.832023 -205.449526
v 369.809146 7.280250 -205.449526
v 410.899051 0.923124 -205.449526
v 451.988956 -5.096850 -205.449526
v 493.078861 -6.538055 -205.449526
v 534.168767 -6.538055 -205.449526
v 575.258672 -6.538055 -205.449526
v 616.348577 -6.538055 -205.449526
v 657.438482 -6.538055 -205.449526
v 657.438482 6.538055 -287.629336
v 616.348577 6.538055 -287.629336
v 575.258672 6.538055 -287.629336
v 534.168767 6.538055 -287.629336
v 493.078861 8.889255 -287.629336
v 451.988956 20.612652 -287.629336
v 410.899051 37.149822 -287.629336
v 369.809146 51.238247 -287.629336
v 328.719241 56.578677 -287.629336
v 287.629336 48.733094 -287.629336
v 246.539431 30.623626 -287.629336
v 205.449526 10.501910 -287.629336
v 164.359620 -2.534216 -287.629336
v 123.269715 -4.019649 -287.629336
v 82.179810 -2.884530 -287.629336
v 41.089905 -1.498143 -287.629336
v 0.000000 -0.227921 -287.629336
v -41.089905 0.834168 -287.629336
v -82.179810 2.744121 -287.629336
v -123.269715 4.815239 -287.629336
v -164.359620 5.758511 -287.629336
v -205.449526 6.384563 -287.629336
v -246.539431 8.737650 -287.629336
v -287.629336 19.642599 -287.629336
v -328.719241 37.114874 -287.629336
v -369.809146 58.119133 -287.629336
v -410.899051 71.643060 -287.629336
v -451.988956 71.422952 -287.629336
v -493.078861 56.312672 -287.629336
v -534.168767 31.887908 -287.629336
v -575.258672 11.263779 -287.629336
v -616.348577 6.538055 -287.629336
v -657.438482 6.538055 -287.629336
v -657.438482 -6.538055 -287.629336
v -616.348577 -6.538055 -287.629336
v -575.258672 -2.052138 -287.629336
v -534.168767 18.766613 -287.629336
v -493.078861 44.106927 -287.629336
v -451.988956 60.109052 -287.629336
v -410.899051 60.317482 -287.629336
v -369.809146 45.923811 -287.629336
v -328.719241 23.946427 -287.629336
v -287.629336 6.327863 -287.629336
v -246.539431 -4.422807 -287.629336
v -205.449526 -6.691547 -287.629336
v -164.359620 -7.287707 -287.629336
v -123.269715 -8.196074 -287.629336
v -82.179810 -10.232009 -287.629336
v -41.089905 -12.120534 -287.629336
v 0.000000 -13.191436 -287.629336
v 41.089905 -14.378264 -287.629336
v 82.179810 -15.721901 -287.629336
v 123.269715 -16.892081 -287.629336
v 164.359620 -15.698464 -287.629336
v 205.449526 -3.066608 -287.629336
v 246.539431 16.838722 -287.629336
v 287.629336 34.985929 -287.629336
v 328.719241 42.927990 -287.629336
v 369.809146 37.629082 -287.629336
v 410.899051 23.656858 -287.629336
v 451.988956 7.280250 -287.629336
v 493.078861 -4.266227 -287.629336
v 534.168767 -6.538055 -287.629336
v 575.258672 -6.538055 -287.629336
v 616.348577 -6.538055 -287.629336
v 657.438482 -6.538055 -287.629336
v 657.438482 6.538055 -369.809146
v 616.348577 6.538055 -369.809146
v 575.258672 6.538055 -369.809146
v 534.168767 6.538055 -369.809146
v 493.078861 8.889255 -369.809146
v 451.988956 20.612652 -369.809146
v 410.899051 37.149822 -369.809146
v 369.809146 51.238247 -369.809146
v 328.719241 56.730042 -369.809146
v 287.629336 51.238247 -369.809146
v 246.539431 36.998450 -369.809146
v 205.449526 19.843875 -369.809146
v 164.359620 6.862113 -369.809146
v 123.269715 0.218886 -369.809146
v 82.179810 -5.693220 -369.809146
v 41.089905 -11.101365 -369.809146
v 0.000000 -13.268864 -369.809146
v -41.089905 -11.101365 -369.809146
v -82.179810 -5.541849 -369.809146
v -123.269715 0.987661 -369.809146
v -164.359620 5.605806 -369.809146
v -205.449526 6.538055 -369.809146
v -246.539431 8.737650 -369.809146
v -287.629336 19.642599 -369.809146
v -328.719241 35.039997 -369.809146
v -369.809146 48.157419 -369.809146
v -410.899051 53.271522 -369.809146
v -451.988956 48.157419 -369.809146
v -493.078861 35.039994 -369.809146
v -534.168767 19.642599 -369.809146
v -575.258672 8.737650 -369.809146
v -616.348577 6.538055 -369.809146
v -657.438482 6.538055 -369.809146
v -657.438482 -6.538055 -369.809146
v -616.348577 -6.538055 -369.809146
v -575.258672 -4.422807 -369.809146
v -534.168767 6.327863 -369.809146
v -493.078861 21.575754 -369.809146
v -451.988956 34.584976 -369.809146
v -410.899051 39.659611 -369.809146
v -369.809146 34.584976 -369.809146
v -328.719241 21.575759 -369.809146
v -287.629336 6.327863 -369.809146
v -246.539431 -4.422807 -369.809146
v -205.449526 -6.538055 -369.809146
v -164.359620 -7.434555 -369.809146
v -123.269715 -11.990982 -369.809146
v -82.179810 -18.453459 -369.809146
v -41.089905 -23.967120 -369.809146
v 0.000000 -26.117889 -369.809146
v 41.089905 -23.967120 -369.809146
v 82.179810 -18.604830 -369.809146
v 123.269715 -12.730278 -369.809146
v 164.359620 -6.227913 -369.809146
v 205.449526 6.540953 -369.809146
v 246.539431 23.505486 -369.809146
v 287.629336 37.629082 -369.809146
v 328.719241 43.079361 -369.809146
v 369.809146 37.629082 -369.809146
v 410.899051 23.656858 -369.809146
v 451.988956 7.280250 -369.809146
v 493.078861 -4.266227 -369.809146
v 534.168767 -6.538055 -369.809146
v 575.258672 -6.538055 -369.809146
v 616.348577 -6.538055 -369.809146
v 657.438482 -6.538055 -369.809146
v 657.438482 6.538055 -451.988956
v 616.348577 6.538055 -451.988956
v 575.258672 6.538055 -451.988956
v 534.168767 6.538055 -451.988956
v 493.078861 6.538055 -451.988956
v 451.988956 8.090410 -451.988956
v 410.899051 14.176841 -451.988956
v 369.809146 20.612652 -451.988956
v 328.719241 23.300173 -451.988956
v 287.629336 20.612652 -451.988956
v 246.539431 14.176841 -451.988956
v 205.449526 8.090410 -451.988956
v 164.359620 5.605806 -451.988956
v 123.269715 0.987661 -451.988956
v 82.179810 -5.541849 -451.988956
v 41.089905 -11.101365 -451.988956
v 0.000000 -13.268864 -451.988956
v -41.089905 -11.101365 -451.988956
v -82.179810 -5.541849 -451.988956
v -123.269715 0.987661 -451.988956
v -164.359620 5.605806 -451.988956
v -205.449526 6.538055 -451.988956
v -246.539431 6.538055 -451.988956
v -287.629336 7.983419 -451.988956
v -328.719241 13.650360 -451.988956
v -369.809146 19.642599 -451.988956
v -410.899051 22.144890 -451.988956
v -451.988956 19.642599 -451.988956
v -493.078861 13.650360 -451.988956
v -534.168767 7.983419 -451.988956
v -575.258672 6.538055 -451.988956
v -616.348577 6.538055 -451.988956
v -657.438482 6.538055 -451.988956
v -657.438482 -6.538055 -451.988956
v -616.348577 -6.538055 -451.988956
v -575.258672 -6.538055 -451.988956
v -534.168767 -5.159503 -451.988956
v -493.078861 0.408882 -451.988956
v -451.988956 6.327863 -451.988956
v -410.899051 8.803123 -451.988956
v -369.809146 6.327863 -451.988956
v -328.719241 0.408882 -451.988956
v -287.629336 -5.159503 -451.988956
v -246.539431 -6.538055 -451.988956
v -205.449526 -6.538055 -451.988956
v -164.359620 -7.434555 -451.988956
v -123.269715 -11.990982 -451.988956
v -82.179810 -18.453459 -451.988956
v -41.089905 -23.967120 -451.988956
v 0.000000 -26.117889 -451.988956
v 41.089905 -23.967120 -451.988956
v 82.179810 -18.453459 -451.988956
v 123.269715 -11.990982 -451.988956
v 164.359620 -7.434555 -451.988956
v 205.449526 -5.096850 -451.988956
v 246.539431 0.923124 -451.988956
v 287.629336 7.280250 -451.988956
v 328.719241 9.938735 -451.988956
v 369.809146 7.280250 -451.988956
v 410.899051 0.923124 -451.988956
v 451.988956 -5.096850 -451.988956
v 493.078861 -6.538055 -451.988956
v 534.168767 -6.538055 -451.988956
v 575.258672 -6.538055 -451.988956
v 616.348577 -6.538055 -451.988956
v 657.438482 -6.538055 -451.988956
v 657.438482 6.538055 -534.168767
v 616.348577 6.538055 -534.168767
v 575.258672 6.538055 -534.168767
v 534.168767 6.538055 -534.168767
v 493.078861 6.538055 -534.168767
v 451.988956 6.538055 -534.168767
v 410.899051 6.538055 -534.168767
v 369.809146 6.538055 -534.168767
v 328.719241 6.538055 -534.168767
v 287.629336 6.538055 -534.168767
v 246.539431 6.538055 -534.168767
v 205.449526 6.538055 -534.168767
v 164.359620 6.538055 -534.168767
v 123.269715 5.925470 -534.168767
v 82.179810 3.523665 -534.168767
v 41.089905 0.987661 -534.168767
v 0.000000 -0.076550 -534.168767
v -41.089905 0.987661 -534.168767
v -82.179810 3.523665 -534.168767
v -123.269715 5.925470 -534.168767
v -164.359620 6.538055 -534.168767
v -205.449526 6.538055 -534.168767
v -246.539431 6.538055 -534.168767
v -287.629336 6.538055 -534.168767
v -328.719241 6.538055 -534.168767
v -369.809146 6.538055 -534.168767
v -410.899051 6.538055 -534.168767
v -451.988956 6.538055 -534.168767
v -493.078861 6.538055 -534.168767
v -534.168767 6.538055 -534.168767
v -575.258672 6.538055 -534.168767
v -616.348577 6.538055 -534.168767
v -657.438482 6.538055 -534.168767
v -657.438482 -6.538055 -534.168767
v -616.348577 -6.538055 -534.168767
v -575.258672 -6.538055 -534.168767
v -534.168767 -6.538055 -534.168767
v -493.078861 -6.538055 -534.168767
v -451.988956 -6.538055 -534.168767
v -410.899051 -6.538055 -534.168767
v -369.809146 -6.538055 -534.168767
v -328.719241 -6.538055 -534.168767
v -287.629336 -6.538055 -534.168767
v -246.539431 -6.538055 -534.168767
v -205.449526 -6.538055 -534.168767
v -164.359620 -6.538055 -534.168767
v -123.269715 -7.122324 -534.168767
v -82.179810 -9.482357 -534.168767
v -41.089905 -11.990982 -534.168767
v 0.000000 -13.040065 -534.168767
v 41.089905 -11.990982 -534.168767
v 82.179810 -9.482357 -534.168767
v 123.269715 -7.122324 -534.168767
v 164.359620 -6.538055 -534.168767
v 205.449526 -6.538055 -534.168767
v 246.539431 -6.538055 -534.168767
v 287.629336 -6.538055 -534.168767
v 328.719241 -6.538055 -534.168767
v 369.809146 -6.538055 -534.168767
v 410.899051 -6.538055 -534.168767
v 451.988956 -6.538055 -534.168767
v 493.078861 -6.538055 -534.168767
v 534.168767 -6.538055 -534.168767
v 575.258672 -6.538055 -534.168767
v 616.348577 -6.538055 -534.168767
v 657.438482 -6.538055 -534.168767
v 657.438482 -6.538055 -616.348577
v 616.348577 -6.538055 -616.348577
v 575.258672 -6.538055 -616.348577
v 534.168767 -6.538055 -616.348577
v 493.078861 -6.538055 -616.348577
v 451.988956 -6.538055 -616.348577
v 410.899051 -6.538055 -616.348577
v 369.809146 -6.538055 -616.348577
v 328.719241 -6.538055 -616.348577
v 287.629336 -6.538055 -616.348577
v 246.539431 -6.538055 -616.348577
v 205.449526 -6.538055 -616.348577
v 164.359620 -6.538055 -616.348577
v 123.269715 -6.538055 -616.348577
v 82.179810 -6.538055 -616.348577
v 41.089905 -6.538055 -616.348577
v 0.000000 -6.538055 -616.348577
v -41.089905 -6.538055 -616.348577
v -82.179810 -6.538055 -616.348577
v -123.269715 -6.538055 -616.348577
v -164.359620 -6.538055 -616.348577
v -205.449526 -6.538055 -616.348577
v -246.539431 -6.538055 -616.348577
v -287.629336 -6.538055 -616.348577
v -328.719241 -6.538055 -616.348577
v -369.809146 -6.538055 -616.348577
v -410.899051 -6.538055 -616.348577
v -451.988956 -6.538055 -616.348577
v -493.078861 -6.538055 -616.348577
v -534.168767 -6.538055 -616.348577
v -575.258672 -6.538055 -616.348577
v -616.348577 -6.538055 -616.348577
v -657.438482 -6.538055 -616.348577
v -657.438482 6.538055 -616.348577
v -616.348577 6.538055 -616.348577
v -575.258672 6.538055 -616.348577
v -534.168767 6.538055 -616.348577
v -493.078861 6.538055 -616.348577
v -451.988956 6.538055 -616.348577
v -410.899051 6.538055 -616.348577
v -369.809146 6.538055 -616.348577
v -328.719241 6.538055 -616.348577
v -287.629336 6.538055 -616.348577
v -246.539431 6.538055 -616.348577
v -205.449526 6.538055 -616.348577
v -164.359620 6.538055 -616.348577
v -123.269715 6.538055 -616.348577
v -82.179810 6.538055 -616.348577
v -41.089905 6.538055 -616.348577
v 0.000000 6.538055 -616.348577
v 41.089905 6.538055 -616.348577
v 82.179810 6.538055 -616.348577
v 123.269715 6.538055 -616.348577
v 164.359620 6.538055 -616.348577
v 205.449526 6.538055 -616.348577
v 246.539431 6.538055 -616.348577
v 287.629336 6.538055 -616.348577
v 328.719241 6.538055 -616.348577
v 369.809146 6.538055 -616.348577
v 410.899051 6.538055 -616.348577
v 451.988956 6.538055 -616.348577
v 493.078861 6.538055 -616.348577
v 534.168767 6.538055 -616.348577
v 575.258672 6.538055 -616.348577
v 616.348577 6.538055 -616.348577
v 657.438482 6.538055 -616.348577
vt 0.590998 0.500010
vt 0.000143 0.024464
vt 0.595705 0.484303
vt 0.003628 0.504448
vt 0.019029 0.519663
vt 0.596234 0.515548
vt 0.604422 0.999852
vt 0.021103 0.999688
vt 0.495427 0.018747
vt 0.495498 0.003415
vt 0.015312 0.009003
vt 0.015456 0.024314
vt 0.003561 0.502909
vt 0.605161 0.984375
vt 0.610133 0.984366
vt 0.497438 0.500171
vt 0.250209 0.501995
vt 0.591479 0.234340
vt 0.265787 0.517183
vt 0.250333 0.517307
vt 0.496433 0.250470
vt 0.252825 0.997090
vt 0.268291 0.997080
vt 0.496667 0.265930
vt 0.001463 0.255712
vt 0.016775 0.255595
vt 0.016896 0.271047
vt 0.001582 0.271167
vt 0.126376 0.503279
vt 0.593592 0.359322
vt 0.141891 0.518379
vt 0.126467 0.518590
vt 0.495130 0.126827
vt 0.129140 0.997727
vt 0.144606 0.997566
vt 0.495201 0.142289
vt 0.000782 0.131897
vt 0.016092 0.131747
vt 0.016127 0.147170
vt 0.000820 0.147320
vt 0.188244 0.502495
vt 0.592536 0.296831
vt 0.203872 0.517645
vt 0.188353 0.517788
vt 0.495603 0.188650
vt 0.190983 0.997239
vt 0.206440 0.997181
vt 0.495787 0.204101
vt 0.000982 0.193757
vt 0.016275 0.193625
vt 0.016379 0.209140
vt 0.001082 0.209265
vt 0.064910 0.503981
vt 0.594649 0.421812
vt 0.080343 0.519145
vt 0.065002 0.519296
vt 0.495192 0.064970
vt 0.067300 0.998728
vt 0.082746 0.998441
vt 0.495133 0.080427
vt 0.000504 0.070434
vt 0.015819 0.070284
vt 0.015911 0.085625
vt 0.000597 0.085775
vt 0.373983 0.500771
vt 0.589366 0.109359
vt 0.389594 0.515949
vt 0.374091 0.516071
vt 0.498542 0.374368
vt 0.376783 0.997232
vt 0.392321 0.997191
vt 0.498753 0.389899
vt 0.002214 0.379486
vt 0.017513 0.379349
vt 0.017640 0.394850
vt 0.002340 0.394988
vt 0.312026 0.501410
vt 0.327498 0.501240
vt 0.327611 0.516547
vt 0.312141 0.516720
vt 0.497450 0.312322
vt 0.314703 0.997128
vt 0.330196 0.997170
vt 0.497736 0.327807
vt 0.001861 0.317530
vt 0.017171 0.317402
vt 0.017245 0.332872
vt 0.001938 0.333002
vt 0.435925 0.500408
vt 0.588310 0.046868
vt 0.451452 0.515662
vt 0.436025 0.515714
vt 0.499232 0.436350
vt 0.438785 0.996917
vt 0.454204 0.996809
vt 0.499375 0.451768
vt 0.002836 0.441411
vt 0.018142 0.441269
vt 0.018333 0.456692
vt 0.003024 0.456835
vt 0.438613 0.750296
vt 0.454032 0.749856
vt 0.453948 0.765323
vt 0.438492 0.765645
vt 0.375483 0.751434
vt 0.391423 0.751579
vt 0.391469 0.766487
vt 0.375655 0.766406
vt 0.313061 0.749913
vt 0.328460 0.750218
vt 0.328719 0.765547
vt 0.313268 0.765315
vt 0.251821 0.749520
vt 0.267114 0.749546
vt 0.267272 0.765022
vt 0.251981 0.765016
vt 0.190464 0.749575
vt 0.205825 0.749578
vt 0.206085 0.765139
vt 0.190813 0.765104
vt 0.128678 0.749466
vt 0.144200 0.749533
vt 0.144717 0.764939
vt 0.129240 0.764841
vt 0.065260 0.749492
vt 0.081211 0.749351
vt 0.081231 0.766211
vt 0.065348 0.766043
vt 0.600195 0.749889
vt 0.018370 0.749944
vt 0.017789 0.765469
vt 0.600460 0.765511
vt 0.260861 0.003820
vt 0.595224 0.749973
vt 0.261176 0.019160
vt 0.245667 0.019992
vt 0.246109 0.082816
vt 0.245995 0.066872
vt 0.262507 0.066680
vt 0.262926 0.082563
vt 0.247257 0.145784
vt 0.246954 0.130267
vt 0.262327 0.130578
vt 0.262661 0.146054
vt 0.248265 0.207407
vt 0.248020 0.192047
vt 0.263546 0.192150
vt 0.263822 0.207421
vt 0.249206 0.268688
vt 0.248938 0.253397
vt 0.264431 0.253314
vt 0.264679 0.268603
vt 0.250843 0.330017
vt 0.250298 0.314625
vt 0.265697 0.314591
vt 0.266170 0.330037
vt 0.253194 0.392959
vt 0.252785 0.377024
vt 0.267764 0.376950
vt 0.268077 0.392766
vt 0.252462 0.455561
vt 0.252648 0.440146
vt 0.267997 0.439777
vt 0.267927 0.455232
vt 0.500008 0.749125
vt 0.252477 0.501539
vt 0.604686 0.734377
vt 0.609658 0.734368
vt 0.437644 0.622821
vt 0.453049 0.623118
vt 0.453435 0.638659
vt 0.438047 0.638325
vt 0.374632 0.622228
vt 0.390532 0.621952
vt 0.390596 0.638590
vt 0.374807 0.638687
vt 0.312383 0.624287
vt 0.327743 0.623831
vt 0.327558 0.639299
vt 0.312271 0.639814
vt 0.251282 0.625487
vt 0.266531 0.625233
vt 0.266521 0.640795
vt 0.251265 0.641071
vt 0.189042 0.625358
vt 0.204041 0.625392
vt 0.204462 0.641023
vt 0.189151 0.640986
vt 0.126724 0.626585
vt 0.142401 0.626438
vt 0.142400 0.642022
vt 0.126907 0.642080
vt 0.065461 0.626856
vt 0.080794 0.626779
vt 0.080873 0.642180
vt 0.065519 0.642242
vt 0.598082 0.624907
vt 0.019475 0.627083
vt 0.019499 0.642438
vt 0.598347 0.640530
vt 0.138029 0.007528
vt 0.593111 0.624991
vt 0.138208 0.022842
vt 0.122856 0.023060
vt 0.123531 0.084373
vt 0.123365 0.069042
vt 0.138749 0.068855
vt 0.138931 0.084207
vt 0.124167 0.145964
vt 0.124064 0.130298
vt 0.139556 0.130233
vt 0.139745 0.145717
vt 0.124105 0.207609
vt 0.123836 0.192606
vt 0.139460 0.192466
vt 0.139737 0.207775
vt 0.124926 0.270069
vt 0.124937 0.254817
vt 0.140513 0.254551
vt 0.140482 0.269810
vt 0.124510 0.331300
vt 0.124715 0.315933
vt 0.140234 0.315572
vt 0.139965 0.330865
vt 0.123641 0.394123
vt 0.123675 0.378221
vt 0.140027 0.378102
vt 0.140155 0.393917
vt 0.125802 0.456593
vt 0.125270 0.441199
vt 0.140757 0.441373
vt 0.141346 0.456731
vt 0.499017 0.623377
vt 0.126769 0.502548
vt 0.604923 0.859376
vt 0.609896 0.859367
vt 0.436487 0.561607
vt 0.451926 0.561610
vt 0.452148 0.576943
vt 0.436703 0.576898
vt 0.374398 0.561853
vt 0.389949 0.561720
vt 0.390079 0.576908
vt 0.374488 0.577051
vt 0.312407 0.562701
vt 0.327860 0.562475
vt 0.327899 0.577791
vt 0.312456 0.578055
vt 0.250806 0.563345
vt 0.266189 0.563243
vt 0.266323 0.578669
vt 0.250993 0.578777
vt 0.188655 0.564011
vt 0.204211 0.563807
vt 0.204076 0.579786
vt 0.188754 0.580098
vt 0.126559 0.564608
vt 0.141936 0.564337
vt 0.142008 0.579840
vt 0.126538 0.580021
vt 0.065220 0.565325
vt 0.080547 0.565184
vt 0.080602 0.580566
vt 0.065281 0.580695
vt 0.597026 0.562416
vt 0.019263 0.565663
vt 0.019328 0.581013
vt 0.597290 0.578039
vt 0.076644 0.008334
vt 0.592054 0.562501
vt 0.076797 0.023643
vt 0.061450 0.023821
vt 0.061946 0.085103
vt 0.061843 0.069777
vt 0.077211 0.069594
vt 0.077325 0.084915
vt 0.062080 0.146492
vt 0.062105 0.131115
vt 0.077514 0.130853
vt 0.077576 0.146316
vt 0.062531 0.208750
vt 0.062487 0.193195
vt 0.078561 0.193039
vt 0.078495 0.208366
vt 0.062954 0.270716
vt 0.062813 0.255333
vt 0.078243 0.255272
vt 0.078378 0.270603
vt 0.063171 0.332392
vt 0.063149 0.316937
vt 0.078500 0.316742
vt 0.078485 0.332188
vt 0.063415 0.394480
vt 0.063298 0.378931
vt 0.078496 0.378781
vt 0.078605 0.394371
vt 0.064283 0.456442
vt 0.064038 0.441008
vt 0.079331 0.440983
vt 0.079617 0.456422
vt 0.498007 0.561526
vt 0.064915 0.502516
vt 0.605042 0.921876
vt 0.610014 0.921866
vt 0.438086 0.686545
vt 0.454113 0.686467
vt 0.454181 0.702526
vt 0.438342 0.702587
vt 0.376812 0.686833
vt 0.390261 0.686770
vt 0.390495 0.700484
vt 0.376492 0.700904
vt 0.312072 0.687153
vt 0.327909 0.687066
vt 0.327961 0.703020
vt 0.312241 0.703042
vt 0.251274 0.687604
vt 0.266568 0.687469
vt 0.266662 0.703017
vt 0.251364 0.703091
vt 0.189563 0.688141
vt 0.205068 0.688033
vt 0.205203 0.703365
vt 0.189738 0.703440
vt 0.127533 0.688213
vt 0.143021 0.688210
vt 0.143252 0.703529
vt 0.127742 0.703538
vt 0.065625 0.688334
vt 0.081089 0.688289
vt 0.081137 0.703614
vt 0.065612 0.703665
vt 0.599139 0.687398
vt 0.019411 0.688471
vt 0.019288 0.703809
vt 0.599403 0.703021
vt 0.199327 0.006322
vt 0.594167 0.687482
vt 0.199559 0.021655
vt 0.184226 0.022020
vt 0.185039 0.083682
vt 0.184840 0.068224
vt 0.200168 0.067964
vt 0.200365 0.083484
vt 0.185930 0.145597
vt 0.185692 0.130113
vt 0.201020 0.130073
vt 0.201251 0.145581
vt 0.186728 0.207626
vt 0.186589 0.192125
vt 0.201889 0.192056
vt 0.202058 0.207518
vt 0.187141 0.269118
vt 0.187031 0.253826
vt 0.202516 0.253671
vt 0.202686 0.268967
vt 0.187714 0.330416
vt 0.187549 0.314610
vt 0.203435 0.314530
vt 0.203669 0.330224
vt 0.188408 0.392682
vt 0.188258 0.379313
vt 0.202297 0.378754
vt 0.202096 0.392734
vt 0.189120 0.456706
vt 0.188946 0.440792
vt 0.205025 0.440762
vt 0.205177 0.456508
vt 0.499918 0.686234
vt 0.189614 0.502446
vt 0.604804 0.796877
vt 0.609777 0.796867
vt 0.439301 0.873621
vt 0.454516 0.873513
vt 0.454507 0.889067
vt 0.439278 0.889235
vt 0.376940 0.874094
vt 0.391565 0.873988
vt 0.391776 0.888823
vt 0.376908 0.888689
vt 0.313839 0.873609
vt 0.329810 0.873835
vt 0.330084 0.889351
vt 0.314145 0.889274
vt 0.252618 0.873812
vt 0.267897 0.873719
vt 0.267917 0.889263
vt 0.252663 0.889356
vt 0.191357 0.874099
vt 0.206635 0.873981
vt 0.206565 0.889487
vt 0.191170 0.889590
vt 0.128450 0.874094
vt 0.144933 0.874254
vt 0.144590 0.889753
vt 0.128221 0.889414
vt 0.064527 0.875534
vt 0.080968 0.874459
vt 0.081192 0.889656
vt 0.065003 0.890797
vt 0.602309 0.874870
vt 0.016285 0.877020
vt 0.017165 0.892525
vt 0.602573 0.890493
vt 0.388264 0.001136
vt 0.597337 0.874954
vt 0.388216 0.016457
vt 0.372690 0.015801
vt 0.371107 0.080553
vt 0.371954 0.064065
vt 0.387247 0.064286
vt 0.386363 0.080508
vt 0.371934 0.144578
vt 0.371517 0.128119
vt 0.386836 0.127618
vt 0.387424 0.143972
vt 0.372634 0.206252
vt 0.372510 0.190976
vt 0.387992 0.190539
vt 0.388133 0.205931
vt 0.373336 0.267507
vt 0.373197 0.252221
vt 0.388731 0.252023
vt 0.388877 0.267280
vt 0.374422 0.329378
vt 0.373950 0.313437
vt 0.389614 0.313499
vt 0.389942 0.329418
vt 0.375570 0.391141
vt 0.375442 0.376504
vt 0.390046 0.376237
vt 0.390415 0.391110
vt 0.376107 0.454057
vt 0.375970 0.438843
vt 0.391577 0.438569
vt 0.391656 0.453799
vt 0.500321 0.873220
vt 0.376552 0.499863
vt 0.604448 0.609379
vt 0.609421 0.609369
vt 0.438613 0.811628
vt 0.454036 0.811542
vt 0.454160 0.826969
vt 0.438792 0.827005
vt 0.376023 0.811705
vt 0.391812 0.811715
vt 0.391966 0.827386
vt 0.376331 0.827512
vt 0.313404 0.811565
vt 0.328730 0.811522
vt 0.328557 0.826690
vt 0.313330 0.826847
vt 0.252337 0.811590
vt 0.267540 0.811553
vt 0.267583 0.827085
vt 0.252389 0.827132
vt 0.191733 0.811601
vt 0.206763 0.811573
vt 0.206860 0.827190
vt 0.191803 0.827243
vt 0.129914 0.812408
vt 0.146573 0.811818
vt 0.146979 0.827488
vt 0.130103 0.828039
vt 0.067099 0.814716
vt 0.081510 0.815061
vt 0.081447 0.828784
vt 0.066736 0.829069
vt 0.601252 0.812379
vt 0.015759 0.813267
vt 0.015340 0.829433
vt 0.601516 0.828002
vt 0.324583 0.000343
vt 0.596280 0.812463
vt 0.325063 0.015606
vt 0.308906 0.016309
vt 0.311772 0.081992
vt 0.311170 0.067595
vt 0.325537 0.066952
vt 0.325528 0.081837
vt 0.309517 0.147203
vt 0.309821 0.130591
vt 0.325451 0.130528
vt 0.325185 0.147385
vt 0.310250 0.207369
vt 0.310038 0.192339
vt 0.325675 0.192165
vt 0.325863 0.207220
vt 0.311195 0.268140
vt 0.310991 0.252938
vt 0.326528 0.252746
vt 0.326722 0.267940
vt 0.312130 0.329330
vt 0.311929 0.314003
vt 0.327205 0.313693
vt 0.327292 0.328915
vt 0.313326 0.392371
vt 0.313067 0.376590
vt 0.328860 0.376640
vt 0.328987 0.392273
vt 0.314144 0.454577
vt 0.313983 0.439156
vt 0.329361 0.439085
vt 0.329570 0.454452
vt 0.500074 0.811206
vt 0.314548 0.500613
vt 0.604567 0.671878
vt 0.609539 0.671868
vt 0.438914 0.935619
vt 0.454281 0.935448
vt 0.454219 0.950820
vt 0.438827 0.950965
vt 0.376774 0.936292
vt 0.392432 0.936206
vt 0.392355 0.951405
vt 0.376761 0.951471
vt 0.314525 0.935789
vt 0.329976 0.935921
vt 0.330075 0.951246
vt 0.314598 0.951158
vt 0.252727 0.935484
vt 0.268118 0.935503
vt 0.268206 0.951022
vt 0.252748 0.951022
vt 0.190871 0.935891
vt 0.206340 0.935809
vt 0.206327 0.951199
vt 0.190868 0.951258
vt 0.128784 0.936474
vt 0.144381 0.936266
vt 0.144376 0.951606
vt 0.128814 0.951794
vt 0.065956 0.937586
vt 0.081643 0.937267
vt 0.081975 0.952548
vt 0.066384 0.952855
vt 0.603365 0.937361
vt 0.019417 0.938551
vt 0.019954 0.953828
vt 0.603629 0.952983
vt 0.449641 0.002969
vt 0.598393 0.937445
vt 0.449555 0.018316
vt 0.434272 0.018011
vt 0.433944 0.080255
vt 0.434021 0.064566
vt 0.449298 0.064756
vt 0.449232 0.080348
vt 0.433913 0.143005
vt 0.433875 0.127403
vt 0.449193 0.127195
vt 0.449251 0.142761
vt 0.434432 0.204969
vt 0.434270 0.189501
vt 0.449631 0.189255
vt 0.449817 0.204713
vt 0.435106 0.266741
vt 0.434844 0.251352
vt 0.450376 0.251126
vt 0.450619 0.266580
vt 0.436494 0.328573
vt 0.436119 0.313128
vt 0.451485 0.312955
vt 0.451818 0.328425
vt 0.437773 0.390993
vt 0.437608 0.375342
vt 0.452785 0.375086
vt 0.452970 0.390673
vt 0.438022 0.452834
vt 0.437944 0.437467
vt 0.453286 0.437134
vt 0.453391 0.452526
vt 0.500263 0.935126
vt 0.438445 0.498814
vt 0.604330 0.546879
vt 0.609302 0.546870
vt 0.034255 0.504240
vt 0.595177 0.453058
vt 0.049670 0.519432
vt 0.034346 0.519553
vt 0.034642 0.580916
vt 0.034578 0.565561
vt 0.049897 0.565449
vt 0.049960 0.580811
vt 0.034828 0.642372
vt 0.034797 0.627009
vt 0.050126 0.626933
vt 0.050169 0.642307
vt 0.034678 0.703772
vt 0.034779 0.688430
vt 0.050185 0.688384
vt 0.050122 0.703722
vt 0.033240 0.765342
vt 0.033825 0.749848
vt 0.049427 0.749663
vt 0.049201 0.765534
vt 0.031801 0.829521
vt 0.032643 0.813592
vt 0.050520 0.814131
vt 0.049491 0.829401
vt 0.032564 0.892285
vt 0.031574 0.876908
vt 0.047605 0.876511
vt 0.048522 0.891781
vt 0.035367 0.953499
vt 0.034848 0.938224
vt 0.050361 0.937901
vt 0.050846 0.953173
vt 0.495350 0.034120
vt 0.036470 0.999366
vt 0.051872 0.999043
vt 0.495268 0.049532
vt 0.434185 0.033447
vt 0.449466 0.033731
vt 0.449379 0.049212
vt 0.434100 0.048967
vt 0.372817 0.031082
vt 0.388213 0.031852
vt 0.387966 0.047801
vt 0.372682 0.047088
vt 0.309498 0.033144
vt 0.325418 0.032010
vt 0.325585 0.049647
vt 0.310318 0.050972
vt 0.245833 0.035446
vt 0.261312 0.034610
vt 0.261753 0.050552
vt 0.245910 0.051047
vt 0.184436 0.037386
vt 0.199775 0.037040
vt 0.199976 0.052478
vt 0.184639 0.052789
vt 0.123027 0.038381
vt 0.138388 0.038169
vt 0.138569 0.053508
vt 0.123197 0.053709
vt 0.061591 0.039135
vt 0.076944 0.038957
vt 0.077083 0.054274
vt 0.061723 0.054454
vt 0.000276 0.039781
vt 0.015589 0.039630
vt 0.015711 0.054953
vt 0.000397 0.055103
vt 0.095607 0.503662
vt 0.594120 0.390567
vt 0.111071 0.518791
vt 0.095699 0.518976
vt 0.095920 0.580417
vt 0.095878 0.565023
vt 0.111214 0.564834
vt 0.111233 0.580241
vt 0.096227 0.642125
vt 0.096121 0.626703
vt 0.111430 0.626637
vt 0.111573 0.642086
vt 0.096678 0.703576
vt 0.096566 0.688251
vt 0.112049 0.688226
vt 0.112216 0.703552
vt 0.097112 0.765837
vt 0.097171 0.749332
vt 0.113030 0.749368
vt 0.113261 0.765145
vt 0.095488 0.828852
vt 0.095607 0.814621
vt 0.112036 0.813539
vt 0.111900 0.828634
vt 0.096710 0.888939
vt 0.096603 0.873870
vt 0.112274 0.873861
vt 0.112162 0.888987
vt 0.097593 0.952270
vt 0.097373 0.936978
vt 0.113101 0.936707
vt 0.113214 0.952014
vt 0.495098 0.095892
vt 0.098208 0.998170
vt 0.113674 0.997932
vt 0.495096 0.111360
vt 0.433866 0.111718
vt 0.433895 0.095988
vt 0.449190 0.095970
vt 0.449174 0.111594
vt 0.371029 0.111925
vt 0.370771 0.096206
vt 0.385887 0.096077
vt 0.386166 0.111559
vt 0.310665 0.112712
vt 0.311530 0.096207
vt 0.325772 0.095791
vt 0.325766 0.112243
vt 0.246620 0.114619
vt 0.246339 0.098768
vt 0.262800 0.098454
vt 0.262372 0.114607
vt 0.185464 0.114633
vt 0.185246 0.099155
vt 0.200573 0.099019
vt 0.200792 0.114551
vt 0.123874 0.115005
vt 0.123699 0.099698
vt 0.139119 0.099557
vt 0.139322 0.114901
vt 0.062085 0.115769
vt 0.062030 0.100434
vt 0.077421 0.100233
vt 0.077489 0.115546
vt 0.000673 0.101130
vt 0.015988 0.100980
vt 0.016047 0.116352
vt 0.000734 0.116502
vt 0.157255 0.502865
vt 0.593064 0.328076
vt 0.172840 0.517964
vt 0.157349 0.518166
vt 0.157778 0.579894
vt 0.157480 0.564165
vt 0.173101 0.564117
vt 0.173432 0.580084
vt 0.158181 0.641714
vt 0.158409 0.626087
vt 0.174041 0.625648
vt 0.173835 0.641264
vt 0.158755 0.703514
vt 0.158521 0.688207
vt 0.174038 0.688190
vt 0.174251 0.703487
vt 0.160095 0.764979
vt 0.159647 0.749545
vt 0.175067 0.749556
vt 0.175476 0.765033
vt 0.161883 0.827354
vt 0.161687 0.811670
vt 0.176684 0.811640
vt 0.176786 0.827314
vt 0.160475 0.889805
vt 0.160852 0.874265
vt 0.176124 0.874197
vt 0.175843 0.889704
vt 0.159901 0.951457
vt 0.159922 0.936106
vt 0.175413 0.935982
vt 0.175396 0.951343
vt 0.495305 0.157746
vt 0.160069 0.997429
vt 0.175527 0.997321
vt 0.495441 0.173200
vt 0.434117 0.174042
vt 0.433997 0.158549
vt 0.449344 0.158287
vt 0.449472 0.173783
vt 0.372367 0.175744
vt 0.372194 0.160477
vt 0.387722 0.159844
vt 0.387863 0.175211
vt 0.309835 0.177292
vt 0.309622 0.162298
vt 0.325303 0.162257
vt 0.325504 0.177153
vt 0.247759 0.176652
vt 0.247508 0.161232
vt 0.262939 0.161434
vt 0.263235 0.176815
vt 0.186395 0.176605
vt 0.186169 0.161093
vt 0.201478 0.161080
vt 0.201693 0.176573
vt 0.123886 0.177596
vt 0.124073 0.161963
vt 0.139691 0.161492
vt 0.139494 0.177146
vt 0.062348 0.177645
vt 0.062152 0.162031
vt 0.077876 0.162073
vt 0.078307 0.177717
vt 0.000860 0.162774
vt 0.016161 0.162627
vt 0.016206 0.178114
vt 0.000910 0.178256
vt 0.219256 0.502225
vt 0.592007 0.265586
vt 0.234866 0.517418
vt 0.219379 0.517527
vt 0.219731 0.579288
vt 0.219840 0.563540
vt 0.235401 0.563395
vt 0.235507 0.578916
vt 0.220095 0.641226
vt 0.219660 0.625562
vt 0.235643 0.625630
vt 0.235834 0.641277
vt 0.220633 0.703276
vt 0.220527 0.687897
vt 0.235928 0.687749
vt 0.236021 0.703181
vt 0.221347 0.765115
vt 0.221166 0.749559
vt 0.236503 0.749528
vt 0.236655 0.765057
vt 0.221976 0.827176
vt 0.221848 0.811581
vt 0.237067 0.811599
vt 0.237180 0.827173
vt 0.222026 0.889428
vt 0.221987 0.873903
vt 0.237328 0.873873
vt 0.237411 0.889401
vt 0.221805 0.951137
vt 0.221854 0.935690
vt 0.237330 0.935558
vt 0.237287 0.951064
vt 0.495990 0.219554
vt 0.221898 0.997138
vt 0.237360 0.997108
vt 0.496207 0.235010
vt 0.434674 0.235956
vt 0.434560 0.220480
vt 0.449999 0.220188
vt 0.450173 0.235668
vt 0.373012 0.236938
vt 0.372799 0.221601
vt 0.388318 0.221389
vt 0.388534 0.236770
vt 0.310758 0.237670
vt 0.310498 0.222454
vt 0.326089 0.222335
vt 0.326327 0.237537
vt 0.248703 0.238082
vt 0.248490 0.222747
vt 0.264041 0.222683
vt 0.264227 0.237990
vt 0.186932 0.238482
vt 0.186836 0.223083
vt 0.202213 0.222946
vt 0.202362 0.238330
vt 0.124834 0.239188
vt 0.124517 0.223220
vt 0.140181 0.223399
vt 0.140476 0.239126
vt 0.062620 0.239932
vt 0.062516 0.224376
vt 0.078251 0.224022
vt 0.078135 0.239793
vt 0.001204 0.224764
vt 0.016506 0.224645
vt 0.016642 0.240129
vt 0.001334 0.240246
vt 0.281114 0.501729
vt 0.590951 0.203095
vt 0.296684 0.516888
vt 0.281234 0.517043
vt 0.281674 0.578504
vt 0.281578 0.563095
vt 0.296982 0.562911
vt 0.297050 0.578296
vt 0.281773 0.640519
vt 0.281791 0.624964
vt 0.297073 0.624657
vt 0.297021 0.640205
vt 0.281913 0.702973
vt 0.281806 0.687351
vt 0.296970 0.687246
vt 0.297104 0.702974
vt 0.282561 0.765067
vt 0.282409 0.749605
vt 0.297720 0.749719
vt 0.297888 0.765163
vt 0.282897 0.827055
vt 0.282843 0.811565
vt 0.298149 0.811583
vt 0.298163 0.826973
vt 0.283296 0.889181
vt 0.283197 0.873649
vt 0.298490 0.873610
vt 0.298710 0.889192
vt 0.283679 0.951061
vt 0.283581 0.935594
vt 0.299075 0.935694
vt 0.299146 0.951104
vt 0.496913 0.281390
vt 0.283757 0.997081
vt 0.299225 0.997097
vt 0.497174 0.296852
vt 0.435782 0.297686
vt 0.435439 0.282198
vt 0.450902 0.282048
vt 0.451188 0.297509
vt 0.373714 0.298102
vt 0.373511 0.282808
vt 0.389039 0.282658
vt 0.389292 0.298070
vt 0.311709 0.298748
vt 0.311450 0.283443
vt 0.326936 0.283253
vt 0.327097 0.298518
vt 0.249862 0.299287
vt 0.249508 0.283980
vt 0.264967 0.283890
vt 0.265303 0.299214
vt 0.187402 0.299515
vt 0.187265 0.284354
vt 0.202884 0.284215
vt 0.203126 0.299402
vt 0.124839 0.300618
vt 0.124901 0.285332
vt 0.140450 0.285065
vt 0.140380 0.300317
vt 0.063112 0.301510
vt 0.063051 0.286105
vt 0.078457 0.285956
vt 0.078494 0.301334
vt 0.001687 0.286617
vt 0.017001 0.286494
vt 0.017092 0.301944
vt 0.001779 0.302069
vt 0.342983 0.501072
vt 0.589894 0.140604
vt 0.358589 0.516215
vt 0.343094 0.516376
vt 0.343384 0.577519
vt 0.343343 0.562247
vt 0.358859 0.562034
vt 0.358916 0.577263
vt 0.343115 0.638853
vt 0.343201 0.623287
vt 0.358835 0.622726
vt 0.358898 0.638589
vt 0.344392 0.702691
vt 0.344613 0.686983
vt 0.361586 0.686903
vt 0.361129 0.701827
vt 0.344259 0.765844
vt 0.343961 0.750628
vt 0.359641 0.751064
vt 0.359903 0.766157
vt 0.344383 0.826810
vt 0.344288 0.811522
vt 0.360154 0.811603
vt 0.360513 0.827222
vt 0.346334 0.889223
vt 0.346430 0.874076
vt 0.362316 0.874158
vt 0.362027 0.888911
vt 0.345593 0.951353
vt 0.345491 0.936102
vt 0.361107 0.936239
vt 0.361161 0.951440
vt 0.498023 0.343311
vt 0.345709 0.997210
vt 0.361241 0.997235
vt 0.498296 0.358834
vt 0.437303 0.359684
vt 0.436918 0.344080
vt 0.452170 0.343935
vt 0.452504 0.359494
vt 0.375270 0.361869
vt 0.374931 0.345977
vt 0.390078 0.345652
vt 0.390024 0.361345
vt 0.312712 0.360732
vt 0.312379 0.344880
vt 0.327650 0.344710
vt 0.328312 0.360825
vt 0.252172 0.361185
vt 0.251492 0.345513
vt 0.266709 0.345570
vt 0.267266 0.361207
vt 0.188086 0.364061
vt 0.187895 0.347055
vt 0.203620 0.346604
vt 0.203016 0.363360
vt 0.123912 0.362412
vt 0.124219 0.346768
vt 0.139764 0.346423
vt 0.139721 0.362197
vt 0.063228 0.363392
vt 0.063192 0.347877
vt 0.078463 0.347676
vt 0.078457 0.363209
vt 0.002018 0.348487
vt 0.017322 0.348354
vt 0.017409 0.363848
vt 0.002108 0.363983
vt 0.404986 0.500550
vt 0.588838 0.078113
vt 0.420569 0.515774
vt 0.405090 0.515851
vt 0.405661 0.576850
vt 0.405491 0.561643
vt 0.421007 0.561612
vt 0.421207 0.576857
vt 0.406480 0.638286
vt 0.406403 0.622086
vt 0.422111 0.622443
vt 0.422445 0.638032
vt 0.404911 0.701027
vt 0.404181 0.686705
vt 0.420580 0.686628
vt 0.421258 0.701988
vt 0.407257 0.766308
vt 0.407327 0.751309
vt 0.423061 0.750813
vt 0.422936 0.765994
vt 0.407716 0.827105
vt 0.407532 0.811694
vt 0.423121 0.811680
vt 0.423367 0.826990
vt 0.407431 0.889117
vt 0.407206 0.873863
vt 0.423469 0.873738
vt 0.423561 0.889296
vt 0.407904 0.951279
vt 0.408023 0.936039
vt 0.423504 0.935822
vt 0.423392 0.951123
vt 0.498933 0.405412
vt 0.407840 0.997120
vt 0.423330 0.997024
vt 0.499089 0.420898
vt 0.437896 0.422058
vt 0.437857 0.406578
vt 0.453096 0.406217
vt 0.453193 0.421702
vt 0.375832 0.423026
vt 0.375696 0.406776
vt 0.390955 0.406755
vt 0.391388 0.422866
vt 0.313788 0.423667
vt 0.313557 0.408083
vt 0.328962 0.408020
vt 0.329100 0.423665
vt 0.252914 0.424597
vt 0.253160 0.408865
vt 0.268154 0.408548
vt 0.268094 0.424224
vt 0.188751 0.423261
vt 0.188565 0.406663
vt 0.202934 0.407208
vt 0.204189 0.423688
vt 0.124649 0.425683
vt 0.124042 0.409990
vt 0.140121 0.409839
vt 0.140176 0.425805
vt 0.063799 0.425532
vt 0.063585 0.410019
vt 0.078795 0.409950
vt 0.079047 0.425492
vt 0.002488 0.410482
vt 0.017789 0.410342
vt 0.017958 0.425818
vt 0.002655 0.425958
vt 0.466751 0.500299
vt 0.587781 0.015623
vt 0.482206 0.515554
vt 0.466846 0.515611
vt 0.467545 0.576969
vt 0.467324 0.561605
vt 0.482682 0.561580
vt 0.482903 0.576965
vt 0.468715 0.638896
vt 0.468391 0.623303
vt 0.483707 0.623385
vt 0.483995 0.638994
vt 0.469543 0.702329
vt 0.469489 0.686389
vt 0.484655 0.686311
vt 0.484735 0.702151
vt 0.469333 0.765055
vt 0.469379 0.749524
vt 0.484699 0.749285
vt 0.484676 0.764847
vt 0.469503 0.826894
vt 0.469412 0.811435
vt 0.484755 0.811321
vt 0.484828 0.826799
vt 0.469758 0.888931
vt 0.469750 0.873409
vt 0.485024 0.873311
vt 0.485037 0.888821
vt 0.469580 0.950697
vt 0.469624 0.935309
vt 0.484950 0.935202
vt 0.484918 0.950599
vt 0.499526 0.467151
vt 0.469589 0.996711
vt 0.484941 0.996629
vt 0.499693 0.482504
vt 0.438273 0.483501
vt 0.438132 0.468176
vt 0.453517 0.467886
vt 0.453668 0.483222
vt 0.376397 0.484566
vt 0.376249 0.469292
vt 0.391767 0.469051
vt 0.391903 0.484330
vt 0.314416 0.485295
vt 0.314284 0.469952
vt 0.329741 0.469794
vt 0.329893 0.485118
vt 0.252390 0.486230
vt 0.252381 0.470910
vt 0.267909 0.470617
vt 0.267949 0.485960
vt 0.189449 0.487182
vt 0.189286 0.472019
vt 0.205212 0.471818
vt 0.205279 0.487011
vt 0.126540 0.487241
vt 0.126223 0.471928
vt 0.141816 0.472002
vt 0.142150 0.487279
vt 0.064730 0.487193
vt 0.064517 0.471836
vt 0.079883 0.471816
vt 0.080116 0.487171
vt 0.003211 0.472227
vt 0.018522 0.472082
vt 0.018705 0.487439
vt 0.003391 0.487585
vt 0.466973 0.530931
vt 0.482333 0.530880
vt 0.482492 0.546220
vt 0.467133 0.546261
vt 0.436151 0.531016
vt 0.451580 0.530973
vt 0.451737 0.546289
vt 0.436305 0.546314
vt 0.405208 0.531136
vt 0.420693 0.531066
vt 0.420838 0.546347
vt 0.405341 0.546402
vt 0.374197 0.531354
vt 0.389707 0.531230
vt 0.389824 0.546490
vt 0.374300 0.546617
vt 0.343193 0.531674
vt 0.358690 0.531504
vt 0.358781 0.546778
vt 0.343277 0.546965
vt 0.312245 0.532038
vt 0.327710 0.531855
vt 0.327795 0.547164
vt 0.312335 0.547364
vt 0.281353 0.532372
vt 0.296794 0.532212
vt 0.296894 0.547552
vt 0.281468 0.547721
vt 0.250473 0.532629
vt 0.265915 0.532512
vt 0.266050 0.547862
vt 0.250629 0.547970
vt 0.219524 0.532816
vt 0.235013 0.532727
vt 0.235189 0.548044
vt 0.219706 0.548095
vt 0.188456 0.533045
vt 0.204002 0.532915
vt 0.204151 0.548168
vt 0.188556 0.548284
vt 0.157410 0.533453
vt 0.172916 0.533234
vt 0.172965 0.548485
vt 0.157424 0.548729
vt 0.126528 0.533910
vt 0.141949 0.533685
vt 0.141965 0.548997
vt 0.126559 0.549245
vt 0.095773 0.534306
vt 0.111139 0.534118
vt 0.111185 0.549463
vt 0.095831 0.549654
vt 0.065083 0.534624
vt 0.080422 0.534475
vt 0.080489 0.549821
vt 0.065155 0.549967
vt 0.034430 0.534879
vt 0.049753 0.534759
vt 0.049828 0.550098
vt 0.034507 0.550215
vt 0.596498 0.531171
vt 0.019114 0.534987
vt 0.019192 0.550320
vt 0.596762 0.546794
vt 0.045963 0.008682
vt 0.591526 0.531255
vt 0.046110 0.023992
vt 0.030778 0.024156
vt 0.031036 0.054794
vt 0.030913 0.039472
vt 0.046247 0.039307
vt 0.046374 0.054627
vt 0.031240 0.085462
vt 0.031146 0.070124
vt 0.046487 0.069954
vt 0.046585 0.085287
vt 0.031373 0.116179
vt 0.031316 0.100813
vt 0.046663 0.100629
vt 0.046717 0.115983
vt 0.031432 0.146987
vt 0.031411 0.131567
vt 0.046744 0.131357
vt 0.046743 0.146763
vt 0.031475 0.177951
vt 0.031448 0.162447
vt 0.046723 0.162221
vt 0.046725 0.177759
vt 0.031650 0.209029
vt 0.031534 0.193487
vt 0.046772 0.193346
vt 0.046904 0.208936
vt 0.031951 0.240033
vt 0.031796 0.224547
vt 0.047078 0.224485
vt 0.047270 0.239965
vt 0.032225 0.270932
vt 0.032098 0.255491
vt 0.047439 0.255403
vt 0.047574 0.270823
vt 0.032416 0.301810
vt 0.032330 0.286369
vt 0.047678 0.286241
vt 0.047755 0.301667
vt 0.032553 0.332728
vt 0.032488 0.317262
vt 0.047813 0.317108
vt 0.047861 0.332569
vt 0.032698 0.363706
vt 0.032620 0.348210
vt 0.047911 0.348052
vt 0.047973 0.363555
vt 0.032922 0.394719
vt 0.032797 0.379212
vt 0.048061 0.379073
vt 0.048183 0.394596
vt 0.033251 0.425699
vt 0.033074 0.410218
vt 0.048342 0.410110
vt 0.048532 0.425603
vt 0.033644 0.456578
vt 0.033444 0.441154
vt 0.048742 0.441066
vt 0.048960 0.456494
vt 0.034030 0.487326
vt 0.033842 0.471969
vt 0.049172 0.471887
vt 0.049371 0.487244
vt 0.497658 0.530815
vt 0.034203 0.502650
vt 0.605101 0.953125
vt 0.610074 0.953116
vt 0.468082 0.607801
vt 0.467798 0.592363
vt 0.483150 0.592385
vt 0.483421 0.607853
vt 0.436960 0.592189
vt 0.452407 0.592294
vt 0.452705 0.607677
vt 0.437270 0.607490
vt 0.406100 0.607088
vt 0.405860 0.592006
vt 0.421446 0.592078
vt 0.421740 0.607271
vt 0.374562 0.592190
vt 0.390217 0.592030
vt 0.390366 0.607044
vt 0.374609 0.607241
vt 0.343338 0.608033
vt 0.343388 0.592781
vt 0.358942 0.592458
vt 0.358922 0.607608
vt 0.312473 0.593430
vt 0.327902 0.593115
vt 0.327857 0.608455
vt 0.312451 0.608835
vt 0.281787 0.609440
vt 0.281747 0.593952
vt 0.297091 0.593711
vt 0.297100 0.609162
vt 0.251149 0.594298
vt 0.266437 0.594148
vt 0.266514 0.609677
vt 0.251259 0.609882
vt 0.219408 0.610241
vt 0.219482 0.594926
vt 0.235482 0.594521
vt 0.235514 0.610069
vt 0.188851 0.595710
vt 0.203854 0.595401
vt 0.203780 0.610395
vt 0.188945 0.610531
vt 0.158470 0.610794
vt 0.158212 0.595507
vt 0.173845 0.595683
vt 0.174107 0.610662
vt 0.126541 0.595511
vt 0.142208 0.595415
vt 0.142351 0.610925
vt 0.126589 0.611048
vt 0.096032 0.611269
vt 0.095968 0.595835
vt 0.111261 0.595686
vt 0.111317 0.611161
vt 0.065340 0.596077
vt 0.080658 0.595963
vt 0.080721 0.611370
vt 0.065400 0.611466
vt 0.034753 0.611643
vt 0.034701 0.596278
vt 0.050020 0.596181
vt 0.050075 0.611557
vt 0.597554 0.593662
vt 0.019386 0.596368
vt 0.019435 0.611725
vt 0.597818 0.609285
vt 0.107340 0.007955
vt 0.592583 0.593746
vt 0.107503 0.023265
vt 0.092149 0.023458
vt 0.092450 0.054091
vt 0.092303 0.038773
vt 0.107665 0.038581
vt 0.107823 0.053903
vt 0.092720 0.084727
vt 0.092590 0.069410
vt 0.107977 0.069226
vt 0.108125 0.084546
vt 0.092930 0.115329
vt 0.092835 0.100036
vt 0.108266 0.099855
vt 0.108401 0.115140
vt 0.093149 0.146265
vt 0.092999 0.130610
vt 0.108530 0.130411
vt 0.108657 0.146160
vt 0.093908 0.177878
vt 0.093489 0.162253
vt 0.108781 0.162265
vt 0.108896 0.177899
vt 0.094101 0.207900
vt 0.094170 0.192888
vt 0.109000 0.192745
vt 0.109098 0.207590
vt 0.093732 0.239523
vt 0.093880 0.223531
vt 0.109193 0.223215
vt 0.109276 0.239309
vt 0.093853 0.270470
vt 0.093761 0.255182
vt 0.109339 0.255043
vt 0.109377 0.270299
vt 0.093905 0.301130
vt 0.093901 0.285782
vt 0.109384 0.285576
vt 0.109351 0.300892
vt 0.093805 0.331948
vt 0.093871 0.316516
vt 0.109271 0.316249
vt 0.109140 0.331659
vt 0.093651 0.362996
vt 0.093722 0.347439
vt 0.108971 0.347147
vt 0.108799 0.362738
vt 0.093731 0.394273
vt 0.093636 0.378617
vt 0.108688 0.378429
vt 0.108750 0.394190
vt 0.094272 0.425492
vt 0.093956 0.409912
vt 0.109043 0.409918
vt 0.109471 0.425547
vt 0.094970 0.456439
vt 0.094626 0.440999
vt 0.109931 0.441066
vt 0.110357 0.456495
vt 0.095538 0.487175
vt 0.095279 0.471826
vt 0.110719 0.471866
vt 0.111008 0.487201
vt 0.498472 0.592353
vt 0.095744 0.502495
vt 0.604982 0.890626
vt 0.609955 0.890616
vt 0.469300 0.670452
vt 0.469030 0.654607
vt 0.484264 0.654693
vt 0.484492 0.670475
vt 0.438259 0.654257
vt 0.453751 0.654428
vt 0.453940 0.670410
vt 0.438107 0.670503
vt 0.404714 0.672379
vt 0.405791 0.655927
vt 0.422038 0.654763
vt 0.421039 0.671265
vt 0.375460 0.656487
vt 0.390483 0.656689
vt 0.390312 0.673056
vt 0.376308 0.672764
vt 0.344199 0.671275
vt 0.343446 0.655026
vt 0.359711 0.655628
vt 0.360939 0.671983
vt 0.312139 0.655455
vt 0.327554 0.655102
vt 0.327773 0.671108
vt 0.312063 0.671258
vt 0.281758 0.671720
vt 0.281753 0.656106
vt 0.296964 0.655823
vt 0.296937 0.671511
vt 0.251231 0.656603
vt 0.266508 0.656354
vt 0.266518 0.671912
vt 0.251229 0.672109
vt 0.220479 0.672536
vt 0.220402 0.657022
vt 0.235906 0.656871
vt 0.235889 0.672318
vt 0.189275 0.657100
vt 0.204810 0.657036
vt 0.204975 0.672723
vt 0.189411 0.672863
vt 0.158278 0.672914
vt 0.158102 0.657461
vt 0.173728 0.657255
vt 0.173830 0.672912
vt 0.127122 0.657499
vt 0.142536 0.657535
vt 0.142787 0.672886
vt 0.127332 0.672870
vt 0.096455 0.672900
vt 0.096341 0.657525
vt 0.111730 0.657498
vt 0.111890 0.672876
vt 0.065570 0.657619
vt 0.080953 0.657568
vt 0.081026 0.672939
vt 0.065608 0.672984
vt 0.034829 0.673084
vt 0.034841 0.657731
vt 0.050198 0.657675
vt 0.050207 0.673034
vt 0.598611 0.656153
vt 0.019503 0.657788
vt 0.019477 0.673132
vt 0.598875 0.671775
vt 0.168692 0.007012
vt 0.593639 0.656237
vt 0.168893 0.022333
vt 0.153553 0.022601
vt 0.153934 0.053292
vt 0.153744 0.037939
vt 0.169093 0.037680
vt 0.169292 0.053056
vt 0.154318 0.084040
vt 0.154125 0.068661
vt 0.169489 0.068453
vt 0.169688 0.083867
vt 0.154734 0.114810
vt 0.154518 0.099424
vt 0.169894 0.099291
vt 0.170112 0.114722
vt 0.155252 0.145607
vt 0.154976 0.130199
vt 0.170348 0.130159
vt 0.170605 0.145611
vt 0.155469 0.176788
vt 0.155426 0.161166
vt 0.170873 0.161097
vt 0.171116 0.176642
vt 0.155741 0.207864
vt 0.155562 0.192332
vt 0.171312 0.192217
vt 0.171418 0.207777
vt 0.156062 0.238948
vt 0.155970 0.223449
vt 0.171476 0.223277
vt 0.171504 0.238686
vt 0.156035 0.269551
vt 0.156039 0.254273
vt 0.171541 0.254026
vt 0.171589 0.269315
vt 0.155991 0.300011
vt 0.156030 0.284798
vt 0.171639 0.284553
vt 0.171672 0.299732
vt 0.155754 0.330593
vt 0.155866 0.315189
vt 0.171659 0.314855
vt 0.171754 0.330542
vt 0.156733 0.362684
vt 0.155909 0.346458
vt 0.172161 0.346908
vt 0.173141 0.363643
vt 0.158265 0.393474
vt 0.157844 0.378430
vt 0.174209 0.379015
vt 0.174725 0.392985
vt 0.156821 0.425194
vt 0.157712 0.408866
vt 0.174212 0.407466
vt 0.173327 0.423958
vt 0.157098 0.456815
vt 0.156649 0.441376
vt 0.172871 0.441036
vt 0.173064 0.456777
vt 0.157845 0.487297
vt 0.157525 0.472065
vt 0.173361 0.472083
vt 0.173621 0.487272
vt 0.499549 0.654681
vt 0.158072 0.502581
vt 0.604864 0.828127
vt 0.609836 0.828117
vt 0.469450 0.733908
vt 0.469517 0.718184
vt 0.484752 0.717941
vt 0.484731 0.733655
vt 0.438737 0.718836
vt 0.454236 0.718515
vt 0.454166 0.734297
vt 0.438770 0.734778
vt 0.407163 0.735106
vt 0.406219 0.717469
vt 0.422496 0.718483
vt 0.423154 0.735215
vt 0.375858 0.717186
vt 0.390889 0.716848
vt 0.391253 0.734944
vt 0.375441 0.734984
vt 0.343698 0.735092
vt 0.343836 0.718936
vt 0.360109 0.718185
vt 0.359510 0.735219
vt 0.312491 0.718825
vt 0.327927 0.719013
vt 0.328110 0.734789
vt 0.312792 0.734433
vt 0.282235 0.734106
vt 0.282062 0.718562
vt 0.297296 0.718639
vt 0.297513 0.734218
vt 0.251491 0.718572
vt 0.266793 0.718548
vt 0.266949 0.734058
vt 0.251648 0.734046
vt 0.220969 0.734077
vt 0.220784 0.718669
vt 0.236155 0.718617
vt 0.236323 0.734057
vt 0.189941 0.718772
vt 0.205377 0.718722
vt 0.205586 0.734102
vt 0.190177 0.734132
vt 0.159296 0.734177
vt 0.159007 0.718837
vt 0.174483 0.718812
vt 0.174747 0.734158
vt 0.127978 0.718852
vt 0.143507 0.718849
vt 0.143814 0.734179
vt 0.128275 0.734158
vt 0.096957 0.734108
vt 0.096800 0.718867
vt 0.112408 0.718854
vt 0.112659 0.734127
vt 0.065560 0.718970
vt 0.081172 0.718902
vt 0.081196 0.734124
vt 0.065448 0.734236
vt 0.034232 0.734464
vt 0.034505 0.719114
vt 0.049998 0.719048
vt 0.049784 0.734359
vt 0.599667 0.718643
vt 0.019090 0.719154
vt 0.018792 0.734522
vt 0.599931 0.734266
vt 0.229985 0.005320
vt 0.594696 0.718727
vt 0.230256 0.020666
vt 0.214895 0.021209
vt 0.215300 0.052109
vt 0.215113 0.036623
vt 0.230455 0.036099
vt 0.230609 0.051649
vt 0.215656 0.083272
vt 0.215475 0.067665
vt 0.230741 0.067308
vt 0.230886 0.083048
vt 0.216096 0.114495
vt 0.215867 0.098893
vt 0.231114 0.098802
vt 0.231373 0.114498
vt 0.216573 0.145588
vt 0.216335 0.130061
vt 0.231643 0.130110
vt 0.231903 0.145647
vt 0.217018 0.176559
vt 0.216802 0.161086
vt 0.232141 0.161128
vt 0.232364 0.176578
vt 0.217414 0.207448
vt 0.217222 0.192015
vt 0.232580 0.192007
vt 0.232793 0.207413
vt 0.217796 0.238221
vt 0.217605 0.222852
vt 0.233012 0.222794
vt 0.233235 0.238146
vt 0.218214 0.268854
vt 0.217995 0.253555
vt 0.233467 0.253467
vt 0.233720 0.268766
vt 0.218788 0.299349
vt 0.218470 0.284120
vt 0.234010 0.284050
vt 0.234364 0.299323
vt 0.219652 0.329955
vt 0.219213 0.314539
vt 0.234819 0.314596
vt 0.235417 0.329906
vt 0.219394 0.362090
vt 0.219848 0.345837
vt 0.235970 0.345482
vt 0.236378 0.361277
vt 0.218563 0.392925
vt 0.218643 0.377865
vt 0.236442 0.377208
vt 0.236679 0.393045
vt 0.220723 0.424639
vt 0.219465 0.408316
vt 0.237078 0.408985
vt 0.237385 0.424972
vt 0.221148 0.456281
vt 0.221257 0.440829
vt 0.237155 0.440565
vt 0.236907 0.455942
vt 0.221061 0.486779
vt 0.221052 0.471541
vt 0.236771 0.471227
vt 0.236764 0.486509
vt 0.500034 0.717793
vt 0.221158 0.502062
vt 0.604745 0.765627
vt 0.609717 0.765618
vt 0.469349 0.795988
vt 0.469321 0.780535
vt 0.484675 0.780361
vt 0.484702 0.795847
vt 0.438459 0.780969
vt 0.453922 0.780741
vt 0.453953 0.796140
vt 0.438500 0.796291
vt 0.407348 0.796523
vt 0.407264 0.781384
vt 0.422910 0.781197
vt 0.422969 0.796424
vt 0.375789 0.781445
vt 0.391539 0.781480
vt 0.391644 0.796572
vt 0.375896 0.796553
vt 0.344452 0.796320
vt 0.344431 0.781066
vt 0.360081 0.781276
vt 0.360149 0.796440
vt 0.313399 0.780737
vt 0.328865 0.780882
vt 0.328871 0.796237
vt 0.313443 0.796187
vt 0.282764 0.796054
vt 0.282675 0.780540
vt 0.298011 0.780629
vt 0.298099 0.796130
vt 0.252121 0.780532
vt 0.267403 0.780501
vt 0.267484 0.796021
vt 0.252252 0.796055
vt 0.221679 0.796099
vt 0.221513 0.780642
vt 0.236785 0.780586
vt 0.236923 0.796083
vt 0.191190 0.780620
vt 0.206347 0.780663
vt 0.206579 0.796104
vt 0.191519 0.796090
vt 0.161218 0.796034
vt 0.160646 0.780482
vt 0.175945 0.780544
vt 0.176379 0.796064
vt 0.129491 0.780700
vt 0.145347 0.780436
vt 0.145970 0.796101
vt 0.129488 0.796705
vt 0.095906 0.799788
vt 0.096556 0.783352
vt 0.112817 0.781831
vt 0.112172 0.798131
vt 0.065986 0.783601
vt 0.081283 0.784126
vt 0.081375 0.800654
vt 0.066823 0.800054
vt 0.032952 0.797626
vt 0.032941 0.781380
vt 0.049673 0.782336
vt 0.050457 0.798747
vt 0.600724 0.781134
vt 0.017094 0.781169
vt 0.016397 0.797143
vt 0.600988 0.796757
vt 0.292363 0.001933
vt 0.595752 0.781218
vt 0.292803 0.017230
vt 0.276855 0.018204
vt 0.278527 0.050721
vt 0.277320 0.034027
vt 0.293545 0.033741
vt 0.294931 0.051200
vt 0.280789 0.082323
vt 0.280031 0.067013
vt 0.296485 0.067560
vt 0.297309 0.082138
vt 0.279008 0.113925
vt 0.280260 0.097634
vt 0.296669 0.096743
vt 0.295267 0.113064
vt 0.278154 0.146439
vt 0.278158 0.130599
vt 0.294132 0.130380
vt 0.293808 0.146829
vt 0.278743 0.177038
vt 0.278440 0.161738
vt 0.293989 0.162067
vt 0.294261 0.177229
vt 0.279344 0.207438
vt 0.279060 0.192281
vt 0.294529 0.192367
vt 0.294783 0.207428
vt 0.279751 0.237876
vt 0.279564 0.222605
vt 0.295019 0.222528
vt 0.295245 0.237770
vt 0.280154 0.268491
vt 0.279942 0.253211
vt 0.295461 0.253097
vt 0.295669 0.268329
vt 0.280764 0.299095
vt 0.280435 0.283761
vt 0.295944 0.283607
vt 0.296260 0.298940
vt 0.281502 0.329942
vt 0.281115 0.314480
vt 0.296558 0.314282
vt 0.296852 0.329708
vt 0.282385 0.361144
vt 0.281930 0.345502
vt 0.297180 0.345283
vt 0.297548 0.360972
vt 0.283084 0.392589
vt 0.282798 0.376846
vt 0.297911 0.376710
vt 0.298180 0.392449
vt 0.283299 0.423950
vt 0.283236 0.408309
vt 0.298380 0.408147
vt 0.298529 0.423763
vt 0.283343 0.454960
vt 0.283322 0.439497
vt 0.298644 0.439291
vt 0.298742 0.454743
vt 0.283460 0.485711
vt 0.283386 0.470358
vt 0.298838 0.470137
vt 0.298944 0.485490
vt 0.499996 0.780222
vt 0.283568 0.501032
vt 0.604627 0.703128
vt 0.609599 0.703118
vt 0.469694 0.857884
vt 0.469604 0.842376
vt 0.484908 0.842290
vt 0.484978 0.857797
vt 0.439011 0.842452
vt 0.454305 0.842438
vt 0.454434 0.857957
vt 0.439193 0.858006
vt 0.407333 0.858597
vt 0.407624 0.842916
vt 0.423501 0.842528
vt 0.423464 0.858175
vt 0.376682 0.843822
vt 0.391919 0.843495
vt 0.391702 0.859137
vt 0.376895 0.859507
vt 0.345856 0.858668
vt 0.344997 0.842697
vt 0.361232 0.843432
vt 0.361961 0.859274
vt 0.313283 0.842188
vt 0.328722 0.842192
vt 0.329265 0.858068
vt 0.313457 0.857831
vt 0.283051 0.858111
vt 0.282930 0.842579
vt 0.298174 0.842414
vt 0.298271 0.858001
vt 0.252421 0.842633
vt 0.267650 0.842606
vt 0.267792 0.858143
vt 0.252514 0.858170
vt 0.221973 0.858349
vt 0.222028 0.842824
vt 0.237231 0.842724
vt 0.237238 0.858245
vt 0.191732 0.842945
vt 0.206857 0.842889
vt 0.206737 0.858476
vt 0.191558 0.858568
vt 0.161301 0.858683
vt 0.161729 0.843041
vt 0.176679 0.843013
vt 0.176421 0.858641
vt 0.129876 0.843518
vt 0.146653 0.843111
vt 0.145710 0.858743
vt 0.129354 0.858845
vt 0.096456 0.858598
vt 0.095996 0.843394
vt 0.112156 0.843660
vt 0.112433 0.858796
vt 0.065945 0.844097
vt 0.081402 0.843355
vt 0.081178 0.858976
vt 0.064982 0.859873
vt 0.030731 0.861475
vt 0.030835 0.845645
vt 0.048352 0.845100
vt 0.047510 0.860990
vt 0.601780 0.843625
vt 0.015202 0.845507
vt 0.015547 0.861360
vt 0.602044 0.859247
vt 0.356801 0.000084
vt 0.596809 0.843709
vt 0.357009 0.015302
vt 0.341140 0.015201
vt 0.341257 0.048296
vt 0.341528 0.030789
vt 0.357362 0.030456
vt 0.357135 0.047240
vt 0.339920 0.081535
vt 0.340486 0.066030
vt 0.356228 0.064824
vt 0.355502 0.081051
vt 0.340770 0.112160
vt 0.340197 0.095994
vt 0.355373 0.096248
vt 0.355917 0.112234
vt 0.340808 0.146811
vt 0.340940 0.130009
vt 0.356278 0.129260
vt 0.356432 0.145618
vt 0.341198 0.176800
vt 0.340987 0.161859
vt 0.356622 0.161183
vt 0.356818 0.176294
vt 0.341554 0.206970
vt 0.341370 0.191849
vt 0.356985 0.191426
vt 0.357135 0.206603
vt 0.341874 0.237342
vt 0.341731 0.222139
vt 0.357250 0.221838
vt 0.357390 0.237103
vt 0.342237 0.267760
vt 0.342025 0.252534
vt 0.357559 0.252383
vt 0.357769 0.267653
vt 0.342541 0.298285
vt 0.342454 0.283038
vt 0.357978 0.282912
vt 0.358105 0.298135
vt 0.342771 0.328809
vt 0.342530 0.313411
vt 0.358179 0.313306
vt 0.358643 0.329077
vt 0.344509 0.361272
vt 0.343515 0.345041
vt 0.359497 0.345635
vt 0.360366 0.361746
vt 0.345080 0.391973
vt 0.345160 0.376729
vt 0.360845 0.376693
vt 0.360714 0.391512
vt 0.344634 0.423552
vt 0.344760 0.407681
vt 0.360431 0.407146
vt 0.360273 0.423269
vt 0.345038 0.454346
vt 0.344809 0.439052
vt 0.360360 0.438984
vt 0.360555 0.454225
vt 0.345382 0.484949
vt 0.345221 0.469645
vt 0.360727 0.469485
vt 0.360886 0.484769
vt 0.500214 0.842192
vt 0.345530 0.500255
vt 0.604508 0.640628
vt 0.609480 0.640619
vt 0.469678 0.919887
vt 0.469728 0.904428
vt 0.485021 0.904312
vt 0.484988 0.919773
vt 0.439180 0.904787
vt 0.454448 0.904581
vt 0.454363 0.920039
vt 0.439038 0.920236
vt 0.408089 0.920594
vt 0.407851 0.904781
vt 0.423703 0.904938
vt 0.423671 0.920485
vt 0.376852 0.904290
vt 0.392146 0.904438
vt 0.392407 0.920526
vt 0.376803 0.920505
vt 0.345470 0.920651
vt 0.345793 0.904841
vt 0.361538 0.904490
vt 0.361185 0.920563
vt 0.314279 0.904862
vt 0.329895 0.904971
vt 0.329844 0.920550
vt 0.314415 0.920362
vt 0.283444 0.920117
vt 0.283340 0.904670
vt 0.298841 0.904736
vt 0.298960 0.920232
vt 0.252687 0.904702
vt 0.267932 0.904666
vt 0.268010 0.920033
vt 0.252708 0.920021
vt 0.221949 0.920246
vt 0.222020 0.904850
vt 0.237442 0.904766
vt 0.237400 0.920107
vt 0.191017 0.905055
vt 0.206486 0.904948
vt 0.206406 0.920383
vt 0.190918 0.920490
vt 0.160011 0.920725
vt 0.160200 0.905301
vt 0.175624 0.905170
vt 0.175486 0.920593
vt 0.128480 0.905119
vt 0.144535 0.905354
vt 0.144476 0.920896
vt 0.128734 0.920963
vt 0.097141 0.921101
vt 0.096906 0.904775
vt 0.112517 0.904774
vt 0.112898 0.920943
vt 0.065275 0.906383
vt 0.081282 0.905398
vt 0.081378 0.921535
vt 0.065526 0.922142
vt 0.034214 0.922942
vt 0.033448 0.907638
vt 0.049160 0.907207
vt 0.049759 0.922624
vt 0.602837 0.906115
vt 0.018016 0.907926
vt 0.018773 0.923258
vt 0.603101 0.921738
vt 0.419069 0.002253
vt 0.597865 0.906200
vt 0.418972 0.017604
vt 0.403630 0.017081
vt 0.403396 0.048224
vt 0.403580 0.032514
vt 0.418895 0.033049
vt 0.418815 0.048598
vt 0.402095 0.080372
vt 0.402827 0.064345
vt 0.418579 0.064368
vt 0.418219 0.080229
vt 0.401951 0.111648
vt 0.401715 0.096023
vt 0.418027 0.096002
vt 0.418111 0.111766
vt 0.403017 0.143655
vt 0.402538 0.127609
vt 0.418373 0.127602
vt 0.418549 0.143343
vt 0.403320 0.174743
vt 0.403207 0.159315
vt 0.418623 0.158881
vt 0.418735 0.174359
vt 0.403587 0.205605
vt 0.403449 0.190137
vt 0.418876 0.189792
vt 0.419015 0.205279
vt 0.403895 0.236556
vt 0.403734 0.221135
vt 0.419125 0.220819
vt 0.419231 0.236271
vt 0.404276 0.267049
vt 0.404073 0.251803
vt 0.419388 0.251579
vt 0.419640 0.266881
vt 0.404830 0.297951
vt 0.404522 0.282455
vt 0.419966 0.282311
vt 0.420323 0.297820
vt 0.405554 0.328983
vt 0.405197 0.313385
vt 0.420695 0.313268
vt 0.421126 0.328687
vt 0.405591 0.360614
vt 0.405683 0.344871
vt 0.421476 0.344302
vt 0.421643 0.360010
vt 0.406031 0.391224
vt 0.405638 0.375931
vt 0.421837 0.375624
vt 0.422108 0.391222
vt 0.407025 0.422753
vt 0.406619 0.406916
vt 0.422424 0.406895
vt 0.422564 0.422470
vt 0.407163 0.453492
vt 0.407122 0.438222
vt 0.422566 0.437836
vt 0.422617 0.453161
vt 0.407390 0.484067
vt 0.407258 0.468773
vt 0.422714 0.468476
vt 0.422848 0.483786
vt 0.500325 0.904225
vt 0.407550 0.499370
vt 0.604389 0.578129
vt 0.609361 0.578120
vt 0.469558 0.981393
vt 0.484908 0.981309
vt 0.438763 0.981607
vt 0.454177 0.981495
vt 0.407826 0.981821
vt 0.423313 0.981719
vt 0.376769 0.981938
vt 0.392308 0.981898
vt 0.345691 0.981909
vt 0.361225 0.981940
vt 0.314683 0.981817
vt 0.330176 0.981863
vt 0.283737 0.981767
vt 0.299206 0.981783
vt 0.252798 0.981780
vt 0.268268 0.981767
vt 0.221861 0.981826
vt 0.237328 0.981798
vt 0.190934 0.981927
vt 0.206398 0.981867
vt 0.159992 0.982116
vt 0.175467 0.982008
vt 0.129014 0.982422
vt 0.144508 0.982252
vt 0.098010 0.982863
vt 0.113513 0.982624
vt 0.067034 0.983429
vt 0.082514 0.983132
vt 0.036159 0.984065
vt 0.051579 0.983742
vt 0.005452 0.984705
vt 0.020781 0.984389
vt 0.599186 0.984313
vt 0.480127 0.018664
vt 0.479963 0.049474
vt 0.480045 0.034047
vt 0.479825 0.080422
vt 0.479886 0.064936
vt 0.479787 0.111427
vt 0.479790 0.095922
vt 0.479890 0.142421
vt 0.479821 0.126929
vt 0.480130 0.173376
vt 0.479995 0.157904
vt 0.480477 0.204300
vt 0.480292 0.188840
vt 0.480898 0.235222
vt 0.480680 0.219759
vt 0.481357 0.266152
vt 0.481125 0.250687
vt 0.481862 0.297077
vt 0.481601 0.281614
vt 0.482432 0.328033
vt 0.482141 0.312547
vt 0.483002 0.359065
vt 0.482724 0.343539
vt 0.483460 0.390134
vt 0.483250 0.374602
vt 0.483785 0.421130
vt 0.483635 0.405647
vt 0.484062 0.451990
vt 0.483924 0.436577
vt 0.484375 0.482718
vt 0.484210 0.467369
vt 0.609243 0.515620
vt 0.604270 0.515629
vt 0.499880 0.497825
vt 0.500264 0.996568
vt 0.484902 0.965967
vt 0.500222 0.965902
vt 0.469557 0.966057
vt 0.454183 0.966167
vt 0.438777 0.966292
vt 0.423332 0.966420
vt 0.407844 0.966540
vt 0.392317 0.966632
vt 0.376760 0.966680
vt 0.361199 0.966672
vt 0.345654 0.966623
vt 0.330138 0.966557
vt 0.314649 0.966496
vt 0.299179 0.966455
vt 0.283717 0.966440
vt 0.268248 0.966444
vt 0.252772 0.966460
vt 0.237295 0.966478
vt 0.221823 0.966504
vt 0.206358 0.966542
vt 0.190892 0.966600
vt 0.175419 0.966683
vt 0.159931 0.966792
vt 0.144426 0.966934
vt 0.128899 0.967105
vt 0.113357 0.967316
vt 0.097806 0.967561
vt 0.082259 0.967838
vt 0.066736 0.968134
vt 0.051244 0.968453
vt 0.035797 0.968778
vt 0.020402 0.969105
vt 0.603893 0.968606
vt 0.598922 0.968690
vt 0.464837 0.018525
vt 0.464752 0.033924
vt 0.464666 0.049375
vt 0.464587 0.064871
vt 0.464523 0.080400
vt 0.464485 0.095949
vt 0.464478 0.111503
vt 0.464507 0.127047
vt 0.464574 0.142573
vt 0.464675 0.158079
vt 0.464808 0.173566
vt 0.464969 0.189039
vt 0.465155 0.204502
vt 0.465362 0.219964
vt 0.465580 0.235432
vt 0.465808 0.250904
vt 0.466036 0.266375
vt 0.466277 0.281839
vt 0.466536 0.297296
vt 0.466822 0.312759
vt 0.467127 0.328241
vt 0.467439 0.343749
vt 0.467736 0.359286
vt 0.467993 0.374840
vt 0.468196 0.390390
vt 0.468356 0.405913
vt 0.468488 0.421396
vt 0.468610 0.436838
vt 0.468736 0.452243
vt 0.468875 0.467615
vt 0.469034 0.482959
vt 0.469216 0.498278
vt 0.500230 0.981248
vt 0.609213 0.499995
vt 0.604157 0.984229
vt 0.005778 1.000000
vt 0.004614 0.954159
vt 0.005068 0.969427
vt 0.500235 0.950529
vt 0.609272 0.531245
vt 0.003422 0.923599
vt 0.004070 0.938890
vt 0.500297 0.919692
vt 0.609332 0.562495
vt 0.001830 0.892805
vt 0.002666 0.908254
vt 0.500336 0.888731
vt 0.609391 0.593744
vt 0.000350 0.861371
vt 0.000999 0.877192
vt 0.500279 0.857703
vt 0.609450 0.624994
vt 0.000067 0.829198
vt 0.000000 0.845350
vt 0.500141 0.826694
vt 0.609510 0.656244
vt 0.001092 0.796960
vt 0.000438 0.813024
vt 0.500023 0.795720
vt 0.609569 0.687493
vt 0.002456 0.765421
vt 0.001794 0.781089
vt 0.499993 0.764696
vt 0.609629 0.718743
vt 0.003441 0.734511
vt 0.003016 0.749916
vt 0.500028 0.733493
vt 0.609688 0.749993
vt 0.003952 0.703830
vt 0.003745 0.719159
vt 0.500004 0.702032
vt 0.609747 0.781242
vt 0.004154 0.673179
vt 0.004082 0.688506
vt 0.499763 0.670437
vt 0.609807 0.812492
vt 0.004184 0.642505
vt 0.004184 0.657846
vt 0.499293 0.638991
vt 0.609866 0.843742
vt 0.004124 0.611806
vt 0.004162 0.627158
vt 0.498738 0.607834
vt 0.609925 0.874992
vt 0.004017 0.581103
vt 0.004075 0.596454
vt 0.498226 0.576921
vt 0.609985 0.906241
vt 0.003881 0.550416
vt 0.003953 0.565757
vt 0.497817 0.546160
vt 0.610044 0.937491
vt 0.003719 0.519761
vt 0.003803 0.535084
vt 0.497531 0.515486
vt 0.610103 0.968741
vt 0.609183 0.484370
vt 0.482112 0.500240
vt 0.610163 0.999990
vt 0.609124 0.453121
vt 0.609154 0.468745
vt 0.451354 0.500353
vt 0.588046 0.031245
vt 0.609065 0.421871
vt 0.609094 0.437496
vt 0.420467 0.500471
vt 0.588574 0.062491
vt 0.609005 0.390621
vt 0.609035 0.406246
vt 0.389488 0.500649
vt 0.589102 0.093736
vt 0.608946 0.359372
vt 0.608976 0.374996
vt 0.358479 0.500914
vt 0.589630 0.124981
vt 0.608887 0.328122
vt 0.608916 0.343747
vt 0.590423 0.171849
vt 0.590159 0.156227
vt 0.608827 0.296872
vt 0.608857 0.312497
vt 0.296566 0.501575
vt 0.590687 0.187472
vt 0.608768 0.265623
vt 0.608798 0.281247
vt 0.265664 0.501869
vt 0.591215 0.218718
vt 0.608709 0.234373
vt 0.608738 0.249998
vt 0.234741 0.502111
vt 0.591743 0.249963
vt 0.608649 0.203123
vt 0.608679 0.218748
vt 0.203754 0.502349
vt 0.592272 0.281208
vt 0.608590 0.171873
vt 0.608620 0.187498
vt 0.172739 0.502669
vt 0.592800 0.312454
vt 0.608531 0.140624
vt 0.608560 0.156249
vt 0.141800 0.503072
vt 0.593328 0.343699
vt 0.608471 0.109374
vt 0.608501 0.124999
vt 0.110980 0.503478
vt 0.593856 0.374944
vt 0.608412 0.078124
vt 0.608441 0.093749
vt 0.080252 0.503830
vt 0.594385 0.406190
vt 0.608353 0.046875
vt 0.608382 0.062499
vt 0.049579 0.504117
vt 0.594913 0.437435
vt 0.608293 0.015625
vt 0.608323 0.031250
vt 0.018939 0.504350
vt 0.595441 0.468680
vt 0.595969 0.499926
vt 0.480199 0.003329
vt 0.464915 0.003185
vt 0.484560 0.498039
vt 0.604300 0.531254
vt 0.453845 0.498539
vt 0.604359 0.562504
vt 0.598657 0.953067
vt 0.434366 0.002662
vt 0.423013 0.499094
vt 0.604419 0.593754
vt 0.598129 0.921822
vt 0.403718 0.001737
vt 0.392060 0.499629
vt 0.604478 0.625003
vt 0.597601 0.890577
vt 0.372643 0.000529
vt 0.361038 0.500069
vt 0.604537 0.656253
vt 0.597073 0.859331
vt 0.340750 0.000000
vt 0.330034 0.500431
vt 0.604597 0.687503
vt 0.596545 0.828086
vt 0.308411 0.001000
vt 0.299064 0.500811
vt 0.604656 0.718752
vt 0.596016 0.796841
vt 0.276512 0.002902
vt 0.268045 0.501277
vt 0.604715 0.750002
vt 0.595488 0.765595
vt 0.245374 0.004642
vt 0.236850 0.501807
vt 0.604775 0.781252
vt 0.594960 0.734350
vt 0.214646 0.005870
vt 0.205404 0.502282
vt 0.604834 0.812502
vt 0.594431 0.703105
vt 0.184012 0.006695
vt 0.173823 0.502543
vt 0.604893 0.843751
vt 0.593903 0.671859
vt 0.153365 0.007285
vt 0.142384 0.502576
vt 0.604953 0.875001
vt 0.593375 0.640614
vt 0.122686 0.007749
vt 0.111226 0.502517
vt 0.605012 0.906251
vt 0.592847 0.609369
vt 0.091991 0.008148
vt 0.080310 0.502493
vt 0.605072 0.937500
vt 0.592318 0.578123
vt 0.061301 0.008511
vt 0.049548 0.502568
vt 0.605131 0.968750
vt 0.591790 0.546878
vt 0.030633 0.008846
vt 0.018875 0.502763
vt 0.582546 0.000084
vt 0.591262 0.515633
vt -0.000000 0.009154
vt 0.582810 0.015707
vt 0.604211 0.484380
vt 0.604241 0.500005
vt 0.583338 0.046952
vt 0.583074 0.031329
vt 0.604152 0.453130
vt 0.604181 0.468755
vt 0.583866 0.078198
vt 0.583602 0.062575
vt 0.604092 0.421880
vt 0.604122 0.437505
vt 0.584395 0.109443
vt 0.584130 0.093820
vt 0.604033 0.390631
vt 0.604063 0.406256
vt 0.584923 0.140688
vt 0.584659 0.125066
vt 0.603974 0.359381
vt 0.604003 0.375006
vt 0.603914 0.328131
vt 0.603944 0.343756
vt 0.585451 0.171934
vt 0.585187 0.156311
vt 0.585979 0.203179
vt 0.585715 0.187556
vt 0.603855 0.296882
vt 0.603885 0.312506
vt 0.586508 0.234424
vt 0.586244 0.218802
vt 0.603796 0.265632
vt 0.603825 0.281257
vt 0.587036 0.265670
vt 0.586772 0.250047
vt 0.603736 0.234382
vt 0.603766 0.250007
vt 0.587564 0.296915
vt 0.587300 0.281292
vt 0.603677 0.203133
vt 0.603707 0.218757
vt 0.588092 0.328160
vt 0.587828 0.312538
vt 0.603618 0.171883
vt 0.603647 0.187508
vt 0.588621 0.359406
vt 0.588356 0.343783
vt 0.603558 0.140633
vt 0.603588 0.156258
vt 0.589149 0.390651
vt 0.588885 0.375028
vt 0.603499 0.109384
vt 0.603529 0.125008
vt 0.589677 0.421896
vt 0.589413 0.406274
vt 0.603440 0.078134
vt 0.603469 0.093759
vt 0.590205 0.453142
vt 0.589941 0.437519
vt 0.603380 0.046884
vt 0.603410 0.062509
vt 0.590734 0.484387
vt 0.590469 0.468764
vt 0.603321 0.015634
vt 0.603351 0.031259
vt 0.603291 0.000010
vt 0.608263 0.000000
vt 0.599450 0.999936
vt 0.605190 1.000000
vt 0.587517 0.000000
vn 0.000000 0.000000 1.000000
vn 0.000000 0.000000 1.000000
vn 0.000000 0.000000 1.000000
vn 0.000000 0.000000 1.000000
vn 0.000000 1.000000 0.000000
vn 0.000000 1.000000 0.000000
vn 0.000000 1.000000 0.000000
vn 0.000000 1.000000 0.000000
vn 0.000000 0.000000 -1.000000
vn 0.000000 0.000000 -1.000000
vn 0.000000 0.000000 -1.000000
vn 0.000000 0.000000 -1.000000
vn 0.000000 -1.000000 0.000000
vn 0.000000 -1.000000 0.000000
vn 0.000000 -1.000000 0.000000
vn 0.000000 -1.000000 0.000000
vn 1.000000 0.000000 0.000000
vn 1.000000 0.000000 0.000000
vn 1.000000 0.000000 0.000000
vn 1.000000 0.000000 0.000000
vn -1.000000 0.000000 0.000000
vn -1.000000 0.000000 0.000000
vn -1.000000 0.000000 0.000000
vn -1.000000 0.000000 0.000000
vn 0.000000 1.000000 0.000000
vn 0.000000 1.000000 0.000000
vn 0.000000 1.000000 0.000000
vn 0.000000 1.000000 0.000000
vn 0.000000 0.000000 -1.000000
vn 0.000000 0.000000 -1.000000
vn 0.000000 0.000000 -1.000000
vn 0.000000 0.000000 -1.000000
vn 0.000000 -1.000000 0.000000
vn 0.000000 -1.000000 0.000000
vn 0.000000 -1.000000 0.000000
vn 0.000000 -1.000000 0.000000
vn 0.000000 0.000000 1.000000
vn 0.000000 0.000000 1.000000
vn 0.000000 0.000000 1.000000
vn 0.000000 0.000000 1.000000
vn 0.000000 1.000000 0.000000
vn 0.000000 1.000000 0.000000
vn 0.000000 1.000000 0.000000
vn 0.000000 1.000000 0.000000
vn 0.000000 0.000000 -1.000000
vn 0.000000 0.000000 -1.000000
vn 0.000000 0.000000 -1.000000
vn 0.000000 0.000000 -1.000000
vn 0.000000 -1.000000 0.000000
vn 0.000000 -1.000000 0.000000
vn 0.000000 -1.000000 0.000000
vn 0.000000 -1.000000 0.000000
vn 0.000000 0.000000 1.000000
vn 0.000000 0.000000 1.000000
vn 0.000000 0.000000 1.000000
vn 0.000000 0.000000 1.000000
vn 0.000000 1.000000 0.000000
vn 0.000000 1.000000 0.000000
vn 0.000000 1.000000 0.000000
vn 0.000000 1.000000 0.000000
vn 0.000000 0.000000 -1.000000
vn 0.000000 0.000000 -1.000000
vn 0.000000 0.000000 -1.000000
vn 0.000000 0.000000 -1.000000
vn 0.000000 -1.000000 0.000000
vn 0.000000 -1.000000 0.000000
vn 0.000000 -1.000000 0.000000
vn 0.000000 -1.000000 0.000000
vn 0.000000 0.000000 1.000000
vn 0.000000 0.000000 1.000000
vn 0.000000 0.000000 1.000000
vn 0.000000 0.000000 1.000000
vn 0.000000 1.000000 0.000000
vn 0.000000 1.000000 0.000000
vn 0.000000 1.000000 0.000000
vn 0.000000 1.000000 0.000000
vn 0.000000 0.000000 -1.000000
vn 0.000000 0.000000 -1.000000
vn 0.000000 0.000000 -1.000000
vn 0.000000 0.000000 -1.000000
vn 0.000000 -1.000000 0.000000
vn 0.000000 -1.000000 0.000000
vn 0.000000 -1.000000 0.000000
vn 0.000000 -1.000000 0.000000
vn 0.000000 0.000000 1.000000
vn 0.000000 0.000000 1.000000
vn 0.000000 0.000000 1.000000
vn 0.000000 0.000000 1.000000
vn 0.000000 1.000000 0.000000
vn 0.000000 1.000000 0.000000
vn 0.000000 1.000000 0.000000
vn 0.000000 1.000000 0.000000
vn 0.000000 0.000000 -1.000000
vn 0.000000 0.000000 -1.000000
vn 0.000000 0.000000 -1.000000
vn 0.000000 0.000000 -1.000000
vn 0.000000 -1.000000 0.000000
vn 0.000000 -1.000000 0.000000
vn 0.000000 -1.000000 0.000000
vn 0.000000 -1.000000 0.000000
vn 0.000000 0.000000 1.000000
vn 0.000000 0.000000 1.000000
vn 0.000000 0.000000 1.000000
vn 0.000000 0.000000 1.000000
vn 0.000000 1.000000 0.000000
vn 0.000000 1.000000 0.000000
vn 0.000000 1.000000 0.000000
vn 0.000000 1.000000 0.000000
vn 0.000000 0.000000 -1.000000
vn 0.000000 0.000000 -1.000000
vn 0.000000 0.000000 -1.000000
vn 0.000000 0.000000 -1.000000
vn 0.000000 -1.000000 0.000000
vn 0.000000 -1.000000 0.000000
vn 0.000000 -1.000000 0.000000
vn 0.000000 -1.000000 0.000000
vn 0.000000 0.000000 1.000000
vn 0.000000 0.000000 1.000000
vn 0.000000 0.000000 1.000000
vn 0.000000 0.000000 1.000000
vn 0.000000 1.000000 0.000000
vn 0.000000 1.000000 0.000000
vn 0.000000 1.000000 0.000000
vn 0.000000 1.000000 0.000000
vn 0.000000 0.000000 -1.000000
vn 0.000000 0.000000 -1.000000
vn 0.000000 0.000000 -1.000000
vn 0.000000 0.000000 -1.000000
vn 0.000000 -1.000000 0.000000
vn 0.000000 -1.000000 0.000000
vn 0.000000 -1.000000 0.000000
vn 0.000000 -1.000000 0.000000
vn 0.000000 0.000000 1.000000
vn 0.000000 0.000000 1.000000
vn 0.000000 0.000000 1.000000
vn 0.000000 0.000000 1.000000
vn 0.028766 0.998758 -0.040685
vn 0.014004 0.999753 -0.017237
vn 0.000442 1.000000 -0.000442
vn 0.003917 0.999981 -0.004801
vn -0.053219 0.942585 -0.329698
vn 0.033231 0.929093 -0.368351
vn 0.004637 0.998997 -0.044544
vn -0.005673 0.998899 -0.046574
vn -0.005401 0.999845 -0.016738
vn -0.021954 0.999263 -0.031475
vn -0.018278 0.998383 -0.053829
vn -0.000000 0.997076 -0.076412
vn -0.028949 0.999162 -0.028949
vn -0.009177 0.999924 -0.008262
vn -0.013069 0.999594 -0.025318
vn -0.071060 0.995934 -0.055376
vn 0.041627 0.993222 -0.108526
vn 0.000000 0.991149 -0.132757
vn 0.000000 0.992897 -0.118980
vn 0.063383 0.990982 -0.118053
vn 0.025408 0.999269 0.028555
vn 0.017698 0.999843 0.000260
vn 0.079307 0.996739 0.014873
vn 0.151221 0.978225 0.142155
vn -0.088696 0.965971 0.242968
vn 0.000000 0.906241 0.422762
vn 0.000000 0.826120 0.563494
vn -0.180360 0.867553 0.463489
vn 0.000000 1.000000 0.000000
vn -0.007684 0.999941 0.007684
vn -0.029115 0.999267 0.024848
vn -0.004601 0.999979 0.004601
vn -1.000000 0.000000 0.000000
vn -1.000000 0.000000 0.000000
vn -1.000000 0.000000 0.000000
vn -1.000000 0.000000 0.000000
vn 0.004111 -0.999983 -0.004111
vn 0.028988 -0.999278 -0.024558
vn 0.007211 -0.999948 -0.007211
vn 0.000000 -1.000000 0.000000
vn 0.000000 -0.909428 -0.415860
vn 0.086881 -0.967623 -0.236977
vn 0.178556 -0.870824 -0.458022
vn 0.000000 -0.829623 -0.558324
vn -0.016928 -0.999857 0.000091
vn -0.025113 -0.999280 -0.028433
vn -0.146525 -0.979563 -0.137794
vn -0.078481 -0.996779 -0.016478
vn 0.000000 -0.991328 0.131413
vn -0.041169 -0.993377 0.107275
vn -0.062829 -0.991144 0.116990
vn 0.000000 -0.993010 0.118028
vn 0.008909 -0.999928 0.008111
vn 0.028207 -0.999204 0.028207
vn 0.070019 -0.996060 0.054429
vn 0.012816 -0.999611 0.024751
vn 0.021425 -0.999303 0.030558
vn 0.005151 -0.999857 0.016090
vn 0.000000 -0.997186 0.074972
vn 0.017871 -0.998450 0.052704
vn -0.038943 -0.945547 0.323148
vn 0.048957 -0.935685 0.349423
vn 0.004444 -0.999053 0.043280
vn -0.005408 -0.999209 0.039394
vn -0.012353 -0.999807 0.015306
vn -0.023797 -0.999141 0.033913
vn -0.002742 -0.999992 0.002742
vn 0.000000 -1.000000 0.000000
vn 1.000000 0.000000 0.000000
vn 1.000000 0.000000 0.000000
vn 1.000000 0.000000 0.000000
vn 1.000000 0.000000 0.000000
vn 0.028766 0.998758 0.040685
vn 0.014004 0.999753 0.017237
vn 0.056423 0.996811 0.056423
vn 0.126418 0.977429 0.169264
vn -0.053219 0.942585 0.329698
vn 0.033231 0.929093 0.368351
vn 0.047513 0.797278 0.601740
vn -0.126207 0.848099 0.514587
vn -0.005402 0.999971 0.005401
vn -0.019768 0.999526 0.023619
vn -0.102886 0.989358 0.102886
vn -0.023619 0.999526 0.019768
vn 0.137322 0.989329 -0.048695
vn 0.022884 0.999708 -0.007756
vn 0.008811 0.999941 -0.006321
vn 0.057709 0.997531 -0.040012
vn 0.000000 0.991945 -0.126672
vn 0.199857 0.959226 -0.199857
vn 0.160667 0.940429 -0.299633
vn 0.000000 0.953470 -0.301488
vn -0.137322 0.989329 -0.048695
vn -0.276183 0.955117 -0.107121
vn -0.192537 0.971615 -0.137458
vn -0.057709 0.997531 -0.040012
vn 0.000000 1.000000 0.000000
vn 0.000000 1.000000 0.000000
vn 0.000000 1.000000 0.000000
vn 0.000000 1.000000 0.000000
vn 0.000000 1.000000 0.000000
vn 0.000000 1.000000 0.000000
vn 0.000000 1.000000 0.000000
vn 0.000000 1.000000 0.000000
vn -1.000000 0.000000 0.000000
vn -1.000000 0.000000 0.000000
vn -1.000000 0.000000 0.000000
vn -1.000000 0.000000 0.000000
vn 0.000000 -1.000000 0.000000
vn 0.000000 -1.000000 0.000000
vn 0.000000 -1.000000 0.000000
vn 0.000000 -1.000000 0.000000
vn 0.000000 -1.000000 0.000000
vn 0.000000 -1.000000 0.000000
vn 0.000000 -1.000000 0.000000
vn 0.000000 -1.000000 0.000000
vn 0.273204 -0.956092 0.106052
vn 0.134453 -0.989774 0.047636
vn 0.056423 -0.997636 0.039220
vn 0.189639 -0.972468 0.135434
vn -0.198358 -0.959848 0.198358
vn -0.000000 -0.992060 0.125762
vn 0.000000 -0.954170 0.299264
vn -0.159408 -0.941415 0.297199
vn -0.022104 -0.999728 0.007461
vn -0.134453 -0.989774 0.047636
vn -0.056423 -0.997636 0.039220
vn -0.008568 -0.999945 0.006079
vn 0.019330 -0.999550 -0.022941
vn 0.005152 -0.999973 -0.005152
vn 0.022941 -0.999550 -0.019330
vn 0.100376 -0.989873 -0.100376
vn -0.038944 -0.945547 -0.323148
vn 0.048957 -0.935685 -0.349422
vn 0.121700 -0.851126 -0.510659
vn -0.054811 -0.797793 -0.600435
vn -0.012353 -0.999807 -0.015306
vn -0.023797 -0.999141 -0.033913
vn -0.114891 -0.981629 -0.152328
vn -0.045110 -0.997963 -0.045110
vn 1.000000 0.000000 0.000000
vn 1.000000 0.000000 0.000000
vn 1.000000 0.000000 0.000000
vn 1.000000 0.000000 0.000000
vn 0.000000 1.000000 0.000000
vn 0.000000 1.000000 0.000000
vn 0.000000 1.000000 0.000000
vn 0.000000 1.000000 0.000000
vn 0.000000 1.000000 0.000000
vn 0.000000 1.000000 0.000000
vn 0.000000 1.000000 0.000000
vn 0.000000 1.000000 0.000000
vn 0.000000 1.000000 0.000000
vn 0.000000 1.000000 0.000000
vn 0.000000 1.000000 0.000000
vn 0.000000 1.000000 0.000000
vn 0.020047 0.999662 0.016577
vn 0.001245 0.999998 0.001245
vn 0.008811 0.999941 0.006321
vn 0.057709 0.997531 0.040012
vn 0.000000 0.939158 0.343486
vn 0.107121 0.955117 0.276183
vn 0.160667 0.940429 0.299633
vn 0.000000 0.953470 0.301488
vn -0.020047 0.999662 0.016577
vn -0.078937 0.993749 0.078937
vn -0.192537 0.971615 0.137458
vn -0.057709 0.997531 0.040012
vn 0.000000 1.000000 0.000000
vn 0.000000 1.000000 0.000000
vn 0.000000 1.000000 0.000000
vn 0.000000 1.000000 0.000000
vn 0.000000 1.000000 0.000000
vn 0.000000 1.000000 0.000000
vn 0.000000 1.000000 0.000000
vn 0.000000 1.000000 0.000000
vn -1.000000 0.000000 0.000000
vn -1.000000 0.000000 0.000000
vn -1.000000 0.000000 0.000000
vn -1.000000 0.000000 0.000000
vn 0.000000 -1.000000 0.000000
vn 0.000000 -1.000000 0.000000
vn 0.000000 -1.000000 0.000000
vn 0.000000 -1.000000 0.000000
vn 0.000000 -1.000000 0.000000
vn 0.000000 -1.000000 0.000000
vn 0.000000 -1.000000 0.000000
vn 0.000000 -1.000000 0.000000
vn 0.076978 -0.994057 -0.076978
vn 0.019479 -0.999679 -0.016226
vn 0.056423 -0.997636 -0.039220
vn 0.189639 -0.972468 -0.135434
vn -0.106053 -0.956092 -0.273204
vn -0.000000 -0.940242 -0.340507
vn -0.000000 -0.954170 -0.299264
vn -0.159408 -0.941415 -0.297199
vn -0.001245 -0.999998 -0.001245
vn -0.019479 -0.999679 -0.016226
vn -0.056423 -0.997636 -0.039220
vn -0.008568 -0.999945 -0.006079
vn 0.000000 -1.000000 0.000000
vn 0.000000 -1.000000 0.000000
vn 0.000000 -1.000000 0.000000
vn 0.000000 -1.000000 0.000000
vn 0.000000 -1.000000 0.000000
vn 0.000000 -1.000000 0.000000
vn 0.000000 -1.000000 0.000000
vn 0.000000 -1.000000 0.000000
vn 0.000000 -1.000000 0.000000
vn 0.000000 -1.000000 0.000000
vn 0.000000 -1.000000 0.000000
vn 0.000000 -1.000000 0.000000
vn 1.000000 0.000000 0.000000
vn 1.000000 0.000000 0.000000
vn 1.000000 0.000000 0.000000
vn 1.000000 0.000000 0.000000
vn 0.553405 0.832912 0.000000
vn 0.364139 0.931345 0.000000
vn 0.252110 0.962083 -0.104104
vn 0.415539 0.888215 -0.195965
vn -0.142395 0.989810 0.000000
vn 0.030413 0.999537 -0.000000
vn 0.069848 0.967823 -0.241744
vn -0.263945 0.886993 -0.378916
vn -0.303832 0.952726 -0.000000
vn -0.469064 0.883164 0.000000
vn -0.359628 0.922010 -0.143407
vn -0.175550 0.982445 -0.063127
vn 0.000000 1.000000 0.000000
vn 0.000000 1.000000 0.000000
vn 0.000000 1.000000 0.000000
vn 0.000000 1.000000 0.000000
vn 0.000000 0.999531 -0.030635
vn 0.007756 0.999708 -0.022884
vn 0.000000 1.000000 0.000000
vn 0.000000 1.000000 0.000000
vn 0.000000 1.000000 0.000000
vn -0.001245 0.999998 -0.001245
vn 0.000000 1.000000 0.000000
vn 0.000000 1.000000 0.000000
vn 0.000000 1.000000 0.000000
vn 0.000000 1.000000 0.000000
vn 0.000000 1.000000 0.000000
vn 0.000000 1.000000 0.000000
vn 0.000000 1.000000 0.000000
vn 0.000000 1.000000 0.000000
vn 0.000000 1.000000 0.000000
vn 0.000000 1.000000 0.000000
vn -1.000000 0.000000 0.000000
vn -1.000000 0.000000 0.000000
vn -1.000000 0.000000 0.000000
vn -1.000000 0.000000 0.000000
vn 0.000000 -1.000000 0.000000
vn 0.000000 -1.000000 0.000000
vn 0.000000 -1.000000 0.000000
vn 0.000000 -1.000000 0.000000
vn 0.000000 -1.000000 0.000000
vn 0.000000 -1.000000 0.000000
vn 0.000000 -1.000000 0.000000
vn 0.000000 -1.000000 0.000000
vn 0.001245 -0.999998 0.001245
vn 0.000000 -1.000000 0.000000
vn 0.000000 -1.000000 0.000000
vn 0.000000 -1.000000 0.000000
vn -0.007461 -0.999728 0.022104
vn 0.000000 -0.999563 0.029560
vn 0.000000 -1.000000 0.000000
vn 0.000000 -1.000000 0.000000
vn 0.000000 -1.000000 0.000000
vn 0.000000 -1.000000 0.000000
vn 0.000000 -1.000000 0.000000
vn 0.000000 -1.000000 0.000000
vn 0.463968 -0.885852 -0.000000
vn 0.299396 -0.954129 0.000000
vn 0.171918 -0.983171 0.061801
vn 0.354979 -0.924019 0.142053
vn -0.036063 -0.999349 0.000000
vn 0.137758 -0.990466 0.000000
vn 0.264971 -0.882733 0.388037
vn -0.084931 -0.964474 0.250153
vn -0.345377 -0.938464 -0.000000
vn -0.552642 -0.833419 -0.000000
vn -0.405595 -0.893867 0.191035
vn -0.233596 -0.967472 0.097107
vn 1.000000 0.000000 0.000000
vn 1.000000 0.000000 0.000000
vn 1.000000 0.000000 0.000000
vn 1.000000 0.000000 0.000000
vn 0.265784 0.964033 0.000000
vn 0.034755 0.999396 0.000000
vn 0.025880 0.999626 -0.008883
vn 0.154868 0.986379 -0.055435
vn -0.007699 0.999943 0.007458
vn 0.142070 0.989856 0.000889
vn 0.224735 0.948150 -0.224735
vn -0.002966 0.990142 -0.140033
vn -0.233210 0.966148 0.110328
vn -0.383099 0.917099 0.110293
vn -0.368174 0.925128 -0.092662
vn -0.275593 0.961160 -0.014850
vn 0.004727 0.990460 -0.137718
vn -0.045879 0.992734 -0.111239
vn -0.087948 0.992251 -0.087767
vn 0.000197 0.998196 -0.060035
vn 0.024133 0.999695 -0.005233
vn 0.085873 0.995038 -0.050255
vn 0.129190 0.990374 -0.049692
vn 0.064030 0.997717 -0.021458
vn 0.357475 0.931657 -0.065007
vn 0.370906 0.928604 -0.011107
vn 0.290733 0.950131 -0.112807
vn 0.315043 0.933920 -0.168940
vn -0.389778 0.896087 -0.212370
vn -0.221569 0.940424 -0.257895
vn -0.211994 0.945486 -0.247215
vn -0.325767 0.926293 -0.189361
vn 0.000000 1.000000 0.000000
vn -0.040094 0.999166 -0.007678
vn -0.024222 0.999673 -0.008210
vn 0.000000 1.000000 0.000000
vn -1.000000 0.000000 0.000000
vn -1.000000 0.000000 0.000000
vn -1.000000 0.000000 0.000000
vn -1.000000 0.000000 0.000000
vn 0.000000 -1.000000 0.000000
vn 0.023397 -0.999695 0.007897
vn 0.038486 -0.999233 0.007206
vn 0.000000 -1.000000 0.000000
vn 0.225401 -0.933790 0.277904
vn 0.395341 -0.890835 0.223872
vn 0.325730 -0.926014 0.190783
vn 0.212243 -0.943792 0.253395
vn -0.369215 -0.929257 0.012692
vn -0.362217 -0.929214 0.073209
vn -0.312559 -0.934982 0.167679
vn -0.287628 -0.951207 0.111695
vn -0.084537 -0.995179 0.049731
vn -0.023901 -0.999700 0.005333
vn -0.062750 -0.997810 0.020934
vn -0.127738 -0.990590 0.049129
vn 0.046420 -0.992719 0.111154
vn -0.004517 -0.990595 0.136752
vn -0.000189 -0.998221 0.059624
vn 0.087350 -0.992356 0.087180
vn 0.378167 -0.918735 -0.113645
vn 0.226587 -0.967633 -0.111110
vn 0.270520 -0.962631 0.012649
vn 0.365436 -0.926424 0.090527
vn -0.141038 -0.990004 -0.000889
vn 0.008119 -0.999936 -0.007858
vn 0.003082 -0.990303 0.138887
vn -0.223098 -0.948923 0.223098
vn -0.033601 -0.999435 0.000000
vn -0.261402 -0.965230 -0.000000
vn -0.151813 -0.986917 0.054286
vn -0.025061 -0.999649 0.008547
vn 1.000000 0.000000 0.000000
vn 1.000000 0.000000 0.000000
vn 1.000000 0.000000 0.000000
vn 1.000000 0.000000 0.000000
vn 0.004722 0.999978 0.004722
vn 0.000000 1.000000 0.000000
vn 0.001349 0.999998 0.001349
vn 0.022050 0.999591 0.018219
vn -0.062167 0.968216 0.242268
vn 0.051089 0.983299 0.174679
vn 0.110361 0.944171 0.310421
vn -0.057780 0.918859 0.390334
vn -0.008079 0.999060 -0.042594
vn -0.100500 0.994271 -0.036388
vn -0.124285 0.990395 0.060592
vn -0.021755 0.999579 0.019186
vn -0.057703 0.997891 0.029725
vn 0.053615 0.998128 -0.029425
vn 0.094675 0.995501 0.003777
vn 0.003276 0.999470 0.032384
vn 0.076952 0.994061 0.076952
vn 0.000000 0.998684 0.051287
vn 0.000101 0.992909 0.118880
vn 0.063383 0.990982 0.118053
vn 0.542491 0.835754 0.084957
vn 0.371658 0.926946 0.051390
vn 0.330753 0.942675 0.044339
vn 0.568615 0.821867 0.034804
vn -0.279579 0.953739 0.110531
vn -0.061861 0.997981 0.014378
vn -0.062814 0.997908 -0.015309
vn -0.441019 0.880978 -0.171405
vn -0.112717 0.993627 0.000000
vn -0.422762 0.906241 -0.000000
vn -0.245306 0.965603 -0.086231
vn -0.084379 0.996023 -0.028610
vn -1.000000 0.000000 0.000000
vn -1.000000 0.000000 0.000000
vn -1.000000 0.000000 0.000000
vn -1.000000 0.000000 0.000000
vn 0.080087 -0.996404 0.027655
vn 0.239320 -0.967264 0.084418
vn 0.415861 -0.909428 0.000000
vn 0.107504 -0.994205 0.000000
vn 0.069899 -0.996512 -0.045582
vn 0.287329 -0.949965 -0.122507
vn 0.448804 -0.880772 0.151047
vn 0.068412 -0.997388 0.023184
vn -0.368117 -0.928378 -0.051037
vn -0.538627 -0.838043 -0.086975
vn -0.566308 -0.822791 -0.048065
vn -0.322489 -0.945458 -0.045944
vn 0.000000 -0.998702 -0.050936
vn -0.076328 -0.994157 -0.076328
vn -0.062829 -0.991144 -0.116990
vn -0.000102 -0.993022 -0.117927
vn -0.052580 -0.998188 0.029245
vn 0.057772 -0.997895 -0.029468
vn -0.002891 -0.999470 -0.032429
vn -0.095395 -0.995432 -0.003792
vn 0.102972 -0.994049 0.035538
vn 0.006792 -0.999029 0.043533
vn 0.020306 -0.999628 -0.018194
vn 0.113692 -0.992113 -0.052784
vn -0.050018 -0.983964 -0.171211
vn 0.062733 -0.969367 -0.237472
vn 0.059617 -0.920285 -0.386679
vn -0.109236 -0.945426 -0.306981
vn 0.000000 -1.000000 0.000000
vn -0.004384 -0.999981 -0.004384
vn -0.021242 -0.999616 -0.017776
vn -0.001349 -0.999998 -0.001349
vn 1.000000 0.000000 0.000000
vn 1.000000 0.000000 0.000000
vn 1.000000 0.000000 0.000000
vn 1.000000 0.000000 0.000000
vn 0.004722 0.999978 -0.004722
vn 0.000000 1.000000 0.000000
vn 0.000000 1.000000 0.000000
vn 0.000000 1.000000 0.000000
vn 0.000000 0.964032 -0.265784
vn 0.055435 0.986379 -0.154868
vn 0.008883 0.999626 -0.025880
vn 0.000000 0.999396 -0.034755
vn -0.033552 0.999371 0.011522
vn -0.023406 0.999561 -0.018183
vn -0.001906 0.999998 -0.000791
vn -0.011199 0.999896 0.009045
vn -0.000000 0.989938 0.141499
vn -0.075568 0.987154 0.140772
vn -0.049692 0.990374 0.129190
vn 0.000000 0.987257 0.159135
vn 0.027297 0.999469 0.017782
vn 0.088217 0.994119 0.062816
vn 0.034752 0.998792 0.034752
vn 0.011199 0.999896 0.009045
vn 0.042477 0.997229 -0.061072
vn 0.017233 0.999635 -0.020790
vn 0.001318 0.999998 -0.001318
vn 0.006691 0.999934 -0.009326
vn -0.042477 0.997229 -0.061072
vn -0.051530 0.988111 -0.144847
vn -0.008210 0.999673 -0.024222
vn -0.006691 0.999934 -0.009326
vn 0.000000 1.000000 0.000000
vn 0.000000 1.000000 0.000000
vn 0.000000 1.000000 0.000000
vn 0.000000 1.000000 0.000000
vn -1.000000 0.000000 0.000000
vn -1.000000 0.000000 0.000000
vn -1.000000 0.000000 0.000000
vn -1.000000 0.000000 0.000000
vn 0.000000 -1.000000 0.000000
vn 0.000000 -1.000000 0.000000
vn 0.000000 -1.000000 0.000000
vn 0.000000 -1.000000 0.000000
vn 0.050418 -0.988607 0.141826
vn 0.041629 -0.997349 0.059690
vn 0.006434 -0.999938 0.009069
vn 0.007897 -0.999695 0.023397
vn -0.016865 -0.999654 0.020200
vn -0.041629 -0.997349 0.059690
vn -0.006434 -0.999938 0.009069
vn -0.001318 -0.999998 0.001318
vn -0.086839 -0.994299 -0.061868
vn -0.026836 -0.999487 -0.017481
vn -0.010888 -0.999901 -0.008869
vn -0.033856 -0.998853 -0.033856
vn 0.074894 -0.987387 -0.139493
vn 0.000000 -0.990099 -0.140371
vn 0.000000 -0.987517 -0.157513
vn 0.049129 -0.990590 -0.127738
vn 0.022747 -0.999588 0.017491
vn 0.032614 -0.999400 -0.011699
vn 0.010888 -0.999901 -0.008869
vn 0.001906 -0.999998 0.000791
vn -0.054286 -0.986917 0.151813
vn 0.000000 -0.965230 0.261402
vn -0.000000 -0.999435 0.033601
vn -0.008547 -0.999649 0.025061
vn 0.000000 -1.000000 0.000000
vn -0.004384 -0.999981 0.004384
vn 0.000000 -1.000000 0.000000
vn 0.000000 -1.000000 0.000000
vn 1.000000 0.000000 0.000000
vn 1.000000 0.000000 0.000000
vn 1.000000 0.000000 0.000000
vn 1.000000 0.000000 0.000000
vn 0.000000 1.000000 0.000000
vn 0.000000 1.000000 0.000000
vn 0.000000 1.000000 0.000000
vn 0.000000 1.000000 0.000000
vn 0.000000 1.000000 0.000000
vn 0.000000 1.000000 0.000000
vn 0.000000 1.000000 0.000000
vn 0.000000 1.000000 0.000000
vn 0.000000 1.000000 0.000000
vn 0.000000 1.000000 0.000000
vn 0.000000 1.000000 0.000000
vn 0.000000 1.000000 0.000000
vn 0.000000 1.000000 0.000000
vn 0.000000 1.000000 0.000000
vn 0.000000 1.000000 0.000000
vn 0.000000 1.000000 0.000000
vn -0.145740 0.978529 0.145740
vn -0.024848 0.999267 0.029115
vn -0.076579 0.991241 0.107597
vn -0.239154 0.911487 0.334661
vn -0.498162 0.854634 -0.146407
vn -0.568260 0.822819 0.007017
vn -0.528111 0.848091 0.042912
vn -0.562894 0.808817 -0.170193
vn -0.145427 0.987995 -0.052121
vn -0.188818 0.981341 -0.036304
vn -0.380785 0.917279 -0.116627
vn -0.294351 0.948448 -0.117490
vn 0.000000 1.000000 0.000000
vn -0.004397 0.999981 -0.004397
vn -0.017233 0.999635 -0.020790
vn -0.001318 0.999998 -0.001318
vn 0.000000 0.000000 -1.000000
vn 0.000000 0.000000 -1.000000
vn 0.000000 0.000000 -1.000000
vn 0.000000 0.000000 -1.000000
vn 0.004194 -0.999982 0.004194
vn 0.000000 -1.000000 0.000000
vn 0.001318 -0.999998 0.001318
vn 0.016865 -0.999654 0.020200
vn 0.186104 -0.981881 0.035709
vn 0.142417 -0.988491 0.051020
vn 0.291359 -0.949493 0.116507
vn 0.381750 -0.916515 0.119448
vn 0.563453 -0.826114 -0.007492
vn 0.494951 -0.857095 0.142870
vn 0.566386 -0.808262 0.160994
vn 0.527032 -0.848531 -0.047240
vn 0.024558 -0.999278 -0.028988
vn 0.141197 -0.979860 -0.141197
vn 0.235383 -0.914489 -0.329098
vn 0.073498 -0.991997 -0.102664
vn 0.000000 -1.000000 0.000000
vn 0.000000 -1.000000 0.000000
vn 0.000000 -1.000000 0.000000
vn 0.000000 -1.000000 0.000000
vn 0.000000 -1.000000 0.000000
vn 0.000000 -1.000000 0.000000
vn 0.000000 -1.000000 0.000000
vn 0.000000 -1.000000 0.000000
vn 0.000000 -1.000000 0.000000
vn 0.000000 -1.000000 0.000000
vn 0.000000 -1.000000 0.000000
vn 0.000000 -1.000000 0.000000
vn 0.000000 -1.000000 0.000000
vn 0.000000 -1.000000 0.000000
vn 0.000000 -1.000000 0.000000
vn 0.000000 -1.000000 0.000000
vn 0.000000 0.000000 1.000000
vn 0.000000 0.000000 1.000000
vn 0.000000 0.000000 1.000000
vn 0.000000 0.000000 1.000000
vn 0.000000 1.000000 0.000000
vn 0.000000 1.000000 0.000000
vn 0.000000 1.000000 0.000000
vn 0.000000 1.000000 0.000000
vn 0.000000 1.000000 0.000000
vn 0.000000 1.000000 0.000000
vn -0.001245 0.999998 0.001245
vn -0.008811 0.999941 0.006321
vn 0.000000 1.000000 0.000000
vn 0.000000 1.000000 0.000000
vn -0.022884 0.999708 -0.007756
vn -0.008811 0.999941 -0.006321
vn 0.000000 1.000000 0.000000
vn 0.000000 1.000000 0.000000
vn 0.000000 1.000000 0.000000
vn 0.000000 1.000000 0.000000
vn 0.180360 0.867553 0.463489
vn 0.088696 0.965971 0.242968
vn 0.076579 0.991241 0.107597
vn 0.239154 0.911487 0.334661
vn 0.167755 0.980640 -0.101014
vn 0.373298 0.912874 0.165254
vn 0.559017 0.818273 0.133898
vn 0.508223 0.860602 -0.032776
vn 0.019762 0.983803 -0.178162
vn 0.095978 0.966496 -0.238063
vn 0.278303 0.956073 -0.092045
vn 0.212110 0.953952 -0.212098
vn 0.000000 0.999474 -0.032426
vn 0.000000 0.969110 -0.246627
vn 0.051530 0.988111 -0.144847
vn 0.008210 0.999673 -0.024222
vn 0.000000 0.000000 -1.000000
vn 0.000000 0.000000 -1.000000
vn 0.000000 0.000000 -1.000000
vn 0.000000 0.000000 -1.000000
vn -0.050418 -0.988607 0.141826
vn 0.000000 -0.970078 0.242792
vn 0.000000 -0.999510 0.031288
vn -0.007897 -0.999695 0.023397
vn -0.286604 -0.952208 0.105634
vn -0.104139 -0.957710 0.268230
vn -0.023607 -0.981008 0.192526
vn -0.211955 -0.954022 0.211935
vn -0.558459 -0.817243 -0.142260
vn -0.375184 -0.909025 -0.181414
vn -0.160213 -0.984837 0.066544
vn -0.515043 -0.857137 0.006851
vn -0.073498 -0.991997 -0.102664
vn -0.086881 -0.967623 -0.236977
vn -0.178556 -0.870824 -0.458022
vn -0.235383 -0.914489 -0.329098
vn 0.000000 -1.000000 0.000000
vn 0.000000 -1.000000 0.000000
vn 0.000000 -1.000000 0.000000
vn 0.000000 -1.000000 0.000000
vn 0.022104 -0.999728 0.007461
vn 0.000000 -1.000000 0.000000
vn 0.000000 -1.000000 0.000000
vn 0.008568 -0.999945 0.006079
vn 0.001245 -0.999998 -0.001245
vn 0.000000 -1.000000 0.000000
vn 0.000000 -1.000000 0.000000
vn 0.008568 -0.999945 -0.006079
vn 0.000000 -1.000000 0.000000
vn 0.000000 -1.000000 0.000000
vn 0.000000 -1.000000 0.000000
vn 0.000000 -1.000000 0.000000
vn 0.000000 0.000000 1.000000
vn 0.000000 0.000000 1.000000
vn 0.000000 0.000000 1.000000
vn 0.000000 0.000000 1.000000
vn 0.000000 1.000000 0.000000
vn 0.000000 1.000000 0.000000
vn 0.000000 1.000000 0.000000
vn 0.000000 1.000000 0.000000
vn -0.232051 0.944619 0.232051
vn -0.137458 0.971615 0.192537
vn -0.107121 0.955117 0.276183
vn -0.160667 0.940429 0.299633
vn -0.232051 0.944619 -0.232051
vn -0.299633 0.940429 -0.160667
vn -0.199857 0.959226 -0.199857
vn -0.160667 0.940429 -0.299633
vn 0.000000 1.000000 0.000000
vn -0.006321 0.999941 -0.008811
vn -0.007756 0.999708 -0.022884
vn 0.000000 1.000000 0.000000
vn 0.078072 0.995775 -0.048343
vn 0.028949 0.999162 -0.028949
vn 0.052560 0.995882 -0.073870
vn 0.091238 0.991641 -0.091238
vn 0.141273 0.988450 0.054855
vn 0.160071 0.985855 0.049681
vn 0.118053 0.990982 0.063383
vn 0.091355 0.991619 0.091355
vn 0.144847 0.988111 -0.051530
vn 0.246743 0.969081 0.000124
vn 0.040908 0.999162 0.000975
vn 0.034475 0.999337 -0.011686
vn 0.000000 1.000000 0.000000
vn 0.004397 0.999981 -0.004397
vn 0.003950 0.999988 0.002836
vn 0.000557 1.000000 0.000557
vn 0.000000 0.000000 -1.000000
vn 0.000000 0.000000 -1.000000
vn 0.000000 0.000000 -1.000000
vn 0.000000 0.000000 -1.000000
vn -0.003842 -0.999989 -0.002727
vn -0.004194 -0.999982 0.004194
vn 0.000000 -1.000000 0.000000
vn -0.000557 -1.000000 -0.000557
vn -0.039498 -0.999219 -0.000988
vn -0.242911 -0.970049 -0.000126
vn -0.141826 -0.988607 0.050418
vn -0.033286 -0.999383 0.011226
vn -0.116990 -0.991144 -0.062829
vn -0.156443 -0.986471 -0.049003
vn -0.137227 -0.989067 -0.053995
vn -0.090418 -0.991791 -0.090418
vn -0.051747 -0.996011 0.072695
vn -0.028207 -0.999204 0.028207
vn -0.076446 -0.995918 0.047985
vn -0.090299 -0.991812 0.090299
vn 0.007461 -0.999728 0.022104
vn 0.006079 -0.999945 0.008568
vn 0.000000 -1.000000 0.000000
vn 0.000000 -1.000000 0.000000
vn 0.198358 -0.959848 0.198358
vn 0.297199 -0.941415 0.159408
vn 0.229888 -0.945676 0.229888
vn 0.159408 -0.941415 0.297199
vn 0.106053 -0.956092 -0.273204
vn 0.135434 -0.972468 -0.189639
vn 0.229888 -0.945676 -0.229888
vn 0.159408 -0.941415 -0.297199
vn 0.000000 -1.000000 0.000000
vn 0.000000 -1.000000 0.000000
vn 0.000000 -1.000000 0.000000
vn 0.000000 -1.000000 0.000000
vn 0.000000 0.000000 1.000000
vn 0.000000 0.000000 1.000000
vn 0.000000 0.000000 1.000000
vn 0.000000 0.000000 1.000000
vn 0.000000 1.000000 0.000000
vn 0.000000 1.000000 0.000000
vn 0.000000 1.000000 0.000000
vn 0.000000 1.000000 0.000000
vn 0.232051 0.944619 0.232051
vn 0.137458 0.971615 0.192537
vn 0.078937 0.993749 0.078937
vn 0.192537 0.971615 0.137458
vn 0.232051 0.944619 -0.232051
vn 0.299633 0.940429 -0.160667
vn 0.276183 0.955117 -0.107121
vn 0.192537 0.971615 -0.137458
vn 0.000000 1.000000 0.000000
vn 0.006321 0.999941 -0.008811
vn 0.001245 0.999998 -0.001245
vn 0.000000 1.000000 0.000000
vn -0.063383 0.990982 -0.118053
vn -0.041627 0.993222 -0.108526
vn -0.052560 0.995882 -0.073870
vn -0.091238 0.991641 -0.091238
vn -0.062202 0.991208 0.116780
vn -0.076952 0.994061 0.076952
vn -0.112591 0.991829 0.059993
vn -0.075522 0.993737 0.082356
vn 0.140772 0.987154 -0.075568
vn 0.105198 0.989109 -0.102937
vn 0.075443 0.987427 -0.138914
vn 0.092016 0.991497 -0.092016
vn 0.062816 0.994119 0.088217
vn 0.108766 0.988099 0.108766
vn 0.075568 0.987154 0.140772
vn 0.049692 0.990374 0.129190
vn 0.000000 0.000000 -1.000000
vn 0.000000 0.000000 -1.000000
vn 0.000000 0.000000 -1.000000
vn 0.000000 0.000000 -1.000000
vn -0.074894 -0.987387 -0.139493
vn -0.107656 -0.988342 -0.107656
vn -0.061868 -0.994299 -0.086839
vn -0.049129 -0.990590 -0.127738
vn -0.074899 -0.987628 0.137775
vn -0.104117 -0.989306 0.102146
vn -0.139493 -0.987387 0.074894
vn -0.091275 -0.991634 0.091275
vn 0.111704 -0.991952 -0.059603
vn 0.076328 -0.994157 -0.076328
vn 0.061656 -0.991366 -0.115723
vn 0.075245 -0.993810 -0.081733
vn 0.051747 -0.996011 0.072695
vn 0.041169 -0.993377 0.107275
vn 0.062829 -0.991144 0.116990
vn 0.090299 -0.991812 0.090299
vn -0.001245 -0.999998 0.001245
vn -0.006079 -0.999945 0.008568
vn 0.000000 -1.000000 0.000000
vn 0.000000 -1.000000 0.000000
vn -0.273204 -0.956092 0.106052
vn -0.297199 -0.941415 0.159408
vn -0.229888 -0.945676 0.229888
vn -0.189639 -0.972468 0.135434
vn -0.076978 -0.994057 -0.076978
vn -0.135434 -0.972468 -0.189639
vn -0.229888 -0.945676 -0.229888
vn -0.189639 -0.972468 -0.135434
vn 0.000000 -1.000000 0.000000
vn 0.000000 -1.000000 0.000000
vn 0.000000 -1.000000 0.000000
vn 0.000000 -1.000000 0.000000
vn 0.000000 0.000000 1.000000
vn 0.000000 0.000000 1.000000
vn 0.000000 0.000000 1.000000
vn 0.000000 0.000000 1.000000
vn 0.000000 1.000000 0.000000
vn 0.000000 1.000000 0.000000
vn 0.000000 1.000000 0.000000
vn 0.000000 1.000000 0.000000
vn 0.000000 1.000000 0.000000
vn 0.000000 1.000000 0.000000
vn 0.000000 1.000000 0.000000
vn 0.000000 1.000000 0.000000
vn 0.000000 1.000000 0.000000
vn 0.000000 1.000000 0.000000
vn 0.000000 1.000000 0.000000
vn -0.001619 0.999997 0.001619
vn 0.000000 1.000000 0.000000
vn 0.000000 1.000000 0.000000
vn -0.039824 0.999207 0.000000
vn -0.029752 0.999506 -0.010084
vn 0.010128 0.999646 -0.024614
vn 0.001872 0.999991 -0.003727
vn 0.002870 0.999960 -0.008468
vn 0.017523 0.998437 -0.053075
vn 0.115455 0.993312 -0.001317
vn 0.110899 0.992074 -0.059084
vn 0.075886 0.994225 -0.075886
vn 0.048290 0.998831 0.002198
vn -0.124906 0.990821 -0.051690
vn -0.058046 0.997758 -0.033312
vn -0.093040 0.994117 0.055453
vn -0.145721 0.989266 0.010875
vn -0.062816 0.994119 0.088217
vn -0.108766 0.988099 0.108766
vn -0.088217 0.994119 0.062816
vn -0.034752 0.998792 0.034752
vn 0.000000 0.000000 -1.000000
vn 0.000000 0.000000 -1.000000
vn 0.000000 0.000000 -1.000000
vn 0.000000 0.000000 -1.000000
vn 0.086839 -0.994299 -0.061868
vn 0.107656 -0.988342 -0.107656
vn 0.061868 -0.994299 -0.086839
vn 0.033856 -0.998853 -0.033856
vn 0.089091 -0.994518 -0.054745
vn 0.058081 -0.997726 0.034209
vn 0.124244 -0.990884 0.052077
vn 0.142098 -0.989793 -0.010881
vn -0.075270 -0.994318 0.075270
vn -0.110295 -0.992164 0.058694
vn -0.114786 -0.993390 0.001020
vn -0.048594 -0.998817 -0.001586
vn -0.002761 -0.999963 0.008180
vn -0.001782 -0.999992 0.003637
vn -0.010014 -0.999657 0.024181
vn -0.017089 -0.998505 0.051924
vn 0.038428 -0.999261 -0.000000
vn 0.000000 -1.000000 0.000000
vn 0.000000 -1.000000 0.000000
vn 0.028739 -0.999540 0.009700
vn 0.000000 -1.000000 0.000000
vn 0.000000 -1.000000 0.000000
vn 0.000000 -1.000000 0.000000
vn 0.001619 -0.999997 -0.001619
vn 0.000000 -1.000000 0.000000
vn 0.000000 -1.000000 0.000000
vn 0.000000 -1.000000 0.000000
vn 0.000000 -1.000000 0.000000
vn 0.000000 -1.000000 0.000000
vn 0.000000 -1.000000 0.000000
vn 0.000000 -1.000000 0.000000
vn 0.000000 -1.000000 0.000000
vn 0.000000 0.000000 1.000000
vn 0.000000 0.000000 1.000000
vn 0.000000 0.000000 1.000000
vn 0.000000 0.000000 1.000000
vn 0.000000 1.000000 0.000000
vn 0.000000 1.000000 0.000000
vn 0.000000 1.000000 0.000000
vn 0.000000 1.000000 0.000000
vn 0.000000 1.000000 0.000000
vn 0.000000 1.000000 0.000000
vn 0.000000 1.000000 0.000000
vn 0.000000 1.000000 0.000000
vn -0.183371 0.949890 0.253148
vn -0.053197 0.995722 0.075546
vn -0.072499 0.980222 0.184143
vn -0.195048 0.894990 0.401186
vn -0.459967 0.857728 -0.229638
vn -0.542907 0.839793 -0.000000
vn -0.438229 0.898863 0.000000
vn -0.445368 0.839828 -0.310382
vn -0.022500 0.999190 -0.033368
vn -0.055010 0.995440 -0.077931
vn -0.072566 0.980205 -0.184208
vn -0.019307 0.998965 -0.041194
vn -0.270645 0.938520 0.214318
vn -0.149455 0.988707 -0.011025
vn -0.167056 0.980173 0.106549
vn -0.228703 0.923572 0.307751
vn -0.350239 0.925259 -0.145702
vn -0.378634 0.924071 0.052236
vn -0.162817 0.986515 0.016713
vn -0.236803 0.948845 -0.208847
vn -0.007152 0.999926 -0.009849
vn -0.045455 0.996839 -0.065163
vn -0.055435 0.986379 -0.154868
vn -0.008883 0.999626 -0.025880
vn 0.000000 0.000000 -1.000000
vn 0.000000 0.000000 -1.000000
vn 0.000000 0.000000 -1.000000
vn 0.000000 0.000000 -1.000000
vn 0.054286 -0.986917 0.151813
vn 0.044776 -0.996978 0.063483
vn 0.006911 -0.999930 0.009608
vn 0.008547 -0.999649 0.025061
vn 0.162832 -0.986497 -0.017577
vn 0.377934 -0.924205 -0.054879
vn 0.347452 -0.926706 0.143154
vn 0.235765 -0.949642 0.206386
vn 0.167496 -0.980918 -0.098713
vn 0.146210 -0.989146 0.014613
vn 0.267275 -0.941064 -0.207273
vn 0.229316 -0.925254 -0.302192
vn 0.069453 -0.981275 0.179656
vn 0.053791 -0.995655 0.076012
vn 0.021966 -0.999223 0.032719
vn 0.018377 -0.999050 0.039517
vn 0.446464 -0.894801 -0.000000
vn 0.546268 -0.837611 0.000000
vn 0.456932 -0.859126 0.230469
vn 0.447905 -0.836672 0.315216
vn 0.069382 -0.981292 -0.179588
vn 0.052039 -0.995923 -0.073684
vn 0.179135 -0.952071 -0.247934
vn 0.189826 -0.899052 -0.394553
vn 0.000000 -1.000000 0.000000
vn 0.000000 -1.000000 0.000000
vn 0.000000 -1.000000 0.000000
vn 0.000000 -1.000000 0.000000
vn 0.000000 -1.000000 0.000000
vn 0.000000 -1.000000 0.000000
vn 0.000000 -1.000000 0.000000
vn 0.000000 -1.000000 0.000000
vn 0.000000 0.000000 1.000000
vn 0.000000 0.000000 1.000000
vn 0.000000 0.000000 1.000000
vn 0.000000 0.000000 1.000000
vn 0.000000 1.000000 0.000000
vn 0.000000 1.000000 0.000000
vn 0.000000 1.000000 0.000000
vn 0.000000 1.000000 0.000000
vn 0.000000 1.000000 0.000000
vn 0.000000 1.000000 0.000000
vn 0.000000 1.000000 0.000000
vn 0.000000 1.000000 0.000000
vn 0.185316 0.860262 0.474982
vn 0.070095 0.975039 0.210680
vn 0.055400 0.991319 0.119238
vn 0.194539 0.924684 0.327284
vn 0.374742 0.852984 -0.363299
vn 0.276726 0.960949 -0.000000
vn 0.531142 0.847283 0.000000
vn 0.492698 0.822351 -0.284583
vn 0.008441 0.999469 -0.031485
vn 0.070095 0.975039 -0.210680
vn 0.055400 0.991319 -0.119238
vn 0.007168 0.999848 -0.015885
vn 0.155117 0.963694 0.217332
vn 0.045455 0.996839 0.065163
vn 0.018219 0.999591 0.022050
vn 0.089860 0.991892 0.089860
vn 0.335022 0.924939 -0.179580
vn 0.338208 0.941072 0.000000
vn 0.384386 0.923172 0.000000
vn 0.309910 0.943120 -0.120336
vn 0.007152 0.999926 -0.009849
vn 0.045455 0.996839 -0.065163
vn 0.018219 0.999591 -0.022050
vn 0.001349 0.999998 -0.001349
vn 0.000000 0.000000 -1.000000
vn 0.000000 0.000000 -1.000000
vn 0.000000 0.000000 -1.000000
vn 0.000000 0.000000 -1.000000
vn -0.017776 -0.999616 0.021242
vn -0.044776 -0.996978 0.063483
vn -0.006911 -0.999930 0.009608
vn -0.001349 -0.999998 0.001349
vn -0.381320 -0.924443 -0.000000
vn -0.335624 -0.941996 0.000000
vn -0.332462 -0.926109 0.178302
vn -0.306595 -0.944357 0.119117
vn -0.017776 -0.999616 -0.021242
vn -0.044776 -0.996978 -0.063483
vn -0.153162 -0.964694 -0.214261
vn -0.087505 -0.992313 -0.087505
vn -0.050397 -0.993329 0.103723
vn -0.068802 -0.978708 0.193383
vn -0.008143 -0.999632 0.025858
vn -0.006118 -0.999914 0.011602
vn -0.546430 -0.837505 0.000000
vn -0.300292 -0.953847 -0.000000
vn -0.390367 -0.844304 0.367103
vn -0.497447 -0.819816 0.283634
vn -0.050397 -0.993329 -0.103723
vn -0.068802 -0.978708 -0.193383
vn -0.188793 -0.865589 -0.463803
vn -0.189334 -0.931481 -0.310639
vn 0.000000 -1.000000 0.000000
vn 0.000000 -1.000000 0.000000
vn 0.000000 -1.000000 0.000000
vn 0.000000 -1.000000 0.000000
vn 0.000000 -1.000000 0.000000
vn 0.000000 -1.000000 0.000000
vn 0.000000 -1.000000 0.000000
vn 0.000000 -1.000000 0.000000
vn 0.000000 0.000000 1.000000
vn 0.000000 0.000000 1.000000
vn 0.000000 0.000000 1.000000
vn 0.000000 0.000000 1.000000
vn 0.000000 1.000000 0.000000
vn 0.000000 1.000000 0.000000
vn 0.000000 1.000000 0.000000
vn 0.000000 1.000000 0.000000
vn 0.000000 1.000000 0.000000
vn 0.000000 1.000000 0.000000
vn 0.000000 1.000000 0.000000
vn 0.000000 1.000000 0.000000
vn 0.017237 0.999753 0.014004
vn 0.002346 0.999994 0.002346
vn 0.000000 1.000000 0.000000
vn 0.000442 1.000000 0.000442
vn 0.105039 0.993747 -0.037866
vn 0.181359 0.983417 -0.000000
vn 0.019816 0.999804 -0.000000
vn 0.014267 0.999883 -0.005550
vn 0.000000 1.000000 0.000000
vn 0.002346 0.999994 -0.002346
vn 0.000000 1.000000 0.000000
vn 0.000000 1.000000 0.000000
vn 0.000000 1.000000 0.000000
vn 0.000000 1.000000 0.000000
vn 0.000000 1.000000 0.000000
vn 0.000000 1.000000 0.000000
vn 0.000000 1.000000 0.000000
vn 0.000000 1.000000 0.000000
vn 0.000000 1.000000 0.000000
vn 0.000000 1.000000 0.000000
vn 0.000000 1.000000 0.000000
vn 0.000000 1.000000 0.000000
vn 0.000000 1.000000 0.000000
vn 0.000000 1.000000 0.000000
vn 0.000000 0.000000 -1.000000
vn 0.000000 0.000000 -1.000000
vn 0.000000 0.000000 -1.000000
vn 0.000000 0.000000 -1.000000
vn 0.000000 -1.000000 0.000000
vn 0.000000 -1.000000 0.000000
vn 0.000000 -1.000000 0.000000
vn 0.000000 -1.000000 0.000000
vn 0.000000 -1.000000 0.000000
vn 0.000000 -1.000000 0.000000
vn 0.000000 -1.000000 0.000000
vn 0.000000 -1.000000 0.000000
vn 0.000000 -1.000000 0.000000
vn 0.000000 -1.000000 0.000000
vn 0.000000 -1.000000 0.000000
vn 0.000000 -1.000000 0.000000
vn 0.000000 -1.000000 0.000000
vn -0.001477 -0.999998 0.001477
vn 0.000000 -1.000000 0.000000
vn 0.000000 -1.000000 0.000000
vn -0.014355 -0.999897 -0.000000
vn -0.156922 -0.987611 0.000000
vn -0.090451 -0.995357 0.032895
vn -0.009920 -0.999941 0.004436
vn 0.000000 -1.000000 0.000000
vn -0.001477 -0.999998 -0.001477
vn -0.015306 -0.999807 -0.012353
vn 0.000000 -1.000000 0.000000
vn 0.000000 -1.000000 0.000000
vn 0.000000 -1.000000 0.000000
vn 0.000000 -1.000000 0.000000
vn 0.000000 -1.000000 0.000000
vn 0.000000 -1.000000 0.000000
vn 0.000000 -1.000000 0.000000
vn 0.000000 -1.000000 0.000000
vn 0.000000 -1.000000 0.000000
vn 0.000000 0.000000 1.000000
vn 0.000000 0.000000 1.000000
vn 0.000000 0.000000 1.000000
vn 0.000000 0.000000 1.000000
vn 0.000000 1.000000 0.000000
vn 0.000000 1.000000 0.000000
vn 0.000000 1.000000 0.000000
vn 0.000000 1.000000 0.000000
vn 0.000000 1.000000 0.000000
vn 0.000000 1.000000 0.000000
vn 0.000000 1.000000 0.000000
vn 0.000000 1.000000 0.000000
vn 0.000000 1.000000 0.000000
vn 0.000000 1.000000 0.000000
vn 0.000000 1.000000 0.000000
vn 0.000000 1.000000 0.000000
vn 0.000000 1.000000 0.000000
vn 0.000000 1.000000 0.000000
vn 0.000000 1.000000 0.000000
vn 0.000000 1.000000 0.000000
vn 0.000000 1.000000 0.000000
vn 0.000000 1.000000 0.000000
vn 0.000000 1.000000 0.000000
vn 0.000000 1.000000 0.000000
vn 0.000000 1.000000 0.000000
vn 0.000000 1.000000 0.000000
vn 0.000000 1.000000 0.000000
vn 0.000000 1.000000 0.000000
vn 0.000000 1.000000 0.000000
vn 0.000000 1.000000 0.000000
vn 0.000000 1.000000 0.000000
vn 0.000000 1.000000 0.000000
vn 0.000000 1.000000 0.000000
vn 0.000000 1.000000 0.000000
vn 0.000000 1.000000 0.000000
vn 0.004154 0.999983 0.004154
vn 0.006321 0.999941 0.008811
vn 0.001245 0.999998 0.001245
vn 0.016577 0.999662 0.020047
vn 0.040012 0.997531 0.057709
vn -0.000000 0.999531 0.030635
vn 0.007756 0.999708 0.022884
vn 0.048694 0.989329 0.137322
vn -0.000000 0.972615 0.232421
vn -0.006321 0.999941 0.008811
vn -0.007756 0.999708 0.022884
vn -0.048694 0.989329 0.137322
vn -0.040012 0.997531 0.057709
vn 0.000000 1.000000 0.000000
vn -0.001245 0.999998 0.001245
vn -0.016577 0.999662 0.020047
vn -0.004154 0.999983 0.004154
vn 0.000000 1.000000 0.000000
vn 0.000000 1.000000 0.000000
vn 0.000000 1.000000 0.000000
vn 0.000000 1.000000 0.000000
vn 0.000000 1.000000 0.000000
vn 0.000000 1.000000 0.000000
vn 0.000000 1.000000 0.000000
vn 0.000000 1.000000 0.000000
vn 0.000000 1.000000 0.000000
vn 0.000000 1.000000 0.000000
vn 0.000000 1.000000 0.000000
vn 0.000000 1.000000 0.000000
vn 0.000000 1.000000 0.000000
vn 0.000000 1.000000 0.000000
vn 0.000000 1.000000 0.000000
vn 0.000000 1.000000 0.000000
vn -1.000000 0.000000 0.000000
vn -1.000000 0.000000 0.000000
vn -1.000000 0.000000 0.000000
vn -1.000000 0.000000 0.000000
vn 0.000000 -1.000000 0.000000
vn 0.000000 -1.000000 0.000000
vn 0.000000 -1.000000 0.000000
vn 0.000000 -1.000000 0.000000
vn 0.000000 -1.000000 0.000000
vn 0.000000 -1.000000 0.000000
vn 0.000000 -1.000000 0.000000
vn 0.000000 -1.000000 0.000000
vn 0.000000 -1.000000 0.000000
vn 0.000000 -1.000000 0.000000
vn 0.000000 -1.000000 0.000000
vn 0.000000 -1.000000 0.000000
vn 0.000000 -1.000000 0.000000
vn 0.000000 -1.000000 0.000000
vn 0.000000 -1.000000 0.000000
vn 0.000000 -1.000000 0.000000
vn 0.001245 -0.999998 -0.001245
vn 0.000000 -1.000000 0.000000
vn 0.003962 -0.999984 -0.003962
vn 0.016226 -0.999679 -0.019479
vn 0.007461 -0.999728 -0.022104
vn 0.006079 -0.999945 -0.008568
vn 0.039220 -0.997636 -0.056423
vn 0.047636 -0.989774 -0.134453
vn -0.007461 -0.999728 -0.022104
vn 0.000000 -0.999563 -0.029560
vn 0.000000 -0.973485 -0.228749
vn -0.047636 -0.989774 -0.134453
vn -0.001245 -0.999998 -0.001245
vn -0.006079 -0.999945 -0.008568
vn -0.039220 -0.997636 -0.056423
vn -0.016226 -0.999679 -0.019479
vn 0.000000 -1.000000 0.000000
vn 0.000000 -1.000000 0.000000
vn -0.003962 -0.999984 -0.003962
vn 0.000000 -1.000000 0.000000
vn 0.000000 -1.000000 0.000000
vn 0.000000 -1.000000 0.000000
vn 0.000000 -1.000000 0.000000
vn 0.000000 -1.000000 0.000000
vn 0.000000 -1.000000 0.000000
vn 0.000000 -1.000000 0.000000
vn 0.000000 -1.000000 0.000000
vn 0.000000 -1.000000 0.000000
vn 0.000000 -1.000000 0.000000
vn 0.000000 -1.000000 0.000000
vn 0.000000 -1.000000 0.000000
vn 0.000000 -1.000000 0.000000
vn 0.000000 -1.000000 0.000000
vn 0.000000 -1.000000 0.000000
vn 0.000000 -1.000000 0.000000
vn 0.000000 -1.000000 0.000000
vn 0.000000 -1.000000 0.000000
vn 0.000000 -1.000000 0.000000
vn 0.000000 -1.000000 0.000000
vn 0.000000 -1.000000 0.000000
vn 0.000000 -1.000000 0.000000
vn 0.000000 -1.000000 0.000000
vn 0.000000 -1.000000 0.000000
vn 0.000000 -1.000000 0.000000
vn 0.000000 -1.000000 0.000000
vn 0.000000 -1.000000 0.000000
vn 0.000000 -1.000000 0.000000
vn 0.000000 -1.000000 0.000000
vn 1.000000 0.000000 0.000000
vn 1.000000 0.000000 0.000000
vn 1.000000 0.000000 0.000000
vn 1.000000 0.000000 0.000000
vn 0.000000 1.000000 0.000000
vn 0.000000 1.000000 0.000000
vn 0.000000 1.000000 0.000000
vn 0.000000 1.000000 0.000000
vn 0.000000 1.000000 0.000000
vn 0.000000 1.000000 0.000000
vn 0.000442 1.000000 0.000442
vn 0.003917 0.999981 0.004801
vn 0.008441 0.999469 0.031485
vn 0.000000 1.000000 0.000000
vn 0.000000 1.000000 0.000000
vn 0.007168 0.999848 0.015885
vn 0.000000 1.000000 0.000000
vn 0.000000 1.000000 0.000000
vn 0.004637 0.998997 0.044544
vn -0.004138 0.998976 0.045042
vn -0.008220 0.999901 0.011456
vn 0.000000 1.000000 0.000000
vn 0.000000 1.000000 0.000000
vn -0.010629 0.999484 0.030297
vn 0.000000 1.000000 0.000000
vn 0.000000 1.000000 0.000000
vn -0.001619 0.999997 0.001619
vn 0.000000 1.000000 0.000000
vn 0.000000 1.000000 0.000000
vn 0.000000 1.000000 0.000000
vn 0.000000 1.000000 0.000000
vn 0.000000 1.000000 0.000000
vn 0.137322 0.989329 0.048695
vn 0.022884 0.999708 0.007756
vn 0.030635 0.999531 -0.000000
vn 0.232421 0.972615 -0.000000
vn 0.301488 0.953470 -0.000000
vn 0.299633 0.940429 0.160667
vn 0.276183 0.955117 0.107121
vn 0.343486 0.939158 0.000000
vn 0.000000 0.991945 0.126672
vn 0.199858 0.959226 0.199857
vn 0.126672 0.991945 -0.000000
vn 0.000000 1.000000 -0.000000
vn -0.301488 0.953470 -0.000000
vn -0.299633 0.940429 0.160667
vn -0.199858 0.959226 0.199857
vn -0.126672 0.991945 -0.000000
vn -0.137322 0.989329 0.048695
vn -0.276183 0.955117 0.107121
vn -0.343486 0.939158 -0.000000
vn -0.232421 0.972615 -0.000000
vn 0.000000 1.000000 0.000000
vn 0.000000 1.000000 0.000000
vn -0.022884 0.999708 0.007756
vn -0.030635 0.999531 0.000000
vn 0.000000 1.000000 0.000000
vn 0.000000 1.000000 0.000000
vn 0.000000 1.000000 0.000000
vn 0.000000 1.000000 0.000000
vn 0.000000 1.000000 0.000000
vn 0.000000 1.000000 0.000000
vn 0.000000 1.000000 0.000000
vn 0.000000 1.000000 0.000000
vn 0.000000 1.000000 0.000000
vn 0.000000 1.000000 0.000000
vn 0.000000 1.000000 0.000000
vn 0.000000 1.000000 0.000000
vn -1.000000 0.000000 0.000000
vn -1.000000 0.000000 0.000000
vn -1.000000 0.000000 0.000000
vn -1.000000 0.000000 0.000000
vn 0.000000 -1.000000 0.000000
vn 0.000000 -1.000000 0.000000
vn 0.000000 -1.000000 0.000000
vn 0.000000 -1.000000 0.000000
vn 0.000000 -1.000000 0.000000
vn 0.000000 -1.000000 0.000000
vn 0.000000 -1.000000 0.000000
vn 0.000000 -1.000000 0.000000
vn 0.000000 -1.000000 0.000000
vn 0.000000 -1.000000 0.000000
vn 0.000000 -1.000000 0.000000
vn 0.000000 -1.000000 0.000000
vn 0.022104 -0.999728 -0.007461
vn 0.000000 -1.000000 0.000000
vn 0.000000 -1.000000 0.000000
vn 0.029560 -0.999563 0.000000
vn 0.273204 -0.956092 -0.106052
vn 0.134453 -0.989774 -0.047636
vn 0.228749 -0.973485 -0.000000
vn 0.340507 -0.940242 0.000000
vn 0.198358 -0.959848 -0.198358
vn 0.297199 -0.941415 -0.159408
vn 0.299264 -0.954170 -0.000000
vn 0.125762 -0.992060 -0.000000
vn -0.198358 -0.959848 -0.198358
vn 0.000000 -0.992060 -0.125762
vn -0.000000 -1.000000 0.000000
vn -0.125762 -0.992060 0.000000
vn -0.273204 -0.956092 -0.106052
vn -0.297199 -0.941415 -0.159408
vn -0.299264 -0.954170 -0.000000
vn -0.340507 -0.940242 -0.000000
vn -0.022104 -0.999728 -0.007461
vn -0.134453 -0.989774 -0.047636
vn -0.228749 -0.973485 -0.000000
vn -0.029560 -0.999563 0.000000
vn 0.000000 -1.000000 0.000000
vn 0.000000 -1.000000 0.000000
vn 0.000000 -1.000000 0.000000
vn 0.000000 -1.000000 0.000000
vn 0.000000 -1.000000 0.000000
vn 0.000000 -1.000000 0.000000
vn 0.000000 -1.000000 0.000000
vn 0.001619 -0.999997 -0.001619
vn 0.000000 -1.000000 0.000000
vn 0.000000 -1.000000 0.000000
vn 0.007904 -0.999907 -0.011141
vn 0.009908 -0.999532 -0.028946
vn 0.000000 -1.000000 0.000000
vn 0.000000 -1.000000 0.000000
vn 0.002980 -0.999121 -0.041818
vn -0.005408 -0.999209 -0.039394
vn 0.000000 -1.000000 0.000000
vn 0.000000 -1.000000 0.000000
vn -0.008143 -0.999632 -0.025858
vn -0.006118 -0.999914 -0.011602
vn 0.000000 -1.000000 0.000000
vn 0.000000 -1.000000 0.000000
vn -0.002742 -0.999992 -0.002742
vn 0.000000 -1.000000 0.000000
vn 0.000000 -1.000000 0.000000
vn 0.000000 -1.000000 0.000000
vn 0.000000 -1.000000 0.000000
vn 0.000000 -1.000000 0.000000
vn 1.000000 0.000000 0.000000
vn 1.000000 0.000000 0.000000
vn 1.000000 0.000000 0.000000
vn 1.000000 0.000000 0.000000
vn 0.105039 0.993747 0.037866
vn 0.039213 0.998858 0.027293
vn 0.004801 0.999981 0.003917
vn 0.014267 0.999883 0.005550
vn 0.274380 0.928019 0.251985
vn 0.158478 0.980666 0.114803
vn 0.252110 0.962083 0.104105
vn 0.415539 0.888215 0.195965
vn 0.374742 0.852984 0.363299
vn 0.286422 0.803866 0.521309
vn 0.364731 0.839122 0.403542
vn 0.492698 0.822351 0.284583
vn -0.196041 0.814000 0.546784
vn 0.060203 0.838840 0.541039
vn 0.069849 0.967823 0.241744
vn -0.263945 0.886993 0.378916
vn -0.459966 0.857728 0.229638
vn -0.332850 0.886654 0.321025
vn -0.333265 0.826798 0.453143
vn -0.445368 0.839828 0.310382
vn -0.075137 0.995775 0.052786
vn -0.247604 0.952485 0.177385
vn -0.359628 0.922010 0.143407
vn -0.175550 0.982444 0.063127
vn 0.000000 1.000000 0.000000
vn 0.000000 1.000000 0.000000
vn -0.011456 0.999901 0.008220
vn -0.029752 0.999506 0.010084
vn 0.020047 0.999662 -0.016577
vn 0.001245 0.999998 -0.001245
vn 0.000000 1.000000 0.000000
vn 0.004154 0.999983 -0.004154
vn 0.040012 0.997531 -0.057709
vn 0.137458 0.971615 -0.192537
vn 0.078937 0.993749 -0.078937
vn 0.016577 0.999662 -0.020047
vn 0.000000 0.939158 -0.343486
vn 0.107121 0.955117 -0.276183
vn 0.048695 0.989329 -0.137322
vn 0.000000 0.972615 -0.232421
vn -0.040012 0.997531 -0.057709
vn -0.137458 0.971614 -0.192537
vn -0.107121 0.955117 -0.276183
vn -0.048695 0.989329 -0.137322
vn -0.020047 0.999662 -0.016577
vn -0.078937 0.993749 -0.078937
vn -0.016577 0.999662 -0.020047
vn -0.004154 0.999983 -0.004154
vn 0.000000 1.000000 0.000000
vn 0.000000 1.000000 0.000000
vn -0.001245 0.999998 -0.001245
vn 0.000000 1.000000 0.000000
vn 0.000000 1.000000 0.000000
vn 0.000000 1.000000 0.000000
vn 0.000000 1.000000 0.000000
vn 0.000000 1.000000 0.000000
vn 0.000000 1.000000 0.000000
vn 0.000000 1.000000 0.000000
vn 0.000000 1.000000 0.000000
vn 0.000000 1.000000 0.000000
vn 0.000000 1.000000 0.000000
vn 0.000000 1.000000 0.000000
vn 0.000000 1.000000 0.000000
vn 0.000000 1.000000 0.000000
vn -1.000000 0.000000 0.000000
vn -1.000000 0.000000 0.000000
vn -1.000000 0.000000 0.000000
vn -1.000000 0.000000 0.000000
vn 0.000000 -1.000000 0.000000
vn 0.000000 -1.000000 0.000000
vn 0.000000 -1.000000 0.000000
vn 0.000000 -1.000000 0.000000
vn 0.000000 -1.000000 0.000000
vn 0.000000 -1.000000 0.000000
vn 0.000000 -1.000000 0.000000
vn 0.000000 -1.000000 0.000000
vn 0.000000 -1.000000 0.000000
vn 0.000000 -1.000000 0.000000
vn 0.000000 -1.000000 0.000000
vn 0.000000 -1.000000 0.000000
vn 0.001245 -0.999998 0.001245
vn 0.000000 -1.000000 0.000000
vn 0.000000 -1.000000 0.000000
vn 0.000000 -1.000000 0.000000
vn 0.076978 -0.994057 0.076978
vn 0.019479 -0.999679 0.016226
vn 0.003962 -0.999984 0.003962
vn 0.016226 -0.999679 0.019479
vn 0.106052 -0.956092 0.273204
vn 0.135434 -0.972468 0.189639
vn 0.039220 -0.997636 0.056423
vn 0.047636 -0.989774 0.134453
vn -0.106052 -0.956092 0.273204
vn 0.000000 -0.940242 0.340507
vn 0.000000 -0.973485 0.228749
vn -0.047636 -0.989774 0.134453
vn -0.076978 -0.994057 0.076978
vn -0.135434 -0.972468 0.189639
vn -0.039220 -0.997636 0.056423
vn -0.016226 -0.999679 0.019479
vn -0.001245 -0.999998 0.001245
vn -0.019479 -0.999679 0.016226
vn -0.003962 -0.999984 0.003962
vn 0.000000 -1.000000 0.000000
vn 0.011141 -0.999907 -0.007904
vn 0.000000 -1.000000 0.000000
vn 0.000000 -1.000000 0.000000
vn 0.028739 -0.999540 -0.009700
vn 0.243529 -0.954088 -0.174383
vn 0.073352 -0.995965 -0.051706
vn 0.171918 -0.983171 -0.061801
vn 0.354979 -0.924019 -0.142053
vn 0.330717 -0.827507 -0.453716
vn 0.327574 -0.889599 -0.318291
vn 0.456932 -0.859125 -0.230469
vn 0.447905 -0.836672 -0.315216
vn -0.070747 -0.832152 -0.550016
vn 0.194018 -0.811512 -0.551185
vn 0.264971 -0.882733 -0.388037
vn -0.084931 -0.964474 -0.250153
vn -0.364545 -0.842731 -0.396121
vn -0.295782 -0.801413 -0.519856
vn -0.390368 -0.844304 -0.367103
vn -0.497447 -0.819816 -0.283634
vn -0.141740 -0.984484 -0.103441
vn -0.261841 -0.934831 -0.239856
vn -0.405595 -0.893867 -0.191035
vn -0.233596 -0.967473 -0.097107
vn -0.002742 -0.999992 -0.002742
vn -0.031987 -0.999249 -0.021869
vn -0.090451 -0.995357 -0.032895
vn -0.009920 -0.999941 -0.004436
vn 1.000000 0.000000 0.000000
vn 1.000000 0.000000 0.000000
vn 1.000000 0.000000 0.000000
vn 1.000000 0.000000 0.000000
vn 0.017237 0.999753 -0.014004
vn 0.039213 0.998858 -0.027293
vn 0.004801 0.999981 -0.003917
vn 0.000442 1.000000 -0.000442
vn 0.274380 0.928019 -0.251985
vn 0.158478 0.980666 -0.114803
vn 0.056423 0.996811 -0.056423
vn 0.126418 0.977429 -0.169264
vn 0.185316 0.860262 -0.474982
vn 0.286422 0.803866 -0.521309
vn 0.364731 0.839122 -0.403542
vn 0.194539 0.924684 -0.327284
vn -0.196041 0.814000 -0.546784
vn 0.060202 0.838840 -0.541039
vn 0.047513 0.797278 -0.601740
vn -0.126207 0.848099 -0.514587
vn -0.183371 0.949890 -0.253148
vn -0.332850 0.886654 -0.321025
vn -0.333265 0.826798 -0.453143
vn -0.195048 0.894990 -0.401186
vn -0.075137 0.995775 -0.052786
vn -0.247604 0.952485 -0.177385
vn -0.102886 0.989358 -0.102886
vn -0.023619 0.999526 -0.019768
vn 0.000000 1.000000 0.000000
vn 0.000000 1.000000 0.000000
vn -0.011456 0.999901 -0.008220
vn -0.001619 0.999997 -0.001619
vn -0.000467 1.000000 -0.000467
vn 0.000000 1.000000 0.000000
vn -0.001558 0.999998 -0.001558
vn -0.007780 0.999923 -0.009659
vn -0.017783 0.998393 -0.053804
vn -0.002910 0.999959 -0.008587
vn -0.002371 0.999992 -0.003305
vn -0.015001 0.999613 -0.023424
vn 0.002910 0.999959 -0.008587
vn 0.000000 0.999934 -0.011497
vn 0.000000 0.996981 -0.077650
vn 0.017783 0.998393 -0.053804
vn 0.007780 0.999923 -0.009659
vn 0.000467 1.000000 -0.000467
vn 0.002371 0.999992 -0.003305
vn 0.015001 0.999613 -0.023424
vn 0.000000 1.000000 0.000000
vn 0.000000 1.000000 0.000000
vn 0.001558 0.999998 -0.001558
vn 0.002300 0.999995 0.002300
vn 0.014348 0.999001 0.042316
vn 0.000000 1.000000 0.000000
vn 0.000000 1.000000 0.000000
vn 0.011695 0.999799 0.016295
vn 0.000000 1.000000 0.000000
vn 0.000000 1.000000 0.000000
vn 0.000000 0.998395 0.056629
vn -0.014348 0.999001 0.042316
vn -0.002300 0.999995 0.002300
vn 0.000000 1.000000 0.000000
vn 0.000000 1.000000 0.000000
vn -0.011695 0.999799 0.016295
vn 0.000000 1.000000 0.000000
vn 0.000000 1.000000 0.000000
vn 0.000000 1.000000 0.000000
vn 0.000000 1.000000 0.000000
vn -1.000000 0.000000 0.000000
vn -1.000000 0.000000 0.000000
vn -1.000000 0.000000 0.000000
vn -1.000000 0.000000 0.000000
vn 0.000000 -1.000000 0.000000
vn 0.000000 -1.000000 0.000000
vn 0.000000 -1.000000 0.000000
vn 0.000000 -1.000000 0.000000
vn 0.000000 -1.000000 0.000000
vn 0.000000 -1.000000 0.000000
vn 0.002055 -0.999996 -0.002055
vn 0.011098 -0.999823 -0.015208
vn 0.000000 -1.000000 0.000000
vn 0.000000 -1.000000 0.000000
vn 0.013865 -0.999097 -0.040152
vn 0.000000 -0.998542 -0.053986
vn 0.000000 -1.000000 0.000000
vn 0.000000 -1.000000 0.000000
vn -0.013865 -0.999097 -0.040152
vn -0.011098 -0.999823 -0.015208
vn 0.000000 -1.000000 0.000000
vn 0.000000 -1.000000 0.000000
vn -0.002055 -0.999996 -0.002055
vn -0.001486 -0.999998 0.001486
vn -0.002281 -0.999992 0.003214
vn -0.000467 -1.000000 0.000467
vn -0.007630 -0.999927 0.009390
vn -0.014750 -0.999626 0.023045
vn 0.000000 -0.999939 0.011093
vn -0.002799 -0.999962 0.008294
vn -0.017343 -0.998463 0.052638
vn 0.000000 -0.997093 0.076189
vn 0.002281 -0.999992 0.003214
vn 0.002799 -0.999962 0.008294
vn 0.017343 -0.998463 0.052638
vn 0.014750 -0.999626 0.023045
vn 0.000000 -1.000000 0.000000
vn 0.000467 -1.000000 0.000467
vn 0.007630 -0.999927 0.009390
vn 0.001486 -0.999998 0.001486
vn 0.011141 -0.999907 0.007904
vn 0.000000 -1.000000 0.000000
vn 0.000000 -1.000000 0.000000
vn 0.001619 -0.999997 0.001619
vn 0.243529 -0.954088 0.174383
vn 0.073352 -0.995965 0.051706
vn 0.022941 -0.999550 0.019330
vn 0.100376 -0.989873 0.100376
vn 0.330717 -0.827507 0.453716
vn 0.327574 -0.889599 0.318291
vn 0.179135 -0.952071 0.247934
vn 0.189826 -0.899052 0.394553
vn -0.070748 -0.832152 0.550016
vn 0.194018 -0.811512 0.551185
vn 0.121700 -0.851126 0.510659
vn -0.054811 -0.797793 0.600435
vn -0.364545 -0.842731 0.396121
vn -0.295782 -0.801413 0.519856
vn -0.188793 -0.865589 0.463803
vn -0.189334 -0.931481 0.310639
vn -0.141740 -0.984485 0.103441
vn -0.261841 -0.934831 0.239856
vn -0.114891 -0.981629 0.152328
vn -0.045110 -0.997963 0.045110
vn -0.002742 -0.999992 0.002742
vn -0.031987 -0.999249 0.021869
vn -0.015306 -0.999807 0.012353
vn 0.000000 -1.000000 0.000000
vn 1.000000 0.000000 0.000000
vn 1.000000 0.000000 0.000000
vn 1.000000 0.000000 0.000000
vn 1.000000 0.000000 0.000000
vn 0.000000 1.000000 0.000000
vn 0.000000 1.000000 0.000000
vn 0.000000 1.000000 0.000000
vn 0.000000 1.000000 0.000000
vn 0.000000 1.000000 0.000000
vn 0.000000 1.000000 0.000000
vn 0.000000 1.000000 0.000000
vn 0.000000 1.000000 0.000000
vn 0.007152 0.999926 0.009849
vn 0.000000 1.000000 0.000000
vn 0.000000 1.000000 0.000000
vn 0.001349 0.999998 0.001349
vn -0.009547 0.999925 -0.007688
vn -0.000460 1.000000 -0.000460
vn 0.005389 0.999659 0.025569
vn -0.042799 0.998934 0.017271
vn -0.101044 0.992130 -0.073954
vn -0.051833 0.995995 -0.072854
vn -0.028543 0.999185 -0.028543
vn -0.094123 0.994766 -0.039777
vn -0.000000 0.991397 -0.130891
vn -0.041055 0.993404 -0.107061
vn -0.065080 0.991358 -0.113906
vn 0.000000 0.993087 -0.117384
vn 0.078512 0.992991 -0.088340
vn 0.040167 0.996411 -0.074510
vn 0.041055 0.993404 -0.107061
vn 0.062520 0.991228 -0.116443
vn -0.092930 0.994252 -0.053161
vn -0.024920 0.998766 -0.042969
vn -0.004932 0.998374 -0.056788
vn -0.111291 0.993721 -0.011558
vn -0.051287 0.998684 0.000000
vn -0.076952 0.994061 -0.076952
vn -0.117229 0.991027 -0.064215
vn -0.118397 0.992966 -0.000426
vn 0.076952 0.994061 -0.076952
vn 0.000000 0.998684 -0.051287
vn 0.000000 1.000000 0.000000
vn 0.051287 0.998684 0.000000
vn 0.144210 0.989539 0.003933
vn 0.132452 0.990869 -0.025214
vn 0.118053 0.990982 -0.063383
vn 0.118980 0.992897 -0.000000
vn 0.344032 0.908669 0.236564
vn 0.154308 0.986959 0.045834
vn 0.295064 0.951089 0.091468
vn 0.472560 0.862009 0.183381
vn 0.340776 0.866929 0.363739
vn 0.263005 0.830730 0.490628
vn 0.382708 0.840874 0.382708
vn 0.495681 0.824081 0.274211
vn -0.263005 0.830730 0.490628
vn 0.000000 0.863523 0.504309
vn -0.015571 0.962890 0.269445
vn -0.341473 0.875672 0.341460
vn -0.463489 0.867553 0.180360
vn -0.334661 0.911487 0.239154
vn -0.382709 0.840874 0.382708
vn -0.490654 0.830704 0.263039
vn -0.032571 0.999196 0.023376
vn -0.107597 0.991241 0.076579
vn -0.242968 0.965971 0.088696
vn -0.084379 0.996023 0.028610
vn -1.000000 0.000000 0.000000
vn -1.000000 0.000000 0.000000
vn -1.000000 0.000000 0.000000
vn -1.000000 0.000000 0.000000
vn 0.080087 -0.996404 -0.027655
vn 0.236977 -0.967623 -0.086881
vn 0.102664 -0.991997 -0.073498
vn 0.030400 -0.999292 -0.022184
vn 0.378919 -0.844299 -0.378919
vn 0.329098 -0.914489 -0.235383
vn 0.458022 -0.870824 -0.178556
vn 0.486345 -0.833853 -0.261068
vn 0.000000 -0.865942 -0.500145
vn 0.261028 -0.833885 -0.486313
vn 0.338880 -0.877685 -0.338866
vn 0.017174 -0.962085 -0.272209
vn -0.378919 -0.844299 -0.378919
vn -0.261028 -0.833885 -0.486314
vn -0.338429 -0.868047 -0.363262
vn -0.492005 -0.826675 -0.273020
vn -0.148288 -0.988066 -0.041673
vn -0.338207 -0.911804 -0.232873
vn -0.466946 -0.865431 -0.181634
vn -0.288365 -0.953313 -0.089663
vn -0.116990 -0.991144 0.062829
vn -0.129728 -0.991224 0.025416
vn -0.142396 -0.989802 -0.003839
vn -0.118028 -0.993010 0.000000
vn 0.000000 -0.998702 0.050936
vn -0.076328 -0.994157 0.076328
vn -0.050936 -0.998702 0.000000
vn 0.000000 -1.000000 0.000000
vn 0.116166 -0.991188 0.063661
vn 0.076328 -0.994157 0.076328
vn 0.050936 -0.998702 0.000000
vn 0.117456 -0.993078 0.000413
vn 0.024393 -0.998826 0.041853
vn 0.092196 -0.994360 0.052420
vn 0.110943 -0.993765 0.011071
vn 0.004822 -0.998430 0.055801
vn -0.040603 -0.993555 0.105826
vn -0.039847 -0.996519 0.073230
vn -0.078209 -0.993100 0.087385
vn -0.061973 -0.991385 0.115393
vn 0.040603 -0.993555 0.105826
vn 0.000000 -0.991571 0.129564
vn 0.000000 -0.993197 0.116445
vn 0.064028 -0.991489 0.113357
vn 0.027812 -0.999226 0.027812
vn 0.051031 -0.996120 0.071695
vn 0.099729 -0.992230 0.074395
vn 0.090954 -0.995141 0.037707
vn 0.000460 -1.000000 0.000460
vn 0.009281 -0.999929 0.007539
vn 0.042179 -0.998981 -0.016075
vn -0.005154 -0.999680 -0.024774
vn 0.000000 -1.000000 0.000000
vn 0.000000 -1.000000 0.000000
vn -0.006911 -0.999930 -0.009608
vn -0.001349 -0.999998 -0.001349
vn 0.000000 -1.000000 0.000000
vn 0.000000 -1.000000 0.000000
vn 0.000000 -1.000000 0.000000
vn 0.000000 -1.000000 0.000000
vn 0.000000 -1.000000 0.000000
vn 0.000000 -1.000000 0.000000
vn 0.000000 -1.000000 0.000000
vn 0.000000 -1.000000 0.000000
vn 1.000000 0.000000 0.000000
vn 1.000000 0.000000 0.000000
vn 1.000000 0.000000 0.000000
vn 1.000000 0.000000 0.000000
vn 0.000000 1.000000 0.000000
vn 0.000000 1.000000 0.000000
vn 0.000000 1.000000 0.000000
vn 0.000000 1.000000 0.000000
vn 0.065163 0.996839 0.045455
vn 0.009849 0.999926 0.007152
vn 0.025880 0.999626 0.008883
vn 0.154868 0.986379 0.055435
vn 0.335021 0.924939 0.179580
vn 0.259776 0.930071 0.259776
vn 0.217332 0.963694 0.155117
vn 0.309910 0.943120 0.120336
vn -0.041266 0.934183 0.354400
vn 0.169594 0.926054 0.337136
vn 0.219619 0.948505 0.228269
vn -0.018510 0.987594 0.155932
vn -0.400931 0.880590 0.252617
vn -0.353314 0.884883 0.303564
vn -0.269850 0.892576 0.361233
vn -0.286565 0.919991 0.267391
vn -0.056058 0.994297 0.090727
vn -0.281092 0.933698 0.221802
vn -0.355160 0.907672 0.223590
vn -0.166686 0.972262 0.164083
vn 0.029729 0.999161 -0.028165
vn 0.096240 0.994874 0.031029
vn 0.055967 0.995156 0.080821
vn 0.023966 0.995494 0.091743
vn 0.004691 0.999944 -0.009453
vn 0.069999 0.997055 -0.031338
vn 0.035358 0.996143 -0.080311
vn 0.037512 0.992165 -0.119166
vn 0.048979 0.998749 -0.010088
vn -0.022070 0.996649 0.078770
vn -0.021984 0.999726 -0.007983
vn 0.038146 0.994054 -0.101985
vn 0.044812 0.993423 0.105372
vn 0.004293 0.991857 0.127285
vn 0.036227 0.998650 0.037238
vn 0.034463 0.998781 0.035347
vn 0.154811 0.986536 0.052720
vn 0.124999 0.990292 0.060801
vn 0.056403 0.995415 0.077254
vn 0.043791 0.998364 0.036772
vn 0.522512 0.852621 -0.004383
vn 0.368389 0.927714 0.060297
vn 0.359346 0.931817 0.050865
vn 0.439133 0.898381 0.008598
vn 0.196278 0.938198 -0.285060
vn 0.274974 0.929272 -0.246664
vn 0.493443 0.860441 -0.127107
vn 0.389723 0.912600 -0.123603
vn -0.444535 0.842006 -0.305639
vn -0.113748 0.957681 -0.264402
vn -0.178502 0.919924 -0.349110
vn -0.425286 0.850168 -0.310397
vn -0.284878 0.952248 -0.109857
vn -0.420762 0.887228 -0.189172
vn -0.526874 0.808364 -0.262587
vn -0.469171 0.851682 -0.233487
vn -0.032571 0.999196 -0.023376
vn -0.121366 0.990334 -0.067153
vn -0.051238 0.998505 -0.019016
vn -0.004601 0.999979 -0.004601
vn -1.000000 0.000000 0.000000
vn -1.000000 0.000000 0.000000
vn -1.000000 0.000000 0.000000
vn -1.000000 0.000000 0.000000
vn 0.004111 -0.999983 0.004111
vn 0.050425 -0.998552 0.018762
vn 0.115836 -0.991163 0.064630
vn 0.030400 -0.999292 0.022184
vn 0.533863 -0.805772 0.256365
vn 0.419283 -0.888656 0.185723
vn 0.281191 -0.953476 0.108697
vn 0.475077 -0.847853 0.235473
vn 0.128150 -0.963468 0.235173
vn 0.459728 -0.837514 0.295330
vn 0.437126 -0.841924 0.316361
vn 0.187996 -0.914434 0.358425
vn -0.505732 -0.853970 0.122353
vn -0.281268 -0.930322 0.235349
vn -0.204608 -0.933606 0.294135
vn -0.404146 -0.903861 0.140361
vn -0.368297 -0.927638 -0.062013
vn -0.543116 -0.839534 0.014398
vn -0.437693 -0.899001 -0.014930
vn -0.360012 -0.931670 -0.048803
vn -0.055577 -0.995553 -0.076060
vn -0.121502 -0.990763 -0.060216
vn -0.151720 -0.987080 -0.051517
vn -0.042547 -0.998455 -0.035743
vn -0.004261 -0.992020 -0.126011
vn -0.044202 -0.993566 -0.104270
vn -0.033418 -0.998843 -0.034593
vn -0.035362 -0.998705 -0.036583
vn 0.022017 -0.999727 0.007883
vn 0.022119 -0.996674 -0.078431
vn -0.048287 -0.998784 0.009909
vn -0.037757 -0.994146 0.101232
vn -0.068160 -0.997202 0.030711
vn -0.004490 -0.999947 0.009211
vn -0.036589 -0.992288 0.118432
vn -0.034362 -0.996261 0.079262
vn -0.057859 -0.995088 -0.080323
vn -0.095998 -0.994856 -0.032328
vn -0.029081 -0.999183 0.028056
vn -0.026154 -0.995469 -0.091419
vn 0.274034 -0.936870 -0.217211
vn 0.051192 -0.994889 -0.087034
vn 0.157729 -0.973986 -0.162703
vn 0.349479 -0.909890 -0.223529
vn 0.271586 -0.893130 -0.358553
vn 0.351341 -0.886833 -0.300145
vn 0.399422 -0.881055 -0.253386
vn 0.287870 -0.919533 -0.267562
vn -0.168122 -0.927268 -0.334529
vn 0.043218 -0.934870 -0.352349
vn 0.019471 -0.987634 -0.155566
vn -0.217847 -0.949274 -0.226762
vn -0.214261 -0.964694 -0.153162
vn -0.257431 -0.931375 -0.257431
vn -0.332462 -0.926109 -0.178302
vn -0.306595 -0.944357 -0.119117
vn -0.009608 -0.999930 -0.006911
vn -0.063483 -0.996978 -0.044776
vn -0.151813 -0.986917 -0.054286
vn -0.025061 -0.999649 -0.008547
vn 0.000000 -1.000000 0.000000
vn 0.000000 -1.000000 0.000000
vn 0.000000 -1.000000 0.000000
vn 0.000000 -1.000000 0.000000
vn 1.000000 0.000000 0.000000
vn 1.000000 0.000000 0.000000
vn 1.000000 0.000000 0.000000
vn 1.000000 0.000000 0.000000
vn 0.000000 1.000000 0.000000
vn 0.000000 1.000000 0.000000
vn 0.000000 1.000000 0.000000
vn 0.000000 1.000000 0.000000
vn 0.065163 0.996839 -0.045455
vn 0.009849 0.999926 -0.007152
vn 0.001349 0.999998 -0.001349
vn 0.022050 0.999591 -0.018219
vn 0.155117 0.963694 -0.217332
vn 0.259776 0.930071 -0.259776
vn 0.217331 0.963694 -0.155117
vn 0.089860 0.991892 -0.089860
vn 0.000000 0.941072 -0.338208
vn 0.179580 0.924939 -0.335021
vn 0.120336 0.943120 -0.309910
vn 0.000000 0.923172 -0.384386
vn -0.155117 0.963694 -0.217332
vn -0.263335 0.930460 -0.254751
vn -0.180443 0.925059 -0.334226
vn -0.120336 0.943120 -0.309910
vn -0.144622 0.989049 -0.029445
vn -0.232247 0.961581 -0.146364
vn -0.104241 0.990691 -0.087551
vn -0.104685 0.994503 0.001964
vn -0.140772 0.987154 0.075568
vn -0.140460 0.990085 0.001344
vn -0.157229 0.987550 0.004908
vn -0.131513 0.990184 0.047335
vn 0.000000 1.000000 -0.000000
vn -0.060172 0.998188 0.000059
vn -0.092016 0.991497 0.092016
vn -0.000000 0.998184 0.060231
vn 0.140772 0.987154 0.075568
vn 0.141499 0.989938 0.000000
vn 0.060231 0.998185 -0.000000
vn 0.092016 0.991497 0.092016
vn 0.095409 0.995438 -0.000000
vn 0.159135 0.987257 0.000000
vn 0.129190 0.990374 0.049692
vn 0.064030 0.997717 0.021458
vn 0.020790 0.999635 -0.017233
vn 0.061072 0.997229 -0.042477
vn 0.023069 0.999711 -0.006689
vn 0.011585 0.999931 0.002164
vn 0.244060 0.938546 -0.244060
vn 0.203131 0.968350 -0.145038
vn 0.083612 0.992984 -0.083612
vn 0.145038 0.968350 -0.203131
vn 0.000000 0.932454 -0.361290
vn 0.000000 0.948328 -0.317293
vn 0.168903 0.933939 -0.315009
vn 0.112807 0.950131 -0.290733
vn -0.244060 0.938546 -0.244060
vn -0.168903 0.933939 -0.315009
vn -0.112807 0.950131 -0.290733
vn -0.145038 0.968350 -0.203131
vn -0.020790 0.999635 -0.017233
vn -0.061072 0.997229 -0.042477
vn -0.203131 0.968350 -0.145038
vn -0.083612 0.992984 -0.083612
vn 0.000000 1.000000 0.000000
vn -0.009326 0.999934 -0.006691
vn -0.001318 0.999998 -0.001318
vn 0.000000 1.000000 0.000000
vn -1.000000 0.000000 0.000000
vn -1.000000 0.000000 0.000000
vn -1.000000 0.000000 0.000000
vn -1.000000 0.000000 0.000000
vn 0.000000 -1.000000 0.000000
vn 0.001318 -0.999998 0.001318
vn 0.009069 -0.999938 0.006434
vn 0.000000 -1.000000 0.000000
vn 0.200094 -0.969297 0.142916
vn 0.059689 -0.997349 0.041629
vn 0.020200 -0.999654 0.016865
vn 0.081546 -0.993328 0.081546
vn 0.167598 -0.935021 0.312484
vn 0.241814 -0.939708 0.241814
vn 0.142916 -0.969297 0.200094
vn 0.111695 -0.951207 0.287628
vn -0.167598 -0.935021 0.312484
vn -0.000000 -0.949099 0.314977
vn -0.000000 -0.933643 0.358206
vn -0.111695 -0.951207 0.287628
vn -0.200094 -0.969297 0.142916
vn -0.241814 -0.939708 0.241814
vn -0.142916 -0.969297 0.200094
vn -0.081546 -0.993328 0.081546
vn -0.022300 -0.999731 0.006433
vn -0.059690 -0.997349 0.041629
vn -0.020200 -0.999654 0.016865
vn -0.011220 -0.999935 -0.002016
vn -0.157513 -0.987517 -0.000000
vn -0.093529 -0.995617 -0.000000
vn -0.062750 -0.997810 -0.020934
vn -0.127738 -0.990590 -0.049129
vn -0.059813 -0.998210 0.000000
vn -0.140371 -0.990099 -0.000000
vn -0.139493 -0.987387 -0.074894
vn -0.091275 -0.991634 -0.091275
vn 0.059754 -0.998213 -0.000059
vn 0.000000 -1.000000 0.000000
vn 0.000000 -0.998210 -0.059813
vn 0.091275 -0.991634 -0.091275
vn 0.155668 -0.987798 -0.004787
vn 0.139343 -0.990243 -0.001334
vn 0.139493 -0.987387 -0.074894
vn 0.130058 -0.990402 -0.046775
vn 0.228725 -0.962679 0.144689
vn 0.142042 -0.989418 0.029612
vn 0.102213 -0.994760 -0.002029
vn 0.101468 -0.991172 0.085331
vn 0.179165 -0.926228 0.331664
vn 0.260828 -0.931762 0.252562
vn 0.153162 -0.964694 0.214261
vn 0.119117 -0.944357 0.306596
vn -0.178302 -0.926109 0.332462
vn 0.000000 -0.941996 0.335624
vn 0.000000 -0.924443 0.381320
vn -0.119117 -0.944357 0.306596
vn -0.214261 -0.964694 0.153162
vn -0.257431 -0.931375 0.257431
vn -0.153162 -0.964694 0.214261
vn -0.087505 -0.992313 0.087505
vn -0.009608 -0.999930 0.006911
vn -0.063483 -0.996978 0.044776
vn -0.021242 -0.999616 0.017776
vn -0.001349 -0.999998 0.001349
vn 0.000000 -1.000000 0.000000
vn 0.000000 -1.000000 0.000000
vn 0.000000 -1.000000 0.000000
vn 0.000000 -1.000000 0.000000
vn 1.000000 0.000000 0.000000
vn 1.000000 0.000000 0.000000
vn 1.000000 0.000000 0.000000
vn 1.000000 0.000000 0.000000
vn 0.000000 1.000000 0.000000
vn 0.000000 1.000000 0.000000
vn 0.000000 1.000000 0.000000
vn 0.000000 1.000000 0.000000
vn 0.000000 1.000000 0.000000
vn 0.000000 1.000000 0.000000
vn 0.000000 1.000000 0.000000
vn 0.000000 1.000000 0.000000
vn 0.000000 1.000000 0.000000
vn 0.000000 1.000000 0.000000
vn 0.000000 1.000000 0.000000
vn 0.000000 1.000000 0.000000
vn 0.000000 1.000000 0.000000
vn 0.000000 1.000000 0.000000
vn 0.000000 1.000000 0.000000
vn 0.000000 1.000000 0.000000
vn 0.000000 1.000000 0.000000
vn 0.000000 1.000000 0.000000
vn 0.000000 1.000000 0.000000
vn 0.000000 1.000000 0.000000
vn 0.000000 1.000000 0.000000
vn 0.000000 1.000000 0.000000
vn 0.000000 1.000000 0.000000
vn 0.000000 1.000000 0.000000
vn 0.000000 1.000000 0.000000
vn -0.002836 0.999988 0.003950
vn -0.000557 1.000000 0.000557
vn 0.000000 1.000000 0.000000
vn 0.000000 0.999905 0.013748
vn -0.003481 0.999941 0.010267
vn 0.000000 1.000000 0.000000
vn 0.000000 1.000000 0.000000
vn 0.000000 1.000000 0.000000
vn 0.002836 0.999988 0.003950
vn 0.003481 0.999941 0.010267
vn 0.000000 1.000000 0.000000
vn 0.000000 1.000000 0.000000
vn 0.000557 1.000000 0.000557
vn 0.000000 1.000000 0.000000
vn 0.000000 1.000000 0.000000
vn 0.000000 1.000000 0.000000
vn 0.000000 1.000000 0.000000
vn 0.000000 1.000000 0.000000
vn 0.000000 1.000000 0.000000
vn 0.000000 1.000000 0.000000
vn 0.000000 1.000000 0.000000
vn 0.000000 1.000000 0.000000
vn 0.000000 1.000000 0.000000
vn 0.000000 1.000000 0.000000
vn 0.000000 1.000000 0.000000
vn 0.000000 1.000000 0.000000
vn 0.000000 1.000000 0.000000
vn 0.000000 1.000000 0.000000
vn 0.000000 1.000000 0.000000
vn 0.000000 1.000000 0.000000
vn 0.000000 1.000000 0.000000
vn 0.000000 1.000000 0.000000
vn 0.000000 1.000000 0.000000
vn 0.000000 1.000000 0.000000
vn 0.000000 1.000000 0.000000
vn 0.000000 1.000000 0.000000
vn 0.000000 1.000000 0.000000
vn 0.000000 1.000000 0.000000
vn 0.000000 1.000000 0.000000
vn -1.000000 0.000000 0.000000
vn -1.000000 0.000000 0.000000
vn -1.000000 0.000000 0.000000
vn -1.000000 0.000000 0.000000
vn 0.000000 -1.000000 0.000000
vn 0.000000 -1.000000 0.000000
vn 0.000000 -1.000000 0.000000
vn 0.000000 -1.000000 0.000000
vn 0.000000 -1.000000 0.000000
vn 0.000000 -1.000000 0.000000
vn 0.000000 -1.000000 0.000000
vn 0.000000 -1.000000 0.000000
vn 0.000000 -1.000000 0.000000
vn 0.000000 -1.000000 0.000000
vn 0.000000 -1.000000 0.000000
vn 0.000000 -1.000000 0.000000
vn 0.000000 -1.000000 0.000000
vn 0.000000 -1.000000 0.000000
vn 0.000000 -1.000000 0.000000
vn 0.000000 -1.000000 0.000000
vn 0.000000 -1.000000 0.000000
vn 0.000000 -1.000000 0.000000
vn 0.000000 -1.000000 0.000000
vn 0.000000 -1.000000 0.000000
vn 0.000000 -1.000000 0.000000
vn 0.000000 -1.000000 0.000000
vn 0.000000 -1.000000 0.000000
vn 0.000000 -1.000000 0.000000
vn -0.000557 -1.000000 -0.000557
vn 0.000000 -1.000000 0.000000
vn 0.000000 -1.000000 0.000000
vn 0.000000 -1.000000 0.000000
vn -0.003334 -0.999945 -0.009902
vn -0.002727 -0.999989 -0.003842
vn 0.000000 -1.000000 0.000000
vn 0.000000 -1.000000 0.000000
vn 0.003334 -0.999945 -0.009902
vn 0.000000 -0.999912 -0.013235
vn 0.000000 -1.000000 0.000000
vn 0.000000 -1.000000 0.000000
vn 0.000557 -1.000000 -0.000557
vn 0.002727 -0.999989 -0.003842
vn 0.000000 -1.000000 0.000000
vn 0.000000 -1.000000 0.000000
vn 0.000000 -1.000000 0.000000
vn 0.000000 -1.000000 0.000000
vn 0.000000 -1.000000 0.000000
vn 0.000000 -1.000000 0.000000
vn 0.000000 -1.000000 0.000000
vn 0.000000 -1.000000 0.000000
vn 0.000000 -1.000000 0.000000
vn 0.000000 -1.000000 0.000000
vn 0.000000 -1.000000 0.000000
vn 0.000000 -1.000000 0.000000
vn 0.000000 -1.000000 0.000000
vn 0.000000 -1.000000 0.000000
vn 0.000000 -1.000000 0.000000
vn 0.000000 -1.000000 0.000000
vn 0.000000 -1.000000 0.000000
vn 0.000000 -1.000000 0.000000
vn 0.000000 -1.000000 0.000000
vn 0.000000 -1.000000 0.000000
vn 0.000000 -1.000000 0.000000
vn 0.000000 -1.000000 0.000000
vn 0.000000 -1.000000 0.000000
vn 0.000000 -1.000000 0.000000
vn 0.000000 -1.000000 0.000000
vn 0.000000 -1.000000 0.000000
vn 1.000000 0.000000 0.000000
vn 1.000000 0.000000 0.000000
vn 1.000000 0.000000 0.000000
vn 1.000000 0.000000 0.000000
vn 0.000000 1.000000 0.000000
vn 0.000000 1.000000 0.000000
vn 0.000000 1.000000 0.000000
vn 0.000000 1.000000 0.000000
vn 0.000000 1.000000 0.000000
vn 0.000000 1.000000 0.000000
vn 0.000000 1.000000 0.000000
vn 0.000000 1.000000 0.000000
vn 0.000000 1.000000 0.000000
vn 0.000000 1.000000 0.000000
vn 0.000000 1.000000 0.000000
vn 0.000000 1.000000 0.000000
vn 0.000000 1.000000 0.000000
vn 0.000000 1.000000 0.000000
vn 0.000000 1.000000 0.000000
vn 0.000000 1.000000 0.000000
vn 0.000000 1.000000 0.000000
vn 0.000000 1.000000 0.000000
vn 0.000000 1.000000 0.000000
vn 0.000000 1.000000 0.000000
vn 0.000000 1.000000 0.000000
vn 0.000000 1.000000 0.000000
vn 0.000000 1.000000 0.000000
vn 0.000000 1.000000 0.000000
vn 0.000000 1.000000 0.000000
vn 0.000000 1.000000 0.000000
vn 0.000000 1.000000 0.000000
vn 0.000000 1.000000 0.000000
vn 0.000000 1.000000 0.000000
vn 0.000000 1.000000 0.000000
vn 0.000000 1.000000 0.000000
vn 0.000000 1.000000 0.000000
vn 0.000000 0.000000 -1.000000
vn 0.000000 0.000000 -1.000000
vn 0.000000 -1.000000 0.000000
vn 0.000000 -1.000000 0.000000
vn 0.000000 -1.000000 0.000000
vn 0.000000 -1.000000 0.000000
vn 0.000000 -1.000000 0.000000
vn 0.000000 -1.000000 0.000000
vn 0.000000 -1.000000 0.000000
vn 0.000000 -1.000000 0.000000
vn 0.000000 -1.000000 0.000000
vn 0.000000 -1.000000 0.000000
vn 0.000000 -1.000000 0.000000
vn 0.000000 -1.000000 0.000000
vn 0.000000 -1.000000 0.000000
vn 0.000000 -1.000000 0.000000
vn 0.000000 -1.000000 0.000000
vn 0.000000 -1.000000 0.000000
vn 0.000000 -1.000000 0.000000
vn 0.000000 -1.000000 0.000000
vn 0.000000 -1.000000 0.000000
vn 0.000000 -1.000000 0.000000
vn 0.000000 -1.000000 0.000000
vn 0.000000 -1.000000 0.000000
vn 0.000000 -1.000000 0.000000
vn 0.000000 -1.000000 0.000000
vn 0.000000 -1.000000 0.000000
vn 0.000000 -1.000000 0.000000
vn 0.000000 -1.000000 0.000000
vn 0.000000 -1.000000 0.000000
vn 0.000000 -1.000000 0.000000
vn 0.000000 -1.000000 0.000000
vn 0.000000 -1.000000 0.000000
vn 0.000000 -1.000000 0.000000
vn 0.000000 0.000000 1.000000
vn 0.000000 0.000000 1.000000
vn 0.000000 1.000000 0.000000
vn 0.000000 1.000000 0.000000
vn 0.000000 1.000000 0.000000
vn 0.000000 1.000000 0.000000
vn 0.000000 1.000000 0.000000
vn 0.000000 1.000000 0.000000
vn 0.000000 1.000000 0.000000
vn 0.000000 1.000000 0.000000
vn 0.000000 1.000000 0.000000
vn 0.000000 1.000000 0.000000
vn 0.000000 1.000000 0.000000
vn 0.000000 1.000000 0.000000
vn -0.001864 0.999996 0.001864
vn -0.009045 0.999896 0.011199
vn -0.017782 0.999469 0.027297
vn -0.021458 0.997717 0.064030
vn -0.000000 0.995438 0.095409
vn 0.021458 0.997717 0.064030
vn 0.017782 0.999469 0.027297
vn 0.009045 0.999896 0.011199
vn 0.001864 0.999996 0.001864
vn 0.000000 1.000000 0.000000
vn 0.000000 1.000000 0.000000
vn 0.000000 1.000000 0.000000
vn 0.000000 1.000000 0.000000
vn 0.000000 1.000000 0.000000
vn 0.000000 1.000000 0.000000
vn 0.000000 1.000000 0.000000
vn 0.000000 1.000000 0.000000
vn 0.000000 1.000000 0.000000
vn 0.000000 1.000000 0.000000
vn 0.000000 1.000000 0.000000
vn 0.000000 1.000000 0.000000
vn -1.000000 0.000000 0.000000
vn -1.000000 0.000000 0.000000
vn 0.000000 -1.000000 0.000000
vn 0.000000 -1.000000 0.000000
vn 0.000000 -1.000000 0.000000
vn 0.000000 -1.000000 0.000000
vn 0.000000 -1.000000 0.000000
vn 0.000000 -1.000000 0.000000
vn 0.000000 -1.000000 0.000000
vn 0.000000 -1.000000 0.000000
vn 0.000000 -1.000000 0.000000
vn 0.000000 -1.000000 0.000000
vn 0.000000 -1.000000 0.000000
vn 0.000000 -1.000000 0.000000
vn -0.001777 -0.999997 -0.001777
vn -0.008869 -0.999901 -0.010888
vn -0.017481 -0.999487 -0.026836
vn -0.020934 -0.997810 -0.062750
vn 0.000000 -0.995616 -0.093529
vn 0.020934 -0.997810 -0.062750
vn 0.017481 -0.999487 -0.026836
vn 0.008869 -0.999901 -0.010888
vn 0.001777 -0.999997 -0.001777
vn 0.000000 -1.000000 0.000000
vn 0.000000 -1.000000 0.000000
vn 0.000000 -1.000000 0.000000
vn 0.000000 -1.000000 0.000000
vn 0.000000 -1.000000 0.000000
vn 0.000000 -1.000000 0.000000
vn 0.000000 -1.000000 0.000000
vn 0.000000 -1.000000 0.000000
vn 0.000000 -1.000000 0.000000
vn 0.000000 -1.000000 0.000000
vn 0.000000 -1.000000 0.000000
vn 0.000000 -1.000000 0.000000
vn 1.000000 0.000000 0.000000
vn 1.000000 0.000000 0.000000
s 1
g pCube1
f 2179/2439/2443 2790/4868/2444 2757/2441/2445 2181/4744/2446
s 2
f 2181/2442/2447 2757/4742/2448 3332/2443/2449 3333/4677/2450
s 3
f 2183/4873/2451 2773/4740/2452 2774/4870/2453 2185/4872/2454
s 4
f 3334/2449/2455 3335/2450/2456 2790/2440/2457 2179/4808/2458
s 5
f 2180/4875/2459 3366/2452/2460 3301/2453/2461 2182/4683/2462
s 6
f 3334/4807/2463 2179/2439/2464 2181/4744/2465 3333/2444/2466
s 2
f 2187/2455/2467 3029/4710/2468 3316/2457/2469 3317/2458/2470
s 3
f 2189/4843/2471 2188/4713/2472 3045/4708/2473 3046/4838/2474
s 4
f 2190/2463/2475 3350/2464/2476 3351/2465/2477 3062/2466/2478
s 1
f 2187/4715/2479 2190/4841/2480 3062/4836/2481 3029/2456/2482
s 2
f 2191/2467/2483 2893/4726/2484 3324/2469/2485 3325/2470/2486
s 3
f 2193/4859/2487 2192/4729/2488 2909/4724/2489 2910/4854/2490
s 4
f 2194/2475/2491 3342/2476/2492 3343/2477/2493 2926/2478/2494
s 1
f 2191/4731/2495 2194/4857/2496 2926/4852/2497 2893/2468/2498
s 2
f 2195/2479/2499 2961/4718/2500 3320/2481/2501 3321/2482/2502
s 3
f 2197/4851/2503 2196/4721/2504 2977/4716/2505 2978/4846/2506
s 4
f 2198/2487/2507 3346/2488/2508 3347/2489/2509 2994/2490/2510
s 1
f 2195/4723/2511 2198/4849/2512 2994/4844/2513 2961/2480/2514
s 2
f 2199/2491/2515 2825/4734/2516 3328/2493/2517 3329/2494/2518
s 3
f 2201/4867/2519 2200/4737/2520 2841/4732/2521 2842/4862/2522
s 4
f 2202/2499/2523 3338/2500/2524 3339/2501/2525 2858/2502/2526
s 1
f 2199/4739/2527 2202/4865/2528 2858/4860/2529 2825/2492/2530
s 2
f 2203/2503/2531 3165/4694/2532 3308/2505/2533 3309/2506/2534
s 3
f 2205/4827/2535 2204/4697/2536 3181/4692/2537 3182/4822/2538
s 4
f 2206/2511/2539 3358/2512/2540 3359/2513/2541 3198/2514/2542
s 1
f 2203/4699/2543 2206/4825/2544 3198/4820/2545 3165/2504/2546
s 2
f 2207/2515/2547 3098/2516/2548 3312/2517/2549 3313/2518/2550
s 3
f 2209/4835/2551 2208/4705/2552 3114/4700/2553 3115/4828/2554
s 4
f 2210/2523/2555 3354/2524/2556 3355/2525/2557 3097/2526/2558
s 1
f 2207/4707/2559 2210/4833/2560 3097/4830/2561 3098/4702/2562
s 2
f 2211/2527/2563 3233/4686/2564 3304/2529/2565 3305/2530/2566
s 3
f 2213/4819/2567 2212/4689/2568 3249/4684/2569 3250/4814/2570
s 4
f 2214/2535/2571 3362/2536/2572 3363/2537/2573 3266/2538/2574
s 1
f 2211/4691/2575 2214/4817/2576 3266/4812/2577 3233/2528/2578
s 2
f 2216/2539/2579 3241/2540/2580 3832/2541/2581 3833/2542/2582
f 2217/2543/2583 3173/2544/2584 3836/2545/2585 3837/2546/2586
f 2218/2547/2587 3106/2548/2588 3840/2549/2589 3841/2550/2590
f 2219/2551/2591 3037/2552/2592 3844/2553/2593 3845/2554/2594
f 2220/2555/2595 2969/2556/2596 3848/2557/2597 3849/2558/2598
f 2221/2559/2599 2901/2560/2600 3852/2561/2601 3853/2562/2602
f 2222/2563/2603 2833/2564/2604 3856/2565/2605 3857/2566/2606
f 2223/4650/2607 2765/2568/2608 3860/2569/2609 3861/4645/2610
s 6
f 3862/4775/2611 2224/2572/2612 2223/2567/2613 3861/2570/2614
s 4
f 3862/2571/2615 3863/2573/2616 2782/2574/2617 2224/4776/2618
f 2850/2575/2619 2225/2576/2620 3866/2577/2621 3867/2578/2622
f 2918/2579/2623 2226/2580/2624 3870/2581/2625 3871/2582/2626
f 2986/2583/2627 2227/2584/2628 3874/2585/2629 3875/2586/2630
f 3054/2587/2631 2228/2588/2632 3878/2589/2633 3879/2590/2634
f 3123/2591/2635 2229/2592/2636 3882/2593/2637 3883/2594/2638
f 3190/2595/2639 2230/2596/2640 3886/2597/2641 3887/2598/2642
f 3258/2599/2643 2231/2600/2644 3890/2601/2645 3891/2602/2646
s 5
f 2215/4652/2647 2232/4774/2648 3894/2605/2649 3829/2606/2650
s 2
f 2234/2607/2651 3237/2608/2652 3568/2609/2653 3569/2610/2654
f 2235/2611/2655 3169/2612/2656 3572/2613/2657 3573/2614/2658
f 2236/2615/2659 3102/2616/2660 3576/2617/2661 3577/2618/2662
f 2237/2619/2663 3033/2620/2664 3580/2621/2665 3581/2622/2666
f 2238/2623/2667 2965/2624/2668 3584/2625/2669 3585/2626/2670
f 2239/2627/2671 2897/2628/2672 3588/2629/2673 3589/2630/2674
f 2240/2631/2675 2829/2632/2676 3592/2633/2677 3593/2634/2678
f 2241/4666/2679 2761/2636/2680 3596/2637/2681 3597/4661/2682
s 6
f 3598/4791/2683 2242/2640/2684 2241/2635/2685 3597/2638/2686
s 4
f 3598/2639/2687 3599/2641/2688 2786/2642/2689 2242/4792/2690
f 2854/2643/2691 2243/2644/2692 3602/2645/2693 3603/2646/2694
f 2922/2647/2695 2244/2648/2696 3606/2649/2697 3607/2650/2698
f 2990/2651/2699 2245/2652/2700 3610/2653/2701 3611/2654/2702
f 3058/2655/2703 2246/2656/2704 3614/2657/2705 3615/2658/2706
f 3127/2659/2707 2247/2660/2708 3618/2661/2709 3619/2662/2710
f 3194/2663/2711 2248/2664/2712 3622/2665/2713 3623/2666/2714
f 3262/2667/2715 2249/2668/2716 3626/2669/2717 3627/2670/2718
s 5
f 2233/4668/2719 2250/4790/2720 3630/2673/2721 3565/2674/2722
s 2
f 2252/2675/2723 3235/2676/2724 3436/2677/2725 3437/2678/2726
f 2253/2679/2727 3167/2680/2728 3440/2681/2729 3441/2682/2730
f 2254/2683/2731 3100/2684/2732 3444/2685/2733 3445/2686/2734
f 2255/2687/2735 3031/2688/2736 3448/2689/2737 3449/2690/2738
f 2256/2691/2739 2963/2692/2740 3452/2693/2741 3453/2694/2742
f 2257/2695/2743 2895/2696/2744 3456/2697/2745 3457/2698/2746
f 2258/2699/2747 2827/2700/2748 3460/2701/2749 3461/2702/2750
f 2259/4674/2751 2759/2704/2752 3464/2705/2753 3465/4669/2754
s 6
f 3466/4799/2755 2260/2708/2756 2259/2703/2757 3465/2706/2758
s 4
f 3466/2707/2759 3467/2709/2760 2788/2710/2761 2260/4800/2762
f 2856/2711/2763 2261/2712/2764 3470/2713/2765 3471/2714/2766
f 2924/2715/2767 2262/2716/2768 3474/2717/2769 3475/2718/2770
f 2992/2719/2771 2263/2720/2772 3478/2721/2773 3479/2722/2774
f 3060/2723/2775 2264/2724/2776 3482/2725/2777 3483/2726/2778
f 3129/2727/2779 2265/2728/2780 3486/2729/2781 3487/2730/2782
f 3196/2731/2783 2266/2732/2784 3490/2733/2785 3491/2734/2786
f 3264/2735/2787 2267/2736/2788 3494/2737/2789 3495/2738/2790
s 5
f 2251/4676/2791 2268/4798/2792 3498/2741/2793 3433/2742/2794
s 2
f 2270/2743/2795 3239/2744/2796 3700/2745/2797 3701/2746/2798
f 2271/2747/2799 3171/2748/2800 3704/2749/2801 3705/2750/2802
f 2272/2751/2803 3104/2752/2804 3708/2753/2805 3709/2754/2806
f 2273/2755/2807 3035/2756/2808 3712/2757/2809 3713/2758/2810
f 2274/2759/2811 2967/2760/2812 3716/2761/2813 3717/2762/2814
f 2275/2763/2815 2899/2764/2816 3720/2765/2817 3721/2766/2818
f 2276/2767/2819 2831/2768/2820 3724/2769/2821 3725/2770/2822
f 2277/4658/2823 2763/2772/2824 3728/2773/2825 3729/4653/2826
s 6
f 3730/4783/2827 2278/2776/2828 2277/2771/2829 3729/2774/2830
s 4
f 3730/2775/2831 3731/2777/2832 2784/2778/2833 2278/4784/2834
f 2852/2779/2835 2279/2780/2836 3734/2781/2837 3735/2782/2838
f 2920/2783/2839 2280/2784/2840 3738/2785/2841 3739/2786/2842
f 2988/2787/2843 2281/2788/2844 3742/2789/2845 3743/2790/2846
f 3056/2791/2847 2282/2792/2848 3746/2793/2849 3747/2794/2850
f 3125/2795/2851 2283/2796/2852 3750/2797/2853 3751/2798/2854
f 3192/2799/2855 2284/2800/2856 3754/2801/2857 3755/2802/2858
f 3260/2803/2859 2285/2804/2860 3758/2805/2861 3759/2806/2862
s 5
f 2269/4660/2863 2286/4782/2864 3762/2809/2865 3697/2810/2866
s 2
f 2288/2811/2867 3245/2812/2868 4096/2813/2869 4097/2814/2870
f 2289/2815/2871 3177/2816/2872 4100/2817/2873 4101/2818/2874
f 2290/2819/2875 3110/2820/2876 4104/2821/2877 4105/2822/2878
f 2291/2823/2879 3041/2824/2880 4108/2825/2881 4109/2826/2882
f 2292/2827/2883 2973/2828/2884 4112/2829/2885 4113/2830/2886
f 2293/2831/2887 2905/2832/2888 4116/2833/2889 4117/2834/2890
f 2294/2835/2891 2837/2836/2892 4120/2837/2893 4121/2838/2894
f 2295/4634/2895 2769/2840/2896 4124/2841/2897 4125/4629/2898
s 6
f 4126/4759/2899 2296/2844/2900 2295/2839/2901 4125/2842/2902
s 4
f 4126/2843/2903 4127/2845/2904 2778/2846/2905 2296/4760/2906
f 2846/2847/2907 2297/2848/2908 4130/2849/2909 4131/2850/2910
f 2914/2851/2911 2298/2852/2912 4134/2853/2913 4135/2854/2914
f 2982/2855/2915 2299/2856/2916 4138/2857/2917 4139/2858/2918
f 3050/2859/2919 2300/2860/2920 4142/2861/2921 4143/2862/2922
f 3119/2863/2923 2301/2864/2924 4146/2865/2925 4147/2866/2926
f 3186/2867/2927 2302/2868/2928 4150/2869/2929 4151/2870/2930
f 3254/2871/2931 2303/2872/2932 4154/2873/2933 4155/2874/2934
s 5
f 2287/4636/2935 2304/4758/2936 4158/2877/2937 4093/2878/2938
s 2
f 2306/2879/2939 3243/2880/2940 3964/2881/2941 3965/2882/2942
f 2307/2883/2943 3175/2884/2944 3968/2885/2945 3969/2886/2946
f 2308/2887/2947 3108/2888/2948 3972/2889/2949 3973/2890/2950
f 2309/2891/2951 3039/2892/2952 3976/2893/2953 3977/2894/2954
f 2310/2895/2955 2971/2896/2956 3980/2897/2957 3981/2898/2958
f 2311/2899/2959 2903/2900/2960 3984/2901/2961 3985/2902/2962
f 2312/2903/2963 2835/2904/2964 3988/2905/2965 3989/2906/2966
f 2313/4642/2967 2767/2908/2968 3992/2909/2969 3993/4637/2970
s 6
f 3994/4767/2971 2314/2912/2972 2313/2907/2973 3993/2910/2974
s 4
f 3994/2911/2975 3995/2913/2976 2780/2914/2977 2314/4768/2978
f 2848/2915/2979 2315/2916/2980 3998/2917/2981 3999/2918/2982
f 2916/2919/2983 2316/2920/2984 4002/2921/2985 4003/2922/2986
f 2984/2923/2987 2317/2924/2988 4006/2925/2989 4007/2926/2990
f 3052/2927/2991 2318/2928/2992 4010/2929/2993 4011/2930/2994
f 3121/2931/2995 2319/2932/2996 4014/2933/2997 4015/2934/2998
f 3188/2935/2999 2320/2936/3000 4018/2937/3001 4019/2938/3002
f 3256/2939/3003 2321/2940/3004 4022/2941/3005 4023/2942/3006
s 5
f 2305/4644/3007 2322/4766/3008 4026/2945/3009 3961/2946/3010
s 2
f 2324/2947/3011 3247/2948/3012 4228/2949/3013 4229/2950/3014
f 2325/2951/3015 3179/2952/3016 4232/2953/3017 4233/2954/3018
f 2326/2955/3019 3112/2956/3020 4236/2957/3021 4237/2958/3022
f 2327/2959/3023 3043/2960/3024 4240/2961/3025 4241/2962/3026
f 2328/2963/3027 2975/2964/3028 4244/2965/3029 4245/2966/3030
f 2329/2967/3031 2907/2968/3032 4248/2969/3033 4249/2970/3034
f 2330/2971/3035 2839/2972/3036 4252/2973/3037 4253/2974/3038
f 2331/4626/3039 2771/2976/3040 4256/2977/3041 4257/4621/3042
s 6
f 4258/4751/3043 2332/2980/3044 2331/2975/3045 4257/2978/3046
s 4
f 4258/2979/3047 4259/2981/3048 2776/2982/3049 2332/4752/3050
f 2844/2983/3051 2333/2984/3052 4262/2985/3053 4263/2986/3054
f 2912/2987/3055 2334/2988/3056 4266/2989/3057 4267/2990/3058
f 2980/2991/3059 2335/2992/3060 4270/2993/3061 4271/2994/3062
f 3048/2995/3063 2336/2996/3064 4274/2997/3065 4275/2998/3066
f 3117/2999/3067 2337/3000/3068 4278/3001/3069 4279/3002/3070
f 3184/3003/3071 2338/3004/3072 4282/3005/3073 4283/3006/3074
f 3252/3007/3075 2339/3008/3076 4286/3009/3077 4287/3010/3078
s 5
f 2323/4628/3079 2340/4750/3080 4290/3013/3081 4225/3014/3082
s 2
f 2341/3015/3083 2791/4738/3084 3330/3017/3085 3331/3018/3086
f 3463/3019/3087 2342/3020/3088 2793/3021/3089 3462/3022/3090
f 3595/3023/3091 2343/3024/3092 2795/3025/3093 3594/3026/3094
f 3727/3027/3095 2344/3028/3096 2797/3029/3097 3726/3030/3098
f 3859/3031/3099 2345/3032/3100 2799/3033/3101 3858/3034/3102
f 3991/3035/3103 2346/3036/3104 2801/3037/3105 3990/3038/3106
f 4123/3039/3107 2347/3040/3108 2803/3041/3109 4122/3042/3110
f 4255/3043/3111 2348/3044/3112 2805/3045/3113 4254/3046/3114
s 3
f 2350/4871/3115 2349/4741/3116 2807/4736/3117 2808/4866/3118
s 4
f 2351/3051/3119 4260/3052/3120 4261/3053/3121 2810/3054/3122
f 2352/3055/3123 4128/3056/3124 4129/3057/3125 2812/3058/3126
f 2353/3059/3127 3996/3060/3128 3997/3061/3129 2814/3062/3130
f 2354/3063/3131 3864/3064/3132 3865/3065/3133 2816/3066/3134
f 2355/3067/3135 3732/3068/3136 3733/3069/3137 2818/3070/3138
f 2356/3071/3139 3600/3072/3140 3601/3073/3141 2820/3074/3142
f 2357/3075/3143 3468/3076/3144 3469/3077/3145 2822/3078/3146
f 2358/3079/3147 3336/3080/3148 3337/3081/3149 2824/3082/3150
s 1
f 2341/4743/3151 2358/4869/3152 2824/4864/3153 2791/3016/3154
s 2
f 2359/3083/3155 2859/4730/3156 3326/3085/3157 3327/3086/3158
f 3459/3087/3159 2360/3088/3160 2861/3089/3161 3458/3090/3162
f 3591/3091/3163 2361/3092/3164 2863/3093/3165 3590/3094/3166
f 3723/3095/3167 2362/3096/3168 2865/3097/3169 3722/3098/3170
f 3855/3099/3171 2363/3100/3172 2867/3101/3173 3854/3102/3174
f 3987/3103/3175 2364/3104/3176 2869/3105/3177 3986/3106/3178
f 4119/3107/3179 2365/3108/3180 2871/3109/3181 4118/3110/3182
f 4251/3111/3183 2366/3112/3184 2873/3113/3185 4250/3114/3186
s 3
f 2368/4863/3187 2367/4733/3188 2875/4728/3189 2876/4858/3190
s 4
f 2878/3119/3191 2369/3120/3192 4264/3121/3193 4265/3122/3194
f 2880/3123/3195 2370/3124/3196 4132/3125/3197 4133/3126/3198
f 2882/3127/3199 2371/3128/3200 4000/3129/3201 4001/3130/3202
f 2884/3131/3203 2372/3132/3204 3868/3133/3205 3869/3134/3206
f 2886/3135/3207 2373/3136/3208 3736/3137/3209 3737/3138/3210
f 2888/3139/3211 2374/3140/3212 3604/3141/3213 3605/3142/3214
f 2890/3143/3215 2375/3144/3216 3472/3145/3217 3473/3146/3218
f 2376/3147/3219 3340/3148/3220 3341/3149/3221 2892/3150/3222
s 1
f 2359/4735/3223 2376/4861/3224 2892/4856/3225 2859/3084/3226
s 2
f 2377/3151/3227 2927/4722/3228 3322/3153/3229 3323/3154/3230
f 3455/3155/3231 2378/3156/3232 2929/3157/3233 3454/3158/3234
f 3587/3159/3235 2379/3160/3236 2931/3161/3237 3586/3162/3238
f 3719/3163/3239 2380/3164/3240 2933/3165/3241 3718/3166/3242
f 3851/3167/3243 2381/3168/3244 2935/3169/3245 3850/3170/3246
f 3983/3171/3247 2382/3172/3248 2937/3173/3249 3982/3174/3250
f 4115/3175/3251 2383/3176/3252 2939/3177/3253 4114/3178/3254
f 4247/3179/3255 2384/3180/3256 2941/3181/3257 4246/3182/3258
s 3
f 2386/4855/3259 2385/4725/3260 2943/4720/3261 2944/4850/3262
s 4
f 2946/3187/3263 2387/3188/3264 4268/3189/3265 4269/3190/3266
f 2948/3191/3267 2388/3192/3268 4136/3193/3269 4137/3194/3270
f 2950/3195/3271 2389/3196/3272 4004/3197/3273 4005/3198/3274
f 2952/3199/3275 2390/3200/3276 3872/3201/3277 3873/3202/3278
f 2954/3203/3279 2391/3204/3280 3740/3205/3281 3741/3206/3282
f 2956/3207/3283 2392/3208/3284 3608/3209/3285 3609/3210/3286
f 2958/3211/3287 2393/3212/3288 3476/3213/3289 3477/3214/3290
f 2394/3215/3291 3344/3216/3292 3345/3217/3293 2960/3218/3294
s 1
f 2377/4727/3295 2394/4853/3296 2960/4848/3297 2927/3152/3298
s 2
f 2395/3219/3299 2995/4714/3300 3318/3221/3301 3319/3222/3302
f 3451/3223/3303 2396/3224/3304 2997/3225/3305 3450/3226/3306
f 3583/3227/3307 2397/3228/3308 2999/3229/3309 3582/3230/3310
f 3715/3231/3311 2398/3232/3312 3001/3233/3313 3714/3234/3314
f 3847/3235/3315 2399/3236/3316 3003/3237/3317 3846/3238/3318
f 3979/3239/3319 2400/3240/3320 3005/3241/3321 3978/3242/3322
f 4111/3243/3323 2401/3244/3324 3007/3245/3325 4110/3246/3326
f 4243/3247/3327 2402/3248/3328 3009/3249/3329 4242/3250/3330
s 3
f 2404/4847/3331 2403/4717/3332 3011/4712/3333 3012/4842/3334
s 4
f 3014/3255/3335 2405/3256/3336 4272/3257/3337 4273/3258/3338
f 3016/3259/3339 2406/3260/3340 4140/3261/3341 4141/3262/3342
f 3018/3263/3343 2407/3264/3344 4008/3265/3345 4009/3266/3346
f 3020/3267/3347 2408/3268/3348 3876/3269/3349 3877/3270/3350
f 3022/3271/3351 2409/3272/3352 3744/3273/3353 3745/3274/3354
f 3024/3275/3355 2410/3276/3356 3612/3277/3357 3613/3278/3358
f 3026/3279/3359 2411/3280/3360 3480/3281/3361 3481/3282/3362
f 2412/3283/3363 3348/3284/3364 3349/3285/3365 3028/3286/3366
s 1
f 2395/4719/3367 2412/4845/3368 3028/4840/3369 2995/3220/3370
s 2
f 2413/3287/3371 3063/4706/3372 3314/3289/3373 3315/3290/3374
f 3447/3291/3375 2414/3292/3376 3065/3293/3377 3446/3294/3378
f 3579/3295/3379 2415/3296/3380 3067/3297/3381 3578/3298/3382
f 3711/3299/3383 2416/3300/3384 3069/3301/3385 3710/3302/3386
f 3843/3303/3387 2417/3304/3388 3071/3305/3389 3842/3306/3390
f 3975/3307/3391 2418/3308/3392 3073/3309/3393 3974/3310/3394
f 4107/3311/3395 2419/3312/3396 3075/3313/3397 4106/3314/3398
f 4239/3315/3399 2420/3316/3400 3077/3317/3401 4238/3318/3402
s 3
f 2422/4839/3403 2421/4709/3404 3079/4704/3405 3080/4834/3406
s 4
f 3082/3323/3407 2423/3324/3408 4276/3325/3409 4277/3326/3410
f 3084/3327/3411 2424/3328/3412 4144/3329/3413 4145/3330/3414
f 3086/3331/3415 2425/3332/3416 4012/3333/3417 4013/3334/3418
f 3088/3335/3419 2426/3336/3420 3880/3337/3421 3881/3338/3422
f 3090/3339/3423 2427/3340/3424 3748/3341/3425 3749/3342/3426
f 3092/3343/3427 2428/3344/3428 3616/3345/3429 3617/3346/3430
f 3094/3347/3431 2429/3348/3432 3484/3349/3433 3485/3350/3434
f 2430/3351/3435 3352/3352/3436 3353/3353/3437 3096/3354/3438
s 1
f 2413/4711/3439 2430/4837/3440 3096/4832/3441 3063/3288/3442
s 2
f 2431/3355/3443 3131/4698/3444 3310/3357/3445 3311/3358/3446
f 3443/3359/3447 2432/3360/3448 3133/3361/3449 3442/3362/3450
f 3575/3363/3451 2433/3364/3452 3135/3365/3453 3574/3366/3454
f 3707/3367/3455 2434/3368/3456 3137/3369/3457 3706/3370/3458
f 3839/3371/3459 2435/3372/3460 3139/3373/3461 3838/3374/3462
f 3971/3375/3463 2436/3376/3464 3141/3377/3465 3970/3378/3466
f 4103/3379/3467 2437/3380/3468 3143/3381/3469 4102/3382/3470
f 4235/3383/3471 2438/3384/3472 3145/3385/3473 4234/3386/3474
s 3
f 2440/4829/3475 2439/4701/3476 3147/4696/3477 3148/4826/3478
s 4
f 3150/3391/3479 2441/3392/3480 4280/3393/3481 4281/3394/3482
f 3152/3395/3483 2442/3396/3484 4148/3397/3485 4149/3398/3486
f 3154/3399/3487 2443/3400/3488 4016/3401/3489 4017/3402/3490
f 3156/3403/3491 2444/3404/3492 3884/3405/3493 3885/3406/3494
f 3158/3407/3495 2445/3408/3496 3752/3409/3497 3753/3410/3498
f 3160/3411/3499 2446/3412/3500 3620/3413/3501 3621/3414/3502
f 3162/3415/3503 2447/3416/3504 3488/3417/3505 3489/3418/3506
f 2448/3419/3507 3356/3420/3508 3357/3421/3509 3164/3422/3510
s 1
f 2431/4703/3511 2448/4831/3512 3164/4824/3513 3131/3356/3514
s 2
f 2449/3423/3515 3199/4690/3516 3306/3425/3517 3307/3426/3518
f 3439/3427/3519 2450/3428/3520 3201/3429/3521 3438/3430/3522
f 3571/3431/3523 2451/3432/3524 3203/3433/3525 3570/3434/3526
f 3703/3435/3527 2452/3436/3528 3205/3437/3529 3702/3438/3530
f 3835/3439/3531 2453/3440/3532 3207/3441/3533 3834/3442/3534
f 3967/3443/3535 2454/3444/3536 3209/3445/3537 3966/3446/3538
f 4099/3447/3539 2455/3448/3540 3211/3449/3541 4098/3450/3542
f 4231/3451/3543 2456/3452/3544 3213/3453/3545 4230/3454/3546
s 3
f 2458/4823/3547 2457/4693/3548 3215/4688/3549 3216/4818/3550
s 4
f 3218/3459/3551 2459/3460/3552 4284/3461/3553 4285/3462/3554
f 3220/3463/3555 2460/3464/3556 4152/3465/3557 4153/3466/3558
f 3222/3467/3559 2461/3468/3560 4020/3469/3561 4021/3470/3562
f 3224/3471/3563 2462/3472/3564 3888/3473/3565 3889/3474/3566
f 3226/3475/3567 2463/3476/3568 3756/3477/3569 3757/3478/3570
f 3228/3479/3571 2464/3480/3572 3624/3481/3573 3625/3482/3574
f 3230/3483/3575 2465/3484/3576 3492/3485/3577 3493/3486/3578
f 2466/3487/3579 3360/3488/3580 3361/3489/3581 3232/3490/3582
s 1
f 2449/4695/3583 2466/4821/3584 3232/4816/3585 3199/3424/3586
s 2
f 2467/3491/3587 3267/4682/3588 3302/3493/3589 3303/3494/3590
f 3435/3495/3591 2468/3496/3592 3269/3497/3593 3434/3498/3594
f 3567/3499/3595 2469/3500/3596 3271/3501/3597 3566/3502/3598
f 3699/3503/3599 2470/3504/3600 3273/3505/3601 3698/3506/3602
f 3831/3507/3603 2471/3508/3604 3275/3509/3605 3830/3510/3606
f 3963/3511/3607 2472/3512/3608 3277/3513/3609 3962/3514/3610
f 4095/3515/3611 2473/3516/3612 3279/3517/3613 4094/3518/3614
f 4227/3519/3615 2474/3520/3616 3281/3521/3617 4226/3522/3618
s 3
f 2476/4815/3619 2475/4685/3620 3283/4681/3621 3284/4810/3622
s 4
f 3286/3527/3623 2477/3528/3624 4288/3529/3625 4289/3530/3626
f 3288/3531/3627 2478/3532/3628 4156/3533/3629 4157/3534/3630
f 3290/3535/3631 2479/3536/3632 4024/3537/3633 4025/3538/3634
f 3292/3539/3635 2480/3540/3636 3892/3541/3637 3893/3542/3638
f 3294/3543/3639 2481/3544/3640 3760/3545/3641 3761/3546/3642
f 3296/3547/3643 2482/3548/3644 3628/3549/3645 3629/3550/3646
f 3298/3551/3647 2483/3552/3648 3496/3553/3649 3497/3554/3650
f 2484/3555/3651 3364/3556/3652 3365/3557/3653 3300/3558/3654
s 1
f 2467/4687/3655 2484/4813/3656 3300/4809/3657 3267/3492/3658
s 2
f 2486/3559/3659 3268/3560/3660 3368/3561/3661 3369/3562/3662
f 2487/3563/3663 3234/3564/3664 3370/3565/3665 3371/3566/3666
f 2488/3567/3667 3200/3568/3668 3372/3569/3669 3373/3570/3670
f 2489/3571/3671 3166/3572/3672 3374/3573/3673 3375/3574/3674
f 2490/3575/3675 3132/3576/3676 3376/3577/3677 3377/3578/3678
f 2491/3579/3679 3099/3580/3680 3378/3581/3681 3379/3582/3682
f 2492/3583/3683 3064/3584/3684 3380/3585/3685 3381/3586/3686
f 2493/3587/3687 3030/3588/3688 3382/3589/3689 3383/3590/3690
f 2494/3591/3691 2996/3592/3692 3384/3593/3693 3385/3594/3694
f 2495/3595/3695 2962/3596/3696 3386/3597/3697 3387/3598/3698
f 2496/3599/3699 2928/3600/3700 3388/3601/3701 3389/3602/3702
f 2497/3603/3703 2894/3604/3704 3390/3605/3705 3391/3606/3706
f 2498/3607/3707 2860/3608/3708 3392/3609/3709 3393/3610/3710
f 2499/3611/3711 2826/3612/3712 3394/3613/3713 3395/3614/3714
f 2500/3615/3715 2792/3616/3716 3396/3617/3717 3397/3618/3718
f 2501/4678/3719 2758/3620/3720 3398/3621/3721 3399/4673/3722
s 6
f 3400/4803/3723 2502/3624/3724 2501/3619/3725 3399/3622/3726
s 4
f 3400/3623/3727 3401/3625/3728 2789/3626/3729 2502/4804/3730
f 2823/3627/3731 2503/3628/3732 3402/3629/3733 3403/3630/3734
f 2857/3631/3735 2504/3632/3736 3404/3633/3737 3405/3634/3738
f 2891/3635/3739 2505/3636/3740 3406/3637/3741 3407/3638/3742
f 2925/3639/3743 2506/3640/3744 3408/3641/3745 3409/3642/3746
f 2959/3643/3747 2507/3644/3748 3410/3645/3749 3411/3646/3750
f 2993/3647/3751 2508/3648/3752 3412/3649/3753 3413/3650/3754
f 3027/3651/3755 2509/3652/3756 3414/3653/3757 3415/3654/3758
f 3061/3655/3759 2510/3656/3760 3416/3657/3761 3417/3658/3762
f 3095/3659/3763 2511/3660/3764 3418/3661/3765 3419/3662/3766
f 3130/3663/3767 2512/3664/3768 3420/3665/3769 3421/3666/3770
f 3163/3667/3771 2513/3668/3772 3422/3669/3773 3423/3670/3774
f 3197/3671/3775 2514/3672/3776 3424/3673/3777 3425/3674/3778
f 3231/3675/3779 2515/3676/3780 3426/3677/3781 3427/3678/3782
f 3265/3679/3783 2516/3680/3784 3428/3681/3785 3429/3682/3786
f 3299/3683/3787 2517/3684/3788 3430/3685/3789 3431/3686/3790
s 5
f 2485/4680/3791 2518/4802/3792 3432/3689/3793 3367/3690/3794
s 2
f 3501/3691/3795 2520/3692/3796 3270/3693/3797 3500/3694/3798
f 2521/3695/3799 3236/3696/3800 3502/3697/3801 3503/3698/3802
f 3505/3699/3803 2522/3700/3804 3202/3701/3805 3504/3702/3806
f 2523/3703/3807 3168/3704/3808 3506/3705/3809 3507/3706/3810
f 3509/3707/3811 2524/3708/3812 3134/3709/3813 3508/3710/3814
f 2525/3711/3815 3101/3712/3816 3510/3713/3817 3511/3714/3818
f 3513/3715/3819 2526/3716/3820 3066/3717/3821 3512/3718/3822
f 2527/3719/3823 3032/3720/3824 3514/3721/3825 3515/3722/3826
f 3517/3723/3827 2528/3724/3828 2998/3725/3829 3516/3726/3830
f 2529/3727/3831 2964/3728/3832 3518/3729/3833 3519/3730/3834
f 3521/3731/3835 2530/3732/3836 2930/3733/3837 3520/3734/3838
f 2531/3735/3839 2896/3736/3840 3522/3737/3841 3523/3738/3842
f 3525/3739/3843 2532/3740/3844 2862/3741/3845 3524/3742/3846
f 2533/3743/3847 2828/3744/3848 3526/3745/3849 3527/3746/3850
f 3529/3747/3851 2534/3748/3852 2794/3749/3853 3528/3750/3854
f 2535/4670/3855 2760/3752/3856 3530/3753/3857 3531/4665/3858
s 6
f 3532/4795/3859 2536/3756/3860 2535/3751/3861 3531/3754/3862
s 4
f 3532/3755/3863 3533/3757/3864 2787/3758/3865 2536/4796/3866
f 2821/3759/3867 2537/3760/3868 3534/3761/3869 3535/3762/3870
f 2855/3763/3871 2538/3764/3872 3536/3765/3873 3537/3766/3874
f 2889/3767/3875 2539/3768/3876 3538/3769/3877 3539/3770/3878
f 2923/3771/3879 2540/3772/3880 3540/3773/3881 3541/3774/3882
f 2957/3775/3883 2541/3776/3884 3542/3777/3885 3543/3778/3886
f 2991/3779/3887 2542/3780/3888 3544/3781/3889 3545/3782/3890
f 3025/3783/3891 2543/3784/3892 3546/3785/3893 3547/3786/3894
f 3059/3787/3895 2544/3788/3896 3548/3789/3897 3549/3790/3898
f 3093/3791/3899 2545/3792/3900 3550/3793/3901 3551/3794/3902
f 3128/3795/3903 2546/3796/3904 3552/3797/3905 3553/3798/3906
f 3161/3799/3907 2547/3800/3908 3554/3801/3909 3555/3802/3910
f 3195/3803/3911 2548/3804/3912 3556/3805/3913 3557/3806/3914
f 3229/3807/3915 2549/3808/3916 3558/3809/3917 3559/3810/3918
f 3263/3811/3919 2550/3812/3920 3560/3813/3921 3561/3814/3922
f 3297/3815/3923 2551/3816/3924 3562/3817/3925 3563/3818/3926
s 5
f 2519/4672/3927 2552/4794/3928 3564/3821/3929 3499/3822/3930
s 2
f 3633/3823/3931 2554/3824/3932 3272/3825/3933 3632/3826/3934
f 2555/3827/3935 3238/3828/3936 3634/3829/3937 3635/3830/3938
f 3637/3831/3939 2556/3832/3940 3204/3833/3941 3636/3834/3942
f 2557/3835/3943 3170/3836/3944 3638/3837/3945 3639/3838/3946
f 3641/3839/3947 2558/3840/3948 3136/3841/3949 3640/3842/3950
f 2559/3843/3951 3103/3844/3952 3642/3845/3953 3643/3846/3954
f 3645/3847/3955 2560/3848/3956 3068/3849/3957 3644/3850/3958
f 2561/3851/3959 3034/3852/3960 3646/3853/3961 3647/3854/3962
f 3649/3855/3963 2562/3856/3964 3000/3857/3965 3648/3858/3966
f 2563/3859/3967 2966/3860/3968 3650/3861/3969 3651/3862/3970
f 3653/3863/3971 2564/3864/3972 2932/3865/3973 3652/3866/3974
f 2565/3867/3975 2898/3868/3976 3654/3869/3977 3655/3870/3978
f 3657/3871/3979 2566/3872/3980 2864/3873/3981 3656/3874/3982
f 2567/3875/3983 2830/3876/3984 3658/3877/3985 3659/3878/3986
f 3661/3879/3987 2568/3880/3988 2796/3881/3989 3660/3882/3990
f 2569/4662/3991 2762/3884/3992 3662/3885/3993 3663/4657/3994
s 6
f 3664/4787/3995 2570/3888/3996 2569/3883/3997 3663/3886/3998
s 4
f 3664/3887/3999 3665/3889/4000 2785/3890/4001 2570/4788/4002
f 2819/3891/4003 2571/3892/4004 3666/3893/4005 3667/3894/4006
f 2853/3895/4007 2572/3896/4008 3668/3897/4009 3669/3898/4010
f 2887/3899/4011 2573/3900/4012 3670/3901/4013 3671/3902/4014
f 2921/3903/4015 2574/3904/4016 3672/3905/4017 3673/3906/4018
f 2955/3907/4019 2575/3908/4020 3674/3909/4021 3675/3910/4022
f 2989/3911/4023 2576/3912/4024 3676/3913/4025 3677/3914/4026
f 3023/3915/4027 2577/3916/4028 3678/3917/4029 3679/3918/4030
f 3057/3919/4031 2578/3920/4032 3680/3921/4033 3681/3922/4034
f 3091/3923/4035 2579/3924/4036 3682/3925/4037 3683/3926/4038
f 3126/3927/4039 2580/3928/4040 3684/3929/4041 3685/3930/4042
f 3159/3931/4043 2581/3932/4044 3686/3933/4045 3687/3934/4046
f 3193/3935/4047 2582/3936/4048 3688/3937/4049 3689/3938/4050
f 3227/3939/4051 2583/3940/4052 3690/3941/4053 3691/3942/4054
f 3261/3943/4055 2584/3944/4056 3692/3945/4057 3693/3946/4058
f 3295/3947/4059 2585/3948/4060 3694/3949/4061 3695/3950/4062
s 5
f 2553/4664/4063 2586/4786/4064 3696/3953/4065 3631/3954/4066
s 2
f 3765/3955/4067 2588/3956/4068 3274/3957/4069 3764/3958/4070
f 2589/3959/4071 3240/3960/4072 3766/3961/4073 3767/3962/4074
f 3769/3963/4075 2590/3964/4076 3206/3965/4077 3768/3966/4078
f 2591/3967/4079 3172/3968/4080 3770/3969/4081 3771/3970/4082
f 3773/3971/4083 2592/3972/4084 3138/3973/4085 3772/3974/4086
f 2593/3975/4087 3105/3976/4088 3774/3977/4089 3775/3978/4090
f 3777/3979/4091 2594/3980/4092 3070/3981/4093 3776/3982/4094
f 2595/3983/4095 3036/3984/4096 3778/3985/4097 3779/3986/4098
f 3781/3987/4099 2596/3988/4100 3002/3989/4101 3780/3990/4102
f 2597/3991/4103 2968/3992/4104 3782/3993/4105 3783/3994/4106
f 3785/3995/4107 2598/3996/4108 2934/3997/4109 3784/3998/4110
f 2599/3999/4111 2900/4000/4112 3786/4001/4113 3787/4002/4114
f 3789/4003/4115 2600/4004/4116 2866/4005/4117 3788/4006/4118
f 2601/4007/4119 2832/4008/4120 3790/4009/4121 3791/4010/4122
f 3793/4011/4123 2602/4012/4124 2798/4013/4125 3792/4014/4126
f 2603/4654/4127 2764/4016/4128 3794/4017/4129 3795/4649/4130
s 6
f 3796/4779/4131 2604/4020/4132 2603/4015/4133 3795/4018/4134
s 4
f 3796/4019/4135 3797/4021/4136 2783/4022/4137 2604/4780/4138
f 2817/4023/4139 2605/4024/4140 3798/4025/4141 3799/4026/4142
f 2851/4027/4143 2606/4028/4144 3800/4029/4145 3801/4030/4146
f 2885/4031/4147 2607/4032/4148 3802/4033/4149 3803/4034/4150
f 2919/4035/4151 2608/4036/4152 3804/4037/4153 3805/4038/4154
f 2953/4039/4155 2609/4040/4156 3806/4041/4157 3807/4042/4158
f 2987/4043/4159 2610/4044/4160 3808/4045/4161 3809/4046/4162
f 3021/4047/4163 2611/4048/4164 3810/4049/4165 3811/4050/4166
f 3055/4051/4167 2612/4052/4168 3812/4053/4169 3813/4054/4170
f 3089/4055/4171 2613/4056/4172 3814/4057/4173 3815/4058/4174
f 3124/4059/4175 2614/4060/4176 3816/4061/4177 3817/4062/4178
f 3157/4063/4179 2615/4064/4180 3818/4065/4181 3819/4066/4182
f 3191/4067/4183 2616/4068/4184 3820/4069/4185 3821/4070/4186
f 3225/4071/4187 2617/4072/4188 3822/4073/4189 3823/4074/4190
f 3259/4075/4191 2618/4076/4192 3824/4077/4193 3825/4078/4194
f 3293/4079/4195 2619/4080/4196 3826/4081/4197 3827/4082/4198
s 5
f 2587/4656/4199 2620/4778/4200 3828/4085/4201 3763/4086/4202
s 2
f 3897/4087/4203 2622/4088/4204 3276/4089/4205 3896/4090/4206
f 2623/4091/4207 3242/4092/4208 3898/4093/4209 3899/4094/4210
f 3901/4095/4211 2624/4096/4212 3208/4097/4213 3900/4098/4214
f 2625/4099/4215 3174/4100/4216 3902/4101/4217 3903/4102/4218
f 3905/4103/4219 2626/4104/4220 3140/4105/4221 3904/4106/4222
f 2627/4107/4223 3107/4108/4224 3906/4109/4225 3907/4110/4226
f 3909/4111/4227 2628/4112/4228 3072/4113/4229 3908/4114/4230
f 2629/4115/4231 3038/4116/4232 3910/4117/4233 3911/4118/4234
f 3913/4119/4235 2630/4120/4236 3004/4121/4237 3912/4122/4238
f 2631/4123/4239 2970/4124/4240 3914/4125/4241 3915/4126/4242
f 3917/4127/4243 2632/4128/4244 2936/4129/4245 3916/4130/4246
f 2633/4131/4247 2902/4132/4248 3918/4133/4249 3919/4134/4250
f 3921/4135/4251 2634/4136/4252 2868/4137/4253 3920/4138/4254
f 2635/4139/4255 2834/4140/4256 3922/4141/4257 3923/4142/4258
f 3925/4143/4259 2636/4144/4260 2800/4145/4261 3924/4146/4262
f 2637/4646/4263 2766/4148/4264 3926/4149/4265 3927/4641/4266
s 6
f 3928/4771/4267 2638/4152/4268 2637/4147/4269 3927/4150/4270
s 4
f 3928/4151/4271 3929/4153/4272 2781/4154/4273 2638/4772/4274
f 2815/4155/4275 2639/4156/4276 3930/4157/4277 3931/4158/4278
f 2849/4159/4279 2640/4160/4280 3932/4161/4281 3933/4162/4282
f 2883/4163/4283 2641/4164/4284 3934/4165/4285 3935/4166/4286
f 2917/4167/4287 2642/4168/4288 3936/4169/4289 3937/4170/4290
f 2951/4171/4291 2643/4172/4292 3938/4173/4293 3939/4174/4294
f 2985/4175/4295 2644/4176/4296 3940/4177/4297 3941/4178/4298
f 3019/4179/4299 2645/4180/4300 3942/4181/4301 3943/4182/4302
f 3053/4183/4303 2646/4184/4304 3944/4185/4305 3945/4186/4306
f 3087/4187/4307 2647/4188/4308 3946/4189/4309 3947/4190/4310
f 3122/4191/4311 2648/4192/4312 3948/4193/4313 3949/4194/4314
f 3155/4195/4315 2649/4196/4316 3950/4197/4317 3951/4198/4318
f 3189/4199/4319 2650/4200/4320 3952/4201/4321 3953/4202/4322
f 3223/4203/4323 2651/4204/4324 3954/4205/4325 3955/4206/4326
f 3257/4207/4327 2652/4208/4328 3956/4209/4329 3957/4210/4330
f 3291/4211/4331 2653/4212/4332 3958/4213/4333 3959/4214/4334
s 5
f 2621/4648/4335 2654/4770/4336 3960/4217/4337 3895/4218/4338
s 2
f 4029/4219/4339 2656/4220/4340 3278/4221/4341 4028/4222/4342
f 2657/4223/4343 3244/4224/4344 4030/4225/4345 4031/4226/4346
f 4033/4227/4347 2658/4228/4348 3210/4229/4349 4032/4230/4350
f 2659/4231/4351 3176/4232/4352 4034/4233/4353 4035/4234/4354
f 4037/4235/4355 2660/4236/4356 3142/4237/4357 4036/4238/4358
f 2661/4239/4359 3109/4240/4360 4038/4241/4361 4039/4242/4362
f 4041/4243/4363 2662/4244/4364 3074/4245/4365 4040/4246/4366
f 2663/4247/4367 3040/4248/4368 4042/4249/4369 4043/4250/4370
f 4045/4251/4371 2664/4252/4372 3006/4253/4373 4044/4254/4374
f 2665/4255/4375 2972/4256/4376 4046/4257/4377 4047/4258/4378
f 4049/4259/4379 2666/4260/4380 2938/4261/4381 4048/4262/4382
f 2667/4263/4383 2904/4264/4384 4050/4265/4385 4051/4266/4386
f 4053/4267/4387 2668/4268/4388 2870/4269/4389 4052/4270/4390
f 2669/4271/4391 2836/4272/4392 4054/4273/4393 4055/4274/4394
f 4057/4275/4395 2670/4276/4396 2802/4277/4397 4056/4278/4398
f 2671/4638/4399 2768/4280/4400 4058/4281/4401 4059/4633/4402
s 6
f 4060/4763/4403 2672/4284/4404 2671/4279/4405 4059/4282/4406
s 4
f 4060/4283/4407 4061/4285/4408 2779/4286/4409 2672/4764/4410
f 2813/4287/4411 2673/4288/4412 4062/4289/4413 4063/4290/4414
f 2847/4291/4415 2674/4292/4416 4064/4293/4417 4065/4294/4418
f 2881/4295/4419 2675/4296/4420 4066/4297/4421 4067/4298/4422
f 2915/4299/4423 2676/4300/4424 4068/4301/4425 4069/4302/4426
f 2949/4303/4427 2677/4304/4428 4070/4305/4429 4071/4306/4430
f 2983/4307/4431 2678/4308/4432 4072/4309/4433 4073/4310/4434
f 3017/4311/4435 2679/4312/4436 4074/4313/4437 4075/4314/4438
f 3051/4315/4439 2680/4316/4440 4076/4317/4441 4077/4318/4442
f 3085/4319/4443 2681/4320/4444 4078/4321/4445 4079/4322/4446
f 3120/4323/4447 2682/4324/4448 4080/4325/4449 4081/4326/4450
f 3153/4327/4451 2683/4328/4452 4082/4329/4453 4083/4330/4454
f 3187/4331/4455 2684/4332/4456 4084/4333/4457 4085/4334/4458
f 3221/4335/4459 2685/4336/4460 4086/4337/4461 4087/4338/4462
f 3255/4339/4463 2686/4340/4464 4088/4341/4465 4089/4342/4466
f 3289/4343/4467 2687/4344/4468 4090/4345/4469 4091/4346/4470
s 5
f 2655/4640/4471 2688/4762/4472 4092/4349/4473 4027/4350/4474
s 2
f 4161/4351/4475 2690/4352/4476 3280/4353/4477 4160/4354/4478
f 2691/4355/4479 3246/4356/4480 4162/4357/4481 4163/4358/4482
f 4165/4359/4483 2692/4360/4484 3212/4361/4485 4164/4362/4486
f 2693/4363/4487 3178/4364/4488 4166/4365/4489 4167/4366/4490
f 4169/4367/4491 2694/4368/4492 3144/4369/4493 4168/4370/4494
f 2695/4371/4495 3111/4372/4496 4170/4373/4497 4171/4374/4498
f 4173/4375/4499 2696/4376/4500 3076/4377/4501 4172/4378/4502
f 2697/4379/4503 3042/4380/4504 4174/4381/4505 4175/4382/4506
f 4177/4383/4507 2698/4384/4508 3008/4385/4509 4176/4386/4510
f 2699/4387/4511 2974/4388/4512 4178/4389/4513 4179/4390/4514
f 4181/4391/4515 2700/4392/4516 2940/4393/4517 4180/4394/4518
f 2701/4395/4519 2906/4396/4520 4182/4397/4521 4183/4398/4522
f 4185/4399/4523 2702/4400/4524 2872/4401/4525 4184/4402/4526
f 2703/4403/4527 2838/4404/4528 4186/4405/4529 4187/4406/4530
f 4189/4407/4531 2704/4408/4532 2804/4409/4533 4188/4410/4534
f 2705/4630/4535 2770/4412/4536 4190/4413/4537 4191/4625/4538
s 6
f 4192/4755/4539 2706/4416/4540 2705/4411/4541 4191/4414/4542
s 4
f 4192/4415/4543 4193/4417/4544 2777/4418/4545 2706/4756/4546
f 2811/4419/4547 2707/4420/4548 4194/4421/4549 4195/4422/4550
f 2845/4423/4551 2708/4424/4552 4196/4425/4553 4197/4426/4554
f 2879/4427/4555 2709/4428/4556 4198/4429/4557 4199/4430/4558
f 2913/4431/4559 2710/4432/4560 4200/4433/4561 4201/4434/4562
f 2947/4435/4563 2711/4436/4564 4202/4437/4565 4203/4438/4566
f 2981/4439/4567 2712/4440/4568 4204/4441/4569 4205/4442/4570
f 3015/4443/4571 2713/4444/4572 4206/4445/4573 4207/4446/4574
f 3049/4447/4575 2714/4448/4576 4208/4449/4577 4209/4450/4578
f 3083/4451/4579 2715/4452/4580 4210/4453/4581 4211/4454/4582
f 3118/4455/4583 2716/4456/4584 4212/4457/4585 4213/4458/4586
f 3151/4459/4587 2717/4460/4588 4214/4461/4589 4215/4462/4590
f 3185/4463/4591 2718/4464/4592 4216/4465/4593 4217/4466/4594
f 3219/4467/4595 2719/4468/4596 4218/4469/4597 4219/4470/4598
f 3253/4471/4599 2720/4472/4600 4220/4473/4601 4221/4474/4602
f 3287/4475/4603 2721/4476/4604 4222/4477/4605 4223/4478/4606
s 5
f 2689/4632/4607 2722/4754/4608 4224/4481/4609 4159/4482/4610
s 2
f 2475/3524/4611 4354/4483/4612 4355/4484/4613 3283/3525/4614
f 4352/4485/4615 4353/4486/4616 3249/2533/4617 2212/2532/4618
f 2457/3456/4619 4350/4487/4620 4351/4488/4621 3215/3457/4622
f 4348/4489/4623 4349/4490/4624 3181/2509/4625 2204/2508/4626
f 2439/3388/4627 4346/4491/4628 4347/4492/4629 3147/3389/4630
f 4344/4493/4631 4345/4494/4632 3114/2521/4633 2208/2520/4634
f 2421/3320/4635 4342/4495/4636 4343/4496/4637 3079/3321/4638
f 4340/4497/4639 4341/4498/4640 3045/2461/4641 2188/2460/4642
f 2403/3252/4643 4338/4499/4644 4339/4500/4645 3011/3253/4646
f 4336/4501/4647 4337/4502/4648 2977/2485/4649 2196/2484/4650
f 2385/3184/4651 4334/4503/4652 4335/4504/4653 2943/3185/4654
f 4332/4505/4655 4333/4506/4656 2909/2473/4657 2192/2472/4658
f 2367/3116/4659 4330/4507/4660 4331/4508/4661 2875/3117/4662
f 4328/4509/4663 4329/4510/4664 2841/2497/4665 2200/2496/4666
f 2349/3048/4667 4326/4511/4668 4327/4512/4669 2807/3049/4670
f 4324/4513/4671 4325/4514/4672 2773/2446/4673 2183/4620/4674
s 6
f 2185/4874/4675 4323/4515/4676 4324/4619/4677 2183/2445/4678
s 4
f 2185/2448/4679 2774/2447/4680 4322/4516/4681 4323/4745/4682
f 4320/4517/4683 4321/4518/4684 2350/3047/4685 2808/3050/4686
f 4318/4519/4687 4319/4520/4688 2201/2495/4689 2842/2498/4690
f 4316/4521/4691 4317/4522/4692 2368/3115/4693 2876/3118/4694
f 4314/4523/4695 4315/4524/4696 2193/2471/4697 2910/2474/4698
f 4312/4525/4699 4313/4526/4700 2386/3183/4701 2944/3186/4702
f 4310/4527/4703 4311/4528/4704 2197/2483/4705 2978/2486/4706
f 4308/4529/4707 4309/4530/4708 2404/3251/4709 3012/3254/4710
f 4306/4531/4711 4307/4532/4712 2189/2459/4713 3046/2462/4714
f 4304/4533/4715 4305/4534/4716 2422/3319/4717 3080/3322/4718
f 4302/4535/4719 4303/4536/4720 2209/2519/4721 3115/2522/4722
f 4300/4537/4723 4301/4538/4724 2440/3387/4725 3148/3390/4726
f 4298/4539/4727 4299/4540/4728 2205/2507/4729 3182/2510/4730
f 4296/4541/4731 4297/4542/4732 2458/3455/4733 3216/3458/4734
f 4294/4543/4735 4295/4544/4736 2213/2531/4737 3250/2534/4738
f 4292/4545/4739 4293/4546/4740 2476/3523/4741 3284/3526/4742
s 5
f 4356/4547/4743 4291/4548/4744 2186/4811/4745 2184/4618/4746
s 2
f 2757/4742/2448 2341/3015/3083 3331/3018/3086 3332/2443/2449
f 3398/3621/3721 2758/3620/3720 2500/3615/3715 3397/3618/3718
f 3464/2705/2753 2759/2704/2752 2342/3020/3088 3463/3019/3087
f 3530/3753/3857 2760/3752/3856 2534/3748/3852 3529/3747/3851
f 3596/2637/2681 2761/2636/2680 2343/3024/3092 3595/3023/3091
f 3662/3885/3993 2762/3884/3992 2568/3880/3988 3661/3879/3987
f 3728/2773/2825 2763/2772/2824 2344/3028/3096 3727/3027/3095
f 3794/4017/4129 2764/4016/4128 2602/4012/4124 3793/4011/4123
f 3860/2569/2609 2765/2568/2608 2345/3032/3100 3859/3031/3099
f 3926/4149/4265 2766/4148/4264 2636/4144/4260 3925/4143/4259
f 3992/2909/2969 2767/2908/2968 2346/3036/3104 3991/3035/3103
f 4058/4281/4401 2768/4280/4400 2670/4276/4396 4057/4275/4395
f 4124/2841/2897 2769/2840/2896 2347/3040/3108 4123/3039/3107
f 4190/4413/4537 2770/4412/4536 2704/4408/4532 4189/4407/4531
f 4256/2977/3041 2771/2976/3040 2348/3044/3112 4255/3043/3111
f 2773/2446/4673 4325/4514/4672 4326/4511/4668 2349/3048/4667
s 3
f 2774/4870/2453 2773/4740/2452 2349/4741/3116 2350/4871/3115
s 4
f 4322/4516/4681 2774/2447/4680 2350/3047/4685 4321/4518/4684
f 2776/2982/3049 4259/2981/3048 4260/3052/3120 2351/3051/3119
f 2777/4418/4545 4193/4417/4544 4194/4421/4549 2707/4420/4548
f 2778/2846/2905 4127/2845/2904 4128/3056/3124 2352/3055/3123
f 2779/4286/4409 4061/4285/4408 4062/4289/4413 2673/4288/4412
f 2780/2914/2977 3995/2913/2976 3996/3060/3128 2353/3059/3127
f 2781/4154/4273 3929/4153/4272 3930/4157/4277 2639/4156/4276
f 2782/2574/2617 3863/2573/2616 3864/3064/3132 2354/3063/3131
f 2783/4022/4137 3797/4021/4136 3798/4025/4141 2605/4024/4140
f 2784/2778/2833 3731/2777/2832 3732/3068/3136 2355/3067/3135
f 2785/3890/4001 3665/3889/4000 3666/3893/4005 2571/3892/4004
f 2786/2642/2689 3599/2641/2688 3600/3072/3140 2356/3071/3139
f 2787/3758/3865 3533/3757/3864 3534/3761/3869 2537/3760/3868
f 2788/2710/2761 3467/2709/2760 3468/3076/3144 2357/3075/3143
f 2789/3626/3729 3401/3625/3728 3402/3629/3733 2503/3628/3732
f 2790/2440/2457 3335/2450/2456 3336/3080/3148 2358/3079/3147
s 1
f 2757/2441/2445 2790/4868/2444 2358/4869/3152 2341/4743/3151
s 2
f 2791/4738/3084 2199/2491/2515 3329/2494/2518 3330/3017/3085
f 3396/3617/3717 2792/3616/3716 2499/3611/3711 3395/3614/3714
f 3462/3022/3090 2793/3021/3089 2258/2699/2747 3461/2702/2750
f 3528/3750/3854 2794/3749/3853 2533/3743/3847 3527/3746/3850
f 3594/3026/3094 2795/3025/3093 2240/2631/2675 3593/2634/2678
f 3660/3882/3990 2796/3881/3989 2567/3875/3983 3659/3878/3986
f 3726/3030/3098 2797/3029/3097 2276/2767/2819 3725/2770/2822
f 3792/4014/4126 2798/4013/4125 2601/4007/4119 3791/4010/4122
f 3858/3034/3102 2799/3033/3101 2222/2563/2603 3857/2566/2606
f 3924/4146/4262 2800/4145/4261 2635/4139/4255 3923/4142/4258
f 3990/3038/3106 2801/3037/3105 2312/2903/2963 3989/2906/2966
f 4056/4278/4398 2802/4277/4397 2669/4271/4391 4055/4274/4394
f 4122/3042/3110 2803/3041/3109 2294/2835/2891 4121/2838/2894
f 4188/4410/4534 2804/4409/4533 2703/4403/4527 4187/4406/4530
f 4254/3046/3114 2805/3045/3113 2330/2971/3035 4253/2974/3038
f 2807/3049/4670 4327/4512/4669 4328/4509/4663 2200/2496/4666
s 3
f 2808/4866/3118 2807/4736/3117 2200/4737/2520 2201/4867/2519
s 4
f 4319/4520/4688 4320/4517/4683 2808/3050/4686 2201/2495/4689
f 2810/3054/3122 4261/3053/3121 4262/2985/3053 2333/2984/3052
f 2708/4424/4552 2811/4419/4547 4195/4422/4550 4196/4425/4553
f 2812/3058/3126 4129/3057/3125 4130/2849/2909 2297/2848/2908
f 2674/4292/4416 2813/4287/4411 4063/4290/4414 4064/4293/4417
f 2814/3062/3130 3997/3061/3129 3998/2917/2981 2315/2916/2980
f 2640/4160/4280 2815/4155/4275 3931/4158/4278 3932/4161/4281
f 2816/3066/3134 3865/3065/3133 3866/2577/2621 2225/2576/2620
f 2606/4028/4144 2817/4023/4139 3799/4026/4142 3800/4029/4145
f 2818/3070/3138 3733/3069/3137 3734/2781/2837 2279/2780/2836
f 2572/3896/4008 2819/3891/4003 3667/3894/4006 3668/3897/4009
f 2820/3074/3142 3601/3073/3141 3602/2645/2693 2243/2644/2692
f 2538/3764/3872 2821/3759/3867 3535/3762/3870 3536/3765/3873
f 2822/3078/3146 3469/3077/3145 3470/2713/2765 2261/2712/2764
f 2504/3632/3736 2823/3627/3731 3403/3630/3734 3404/3633/3737
f 2824/3082/3150 3337/3081/3149 3338/2500/2524 2202/2499/2523
s 1
f 2791/3016/3154 2824/4864/3153 2202/4865/2528 2199/4739/2527
s 2
f 2825/4734/2516 2359/3083/3155 3327/3086/3158 3328/2493/2517
f 3394/3613/3713 2826/3612/3712 2498/3607/3707 3393/3610/3710
f 3460/2701/2749 2827/2700/2748 2360/3088/3160 3459/3087/3159
f 3526/3745/3849 2828/3744/3848 2532/3740/3844 3525/3739/3843
f 3592/2633/2677 2829/2632/2676 2361/3092/3164 3591/3091/3163
f 3658/3877/3985 2830/3876/3984 2566/3872/3980 3657/3871/3979
f 3724/2769/2821 2831/2768/2820 2362/3096/3168 3723/3095/3167
f 3790/4009/4121 2832/4008/4120 2600/4004/4116 3789/4003/4115
f 3856/2565/2605 2833/2564/2604 2363/3100/3172 3855/3099/3171
f 3922/4141/4257 2834/4140/4256 2634/4136/4252 3921/4135/4251
f 3988/2905/2965 2835/2904/2964 2364/3104/3176 3987/3103/3175
f 4054/4273/4393 2836/4272/4392 2668/4268/4388 4053/4267/4387
f 4120/2837/2893 2837/2836/2892 2365/3108/3180 4119/3107/3179
f 4186/4405/4529 2838/4404/4528 2702/4400/4524 4185/4399/4523
f 4252/2973/3037 2839/2972/3036 2366/3112/3184 4251/3111/3183
f 2841/2497/4665 4329/4510/4664 4330/4507/4660 2367/3116/4659
s 3
f 2842/4862/2522 2841/4732/2521 2367/4733/3188 2368/4863/3187
s 4
f 4317/4522/4692 4318/4519/4687 2842/2498/4690 2368/3115/4693
f 2369/3120/3192 2844/2983/3051 4263/2986/3054 4264/3121/3193
f 2709/4428/4556 2845/4423/4551 4197/4426/4554 4198/4429/4557
f 2370/3124/3196 2846/2847/2907 4131/2850/2910 4132/3125/3197
f 2675/4296/4420 2847/4291/4415 4065/4294/4418 4066/4297/4421
f 2371/3128/3200 2848/2915/2979 3999/2918/2982 4000/3129/3201
f 2641/4164/4284 2849/4159/4279 3933/4162/4282 3934/4165/4285
f 2372/3132/3204 2850/2575/2619 3867/2578/2622 3868/3133/3205
f 2607/4032/4148 2851/4027/4143 3801/4030/4146 3802/4033/4149
f 2373/3136/3208 2852/2779/2835 3735/2782/2838 3736/3137/3209
f 2573/3900/4012 2853/3895/4007 3669/3898/4010 3670/3901/4013
f 2374/3140/3212 2854/2643/2691 3603/2646/2694 3604/3141/3213
f 2539/3768/3876 2855/3763/3871 3537/3766/3874 3538/3769/3877
f 2375/3144/3216 2856/2711/2763 3471/2714/2766 3472/3145/3217
f 2505/3636/3740 2857/3631/3735 3405/3634/3738 3406/3637/3741
f 2858/2502/2526 3339/2501/2525 3340/3148/3220 2376/3147/3219
s 1
f 2825/2492/2530 2858/4860/2529 2376/4861/3224 2359/4735/3223
s 2
f 2859/4730/3156 2191/2467/2483 3325/2470/2486 3326/3085/3157
f 3392/3609/3709 2860/3608/3708 2497/3603/3703 3391/3606/3706
f 3458/3090/3162 2861/3089/3161 2257/2695/2743 3457/2698/2746
f 3524/3742/3846 2862/3741/3845 2531/3735/3839 3523/3738/3842
f 3590/3094/3166 2863/3093/3165 2239/2627/2671 3589/2630/2674
f 3656/3874/3982 2864/3873/3981 2565/3867/3975 3655/3870/3978
f 3722/3098/3170 2865/3097/3169 2275/2763/2815 3721/2766/2818
f 3788/4006/4118 2866/4005/4117 2599/3999/4111 3787/4002/4114
f 3854/3102/3174 2867/3101/3173 2221/2559/2599 3853/2562/2602
f 3920/4138/4254 2868/4137/4253 2633/4131/4247 3919/4134/4250
f 3986/3106/3178 2869/3105/3177 2311/2899/2959 3985/2902/2962
f 4052/4270/4390 2870/4269/4389 2667/4263/4383 4051/4266/4386
f 4118/3110/3182 2871/3109/3181 2293/2831/2887 4117/2834/2890
f 4184/4402/4526 2872/4401/4525 2701/4395/4519 4183/4398/4522
f 4250/3114/3186 2873/3113/3185 2329/2967/3031 4249/2970/3034
f 2875/3117/4662 4331/4508/4661 4332/4505/4655 2192/2472/4658
s 3
f 2876/4858/3190 2875/4728/3189 2192/4729/2488 2193/4859/2487
s 4
f 4315/4524/4696 4316/4521/4691 2876/3118/4694 2193/2471/4697
f 2334/2988/3056 2878/3119/3191 4265/3122/3194 4266/2989/3057
f 2710/4432/4560 2879/4427/4555 4199/4430/4558 4200/4433/4561
f 2298/2852/2912 2880/3123/3195 4133/3126/3198 4134/2853/2913
f 2676/4300/4424 2881/4295/4419 4067/4298/4422 4068/4301/4425
f 2316/2920/2984 2882/3127/3199 4001/3130/3202 4002/2921/2985
f 2642/4168/4288 2883/4163/4283 3935/4166/4286 3936/4169/4289
f 2226/2580/2624 2884/3131/3203 3869/3134/3206 3870/2581/2625
f 2608/4036/4152 2885/4031/4147 3803/4034/4150 3804/4037/4153
f 2280/2784/2840 2886/3135/3207 3737/3138/3210 3738/2785/2841
f 2574/3904/4016 2887/3899/4011 3671/3902/4014 3672/3905/4017
f 2244/2648/2696 2888/3139/3211 3605/3142/3214 3606/2649/2697
f 2540/3772/3880 2889/3767/3875 3539/3770/3878 3540/3773/3881
f 2262/2716/2768 2890/3143/3215 3473/3146/3218 3474/2717/2769
f 2506/3640/3744 2891/3635/3739 3407/3638/3742 3408/3641/3745
f 2892/3150/3222 3341/3149/3221 3342/2476/2492 2194/2475/2491
s 1
f 2859/3084/3226 2892/4856/3225 2194/4857/2496 2191/4731/2495
s 2
f 2893/4726/2484 2377/3151/3227 3323/3154/3230 3324/2469/2485
f 3390/3605/3705 2894/3604/3704 2496/3599/3699 3389/3602/3702
f 3456/2697/2745 2895/2696/2744 2378/3156/3232 3455/3155/3231
f 3522/3737/3841 2896/3736/3840 2530/3732/3836 3521/3731/3835
f 3588/2629/2673 2897/2628/2672 2379/3160/3236 3587/3159/3235
f 3654/3869/3977 2898/3868/3976 2564/3864/3972 3653/3863/3971
f 3720/2765/2817 2899/2764/2816 2380/3164/3240 3719/3163/3239
f 3786/4001/4113 2900/4000/4112 2598/3996/4108 3785/3995/4107
f 3852/2561/2601 2901/2560/2600 2381/3168/3244 3851/3167/3243
f 3918/4133/4249 2902/4132/4248 2632/4128/4244 3917/4127/4243
f 3984/2901/2961 2903/2900/2960 2382/3172/3248 3983/3171/3247
f 4050/4265/4385 2904/4264/4384 2666/4260/4380 4049/4259/4379
f 4116/2833/2889 2905/2832/2888 2383/3176/3252 4115/3175/3251
f 4182/4397/4521 2906/4396/4520 2700/4392/4516 4181/4391/4515
f 4248/2969/3033 2907/2968/3032 2384/3180/3256 4247/3179/3255
f 2909/2473/4657 4333/4506/4656 4334/4503/4652 2385/3184/4651
s 3
f 2910/4854/2490 2909/4724/2489 2385/4725/3260 2386/4855/3259
s 4
f 4313/4526/4700 4314/4523/4695 2910/2474/4698 2386/3183/4701
f 2387/3188/3264 2912/2987/3055 4267/2990/3058 4268/3189/3265
f 2711/4436/4564 2913/4431/4559 4201/4434/4562 4202/4437/4565
f 2388/3192/3268 2914/2851/2911 4135/2854/2914 4136/3193/3269
f 2677/4304/4428 2915/4299/4423 4069/4302/4426 4070/4305/4429
f 2389/3196/3272 2916/2919/2983 4003/2922/2986 4004/3197/3273
f 2643/4172/4292 2917/4167/4287 3937/4170/4290 3938/4173/4293
f 2390/3200/3276 2918/2579/2623 3871/2582/2626 3872/3201/3277
f 2609/4040/4156 2919/4035/4151 3805/4038/4154 3806/4041/4157
f 2391/3204/3280 2920/2783/2839 3739/2786/2842 3740/3205/3281
f 2575/3908/4020 2921/3903/4015 3673/3906/4018 3674/3909/4021
f 2392/3208/3284 2922/2647/2695 3607/2650/2698 3608/3209/3285
f 2541/3776/3884 2923/3771/3879 3541/3774/3882 3542/3777/3885
f 2393/3212/3288 2924/2715/2767 3475/2718/2770 3476/3213/3289
f 2507/3644/3748 2925/3639/3743 3409/3642/3746 3410/3645/3749
f 2926/2478/2494 3343/2477/2493 3344/3216/3292 2394/3215/3291
s 1
f 2893/2468/2498 2926/4852/2497 2394/4853/3296 2377/4727/3295
s 2
f 2927/4722/3228 2195/2479/2499 3321/2482/2502 3322/3153/3229
f 3388/3601/3701 2928/3600/3700 2495/3595/3695 3387/3598/3698
f 3454/3158/3234 2929/3157/3233 2256/2691/2739 3453/2694/2742
f 3520/3734/3838 2930/3733/3837 2529/3727/3831 3519/3730/3834
f 3586/3162/3238 2931/3161/3237 2238/2623/2667 3585/2626/2670
f 3652/3866/3974 2932/3865/3973 2563/3859/3967 3651/3862/3970
f 3718/3166/3242 2933/3165/3241 2274/2759/2811 3717/2762/2814
f 3784/3998/4110 2934/3997/4109 2597/3991/4103 3783/3994/4106
f 3850/3170/3246 2935/3169/3245 2220/2555/2595 3849/2558/2598
f 3916/4130/4246 2936/4129/4245 2631/4123/4239 3915/4126/4242
f 3982/3174/3250 2937/3173/3249 2310/2895/2955 3981/2898/2958
f 4048/4262/4382 2938/4261/4381 2665/4255/4375 4047/4258/4378
f 4114/3178/3254 2939/3177/3253 2292/2827/2883 4113/2830/2886
f 4180/4394/4518 2940/4393/4517 2699/4387/4511 4179/4390/4514
f 4246/3182/3258 2941/3181/3257 2328/2963/3027 4245/2966/3030
f 2943/3185/4654 4335/4504/4653 4336/4501/4647 2196/2484/4650
s 3
f 2944/4850/3262 2943/4720/3261 2196/4721/2504 2197/4851/2503
s 4
f 4311/4528/4704 4312/4525/4699 2944/3186/4702 2197/2483/4705
f 2335/2992/3060 2946/3187/3263 4269/3190/3266 4270/2993/3061
f 2712/4440/4568 2947/4435/4563 4203/4438/4566 4204/4441/4569
f 2299/2856/2916 2948/3191/3267 4137/3194/3270 4138/2857/2917
f 2678/4308/4432 2949/4303/4427 4071/4306/4430 4072/4309/4433
f 2317/2924/2988 2950/3195/3271 4005/3198/3274 4006/2925/2989
f 2644/4176/4296 2951/4171/4291 3939/4174/4294 3940/4177/4297
f 2227/2584/2628 2952/3199/3275 3873/3202/3278 3874/2585/2629
f 2610/4044/4160 2953/4039/4155 3807/4042/4158 3808/4045/4161
f 2281/2788/2844 2954/3203/3279 3741/3206/3282 3742/2789/2845
f 2576/3912/4024 2955/3907/4019 3675/3910/4022 3676/3913/4025
f 2245/2652/2700 2956/3207/3283 3609/3210/3286 3610/2653/2701
f 2542/3780/3888 2957/3775/3883 3543/3778/3886 3544/3781/3889
f 2263/2720/2772 2958/3211/3287 3477/3214/3290 3478/2721/2773
f 2508/3648/3752 2959/3643/3747 3411/3646/3750 3412/3649/3753
f 2960/3218/3294 3345/3217/3293 3346/2488/2508 2198/2487/2507
s 1
f 2927/3152/3298 2960/4848/3297 2198/4849/2512 2195/4723/2511
s 2
f 2961/4718/2500 2395/3219/3299 3319/3222/3302 3320/2481/2501
f 3386/3597/3697 2962/3596/3696 2494/3591/3691 3385/3594/3694
f 3452/2693/2741 2963/2692/2740 2396/3224/3304 3451/3223/3303
f 3518/3729/3833 2964/3728/3832 2528/3724/3828 3517/3723/3827
f 3584/2625/2669 2965/2624/2668 2397/3228/3308 3583/3227/3307
f 3650/3861/3969 2966/3860/3968 2562/3856/3964 3649/3855/3963
f 3716/2761/2813 2967/2760/2812 2398/3232/3312 3715/3231/3311
f 3782/3993/4105 2968/3992/4104 2596/3988/4100 3781/3987/4099
f 3848/2557/2597 2969/2556/2596 2399/3236/3316 3847/3235/3315
f 3914/4125/4241 2970/4124/4240 2630/4120/4236 3913/4119/4235
f 3980/2897/2957 2971/2896/2956 2400/3240/3320 3979/3239/3319
f 4046/4257/4377 2972/4256/4376 2664/4252/4372 4045/4251/4371
f 4112/2829/2885 2973/2828/2884 2401/3244/3324 4111/3243/3323
f 4178/4389/4513 2974/4388/4512 2698/4384/4508 4177/4383/4507
f 4244/2965/3029 2975/2964/3028 2402/3248/3328 4243/3247/3327
f 2977/2485/4649 4337/4502/4648 4338/4499/4644 2403/3252/4643
s 3
f 2978/4846/2506 2977/4716/2505 2403/4717/3332 2404/4847/3331
s 4
f 4309/4530/4708 4310/4527/4703 2978/2486/4706 2404/3251/4709
f 2405/3256/3336 2980/2991/3059 4271/2994/3062 4272/3257/3337
f 2713/4444/4572 2981/4439/4567 4205/4442/4570 4206/4445/4573
f 2406/3260/3340 2982/2855/2915 4139/2858/2918 4140/3261/3341
f 2679/4312/4436 2983/4307/4431 4073/4310/4434 4074/4313/4437
f 2407/3264/3344 2984/2923/2987 4007/2926/2990 4008/3265/3345
f 2645/4180/4300 2985/4175/4295 3941/4178/4298 3942/4181/4301
f 2408/3268/3348 2986/2583/2627 3875/2586/2630 3876/3269/3349
f 2611/4048/4164 2987/4043/4159 3809/4046/4162 3810/4049/4165
f 2409/3272/3352 2988/2787/2843 3743/2790/2846 3744/3273/3353
f 2577/3916/4028 2989/3911/4023 3677/3914/4026 3678/3917/4029
f 2410/3276/3356 2990/2651/2699 3611/2654/2702 3612/3277/3357
f 2543/3784/3892 2991/3779/3887 3545/3782/3890 3546/3785/3893
f 2411/3280/3360 2992/2719/2771 3479/2722/2774 3480/3281/3361
f 2509/3652/3756 2993/3647/3751 3413/3650/3754 3414/3653/3757
f 2994/2490/2510 3347/2489/2509 3348/3284/3364 2412/3283/3363
s 1
f 2961/2480/2514 2994/4844/2513 2412/4845/3368 2395/4719/3367
s 2
f 2995/4714/3300 2187/2455/2467 3317/2458/2470 3318/3221/3301
f 3384/3593/3693 2996/3592/3692 2493/3587/3687 3383/3590/3690
f 3450/3226/3306 2997/3225/3305 2255/2687/2735 3449/2690/2738
f 3516/3726/3830 2998/3725/3829 2527/3719/3823 3515/3722/3826
f 3582/3230/3310 2999/3229/3309 2237/2619/2663 3581/2622/2666
f 3648/3858/3966 3000/3857/3965 2561/3851/3959 3647/3854/3962
f 3714/3234/3314 3001/3233/3313 2273/2755/2807 3713/2758/2810
f 3780/3990/4102 3002/3989/4101 2595/3983/4095 3779/3986/4098
f 3846/3238/3318 3003/3237/3317 2219/2551/2591 3845/2554/2594
f 3912/4122/4238 3004/4121/4237 2629/4115/4231 3911/4118/4234
f 3978/3242/3322 3005/3241/3321 2309/2891/2951 3977/2894/2954
f 4044/4254/4374 3006/4253/4373 2663/4247/4367 4043/4250/4370
f 4110/3246/3326 3007/3245/3325 2291/2823/2879 4109/2826/2882
f 4176/4386/4510 3008/4385/4509 2697/4379/4503 4175/4382/4506
f 4242/3250/3330 3009/3249/3329 2327/2959/3023 4241/2962/3026
f 3011/3253/4646 4339/4500/4645 4340/4497/4639 2188/2460/4642
s 3
f 3012/4842/3334 3011/4712/3333 2188/4713/2472 2189/4843/2471
s 4
f 4307/4532/4712 4308/4529/4707 3012/3254/4710 2189/2459/4713
f 2336/2996/3064 3014/3255/3335 4273/3258/3338 4274/2997/3065
f 2714/4448/4576 3015/4443/4571 4207/4446/4574 4208/4449/4577
f 2300/2860/2920 3016/3259/3339 4141/3262/3342 4142/2861/2921
f 2680/4316/4440 3017/4311/4435 4075/4314/4438 4076/4317/4441
f 2318/2928/2992 3018/3263/3343 4009/3266/3346 4010/2929/2993
f 2646/4184/4304 3019/4179/4299 3943/4182/4302 3944/4185/4305
f 2228/2588/2632 3020/3267/3347 3877/3270/3350 3878/2589/2633
f 2612/4052/4168 3021/4047/4163 3811/4050/4166 3812/4053/4169
f 2282/2792/2848 3022/3271/3351 3745/3274/3354 3746/2793/2849
f 2578/3920/4032 3023/3915/4027 3679/3918/4030 3680/3921/4033
f 2246/2656/2704 3024/3275/3355 3613/3278/3358 3614/2657/2705
f 2544/3788/3896 3025/3783/3891 3547/3786/3894 3548/3789/3897
f 2264/2724/2776 3026/3279/3359 3481/3282/3362 3482/2725/2777
f 2510/3656/3760 3027/3651/3755 3415/3654/3758 3416/3657/3761
f 3028/3286/3366 3349/3285/3365 3350/2464/2476 2190/2463/2475
s 1
f 2995/3220/3370 3028/4840/3369 2190/4841/2480 2187/4715/2479
s 2
f 3029/4710/2468 2413/3287/3371 3315/3290/3374 3316/2457/2469
f 3382/3589/3689 3030/3588/3688 2492/3583/3683 3381/3586/3686
f 3448/2689/2737 3031/2688/2736 2414/3292/3376 3447/3291/3375
f 3514/3721/3825 3032/3720/3824 2526/3716/3820 3513/3715/3819
f 3580/2621/2665 3033/2620/2664 2415/3296/3380 3579/3295/3379
f 3646/3853/3961 3034/3852/3960 2560/3848/3956 3645/3847/3955
f 3712/2757/2809 3035/2756/2808 2416/3300/3384 3711/3299/3383
f 3778/3985/4097 3036/3984/4096 2594/3980/4092 3777/3979/4091
f 3844/2553/2593 3037/2552/2592 2417/3304/3388 3843/3303/3387
f 3910/4117/4233 3038/4116/4232 2628/4112/4228 3909/4111/4227
f 3976/2893/2953 3039/2892/2952 2418/3308/3392 3975/3307/3391
f 4042/4249/4369 3040/4248/4368 2662/4244/4364 4041/4243/4363
f 4108/2825/2881 3041/2824/2880 2419/3312/3396 4107/3311/3395
f 4174/4381/4505 3042/4380/4504 2696/4376/4500 4173/4375/4499
f 4240/2961/3025 3043/2960/3024 2420/3316/3400 4239/3315/3399
f 3045/2461/4641 4341/4498/4640 4342/4495/4636 2421/3320/4635
s 3
f 3046/4838/2474 3045/4708/2473 2421/4709/3404 2422/4839/3403
s 4
f 4305/4534/4716 4306/4531/4711 3046/2462/4714 2422/3319/4717
f 2423/3324/3408 3048/2995/3063 4275/2998/3066 4276/3325/3409
f 2715/4452/4580 3049/4447/4575 4209/4450/4578 4210/4453/4581
f 2424/3328/3412 3050/2859/2919 4143/2862/2922 4144/3329/3413
f 2681/4320/4444 3051/4315/4439 4077/4318/4442 4078/4321/4445
f 2425/3332/3416 3052/2927/2991 4011/2930/2994 4012/3333/3417
f 2647/4188/4308 3053/4183/4303 3945/4186/4306 3946/4189/4309
f 2426/3336/3420 3054/2587/2631 3879/2590/2634 3880/3337/3421
f 2613/4056/4172 3055/4051/4167 3813/4054/4170 3814/4057/4173
f 2427/3340/3424 3056/2791/2847 3747/2794/2850 3748/3341/3425
f 2579/3924/4036 3057/3919/4031 3681/3922/4034 3682/3925/4037
f 2428/3344/3428 3058/2655/2703 3615/2658/2706 3616/3345/3429
f 2545/3792/3900 3059/3787/3895 3549/3790/3898 3550/3793/3901
f 2429/3348/3432 3060/2723/2775 3483/2726/2778 3484/3349/3433
f 2511/3660/3764 3061/3655/3759 3417/3658/3762 3418/3661/3765
f 3062/2466/2478 3351/2465/2477 3352/3352/3436 2430/3351/3435
s 1
f 3029/2456/2482 3062/4836/2481 2430/4837/3440 2413/4711/3439
s 2
f 3063/4706/3372 2207/2515/2547 3313/2518/2550 3314/3289/3373
f 3380/3585/3685 3064/3584/3684 2491/3579/3679 3379/3582/3682
f 3446/3294/3378 3065/3293/3377 2254/2683/2731 3445/2686/2734
f 3512/3718/3822 3066/3717/3821 2525/3711/3815 3511/3714/3818
f 3578/3298/3382 3067/3297/3381 2236/2615/2659 3577/2618/2662
f 3644/3850/3958 3068/3849/3957 2559/3843/3951 3643/3846/3954
f 3710/3302/3386 3069/3301/3385 2272/2751/2803 3709/2754/2806
f 3776/3982/4094 3070/3981/4093 2593/3975/4087 3775/3978/4090
f 3842/3306/3390 3071/3305/3389 2218/2547/2587 3841/2550/2590
f 3908/4114/4230 3072/4113/4229 2627/4107/4223 3907/4110/4226
f 3974/3310/3394 3073/3309/3393 2308/2887/2947 3973/2890/2950
f 4040/4246/4366 3074/4245/4365 2661/4239/4359 4039/4242/4362
f 4106/3314/3398 3075/3313/3397 2290/2819/2875 4105/2822/2878
f 4172/4378/4502 3076/4377/4501 2695/4371/4495 4171/4374/4498
f 4238/3318/3402 3077/3317/3401 2326/2955/3019 4237/2958/3022
f 3079/3321/4638 4343/4496/4637 4344/4493/4631 2208/2520/4634
s 3
f 3080/4834/3406 3079/4704/3405 2208/4705/2552 2209/4835/2551
s 4
f 4303/4536/4720 4304/4533/4715 3080/3322/4718 2209/2519/4721
f 2337/3000/3068 3082/3323/3407 4277/3326/3410 4278/3001/3069
f 2716/4456/4584 3083/4451/4579 4211/4454/4582 4212/4457/4585
f 2301/2864/2924 3084/3327/3411 4145/3330/3414 4146/2865/2925
f 2682/4324/4448 3085/4319/4443 4079/4322/4446 4080/4325/4449
f 2319/2932/2996 3086/3331/3415 4013/3334/3418 4014/2933/2997
f 2648/4192/4312 3087/4187/4307 3947/4190/4310 3948/4193/4313
f 2229/2592/2636 3088/3335/3419 3881/3338/3422 3882/2593/2637
f 2614/4060/4176 3089/4055/4171 3815/4058/4174 3816/4061/4177
f 2283/2796/2852 3090/3339/3423 3749/3342/3426 3750/2797/2853
f 2580/3928/4040 3091/3923/4035 3683/3926/4038 3684/3929/4041
f 2247/2660/2708 3092/3343/3427 3617/3346/3430 3618/2661/2709
f 2546/3796/3904 3093/3791/3899 3551/3794/3902 3552/3797/3905
f 2265/2728/2780 3094/3347/3431 3485/3350/3434 3486/2729/2781
f 2512/3664/3768 3095/3659/3763 3419/3662/3766 3420/3665/3769
f 3096/3354/3438 3353/3353/3437 3354/2524/2556 2210/2523/2555
s 1
f 3063/3288/3442 3096/4832/3441 2210/4833/2560 2207/4707/2559
f 3098/4702/2562 3097/4830/2561 2448/4831/3512 2431/4703/3511
s 2
f 3312/2517/2549 3098/2516/2548 2431/3355/3443 3311/3358/3446
f 3378/3581/3681 3099/3580/3680 2490/3575/3675 3377/3578/3678
f 3444/2685/2733 3100/2684/2732 2432/3360/3448 3443/3359/3447
f 3510/3713/3817 3101/3712/3816 2524/3708/3812 3509/3707/3811
f 3576/2617/2661 3102/2616/2660 2433/3364/3452 3575/3363/3451
f 3642/3845/3953 3103/3844/3952 2558/3840/3948 3641/3839/3947
f 3708/2753/2805 3104/2752/2804 2434/3368/3456 3707/3367/3455
f 3774/3977/4089 3105/3976/4088 2592/3972/4084 3773/3971/4083
f 3840/2549/2589 3106/2548/2588 2435/3372/3460 3839/3371/3459
f 3906/4109/4225 3107/4108/4224 2626/4104/4220 3905/4103/4219
f 3972/2889/2949 3108/2888/2948 2436/3376/3464 3971/3375/3463
f 4038/4241/4361 3109/4240/4360 2660/4236/4356 4037/4235/4355
f 4104/2821/2877 3110/2820/2876 2437/3380/3468 4103/3379/3467
f 4170/4373/4497 3111/4372/4496 2694/4368/4492 4169/4367/4491
f 4236/2957/3021 3112/2956/3020 2438/3384/3472 4235/3383/3471
f 3114/2521/4633 4345/4494/4632 4346/4491/4628 2439/3388/4627
s 3
f 3115/4828/2554 3114/4700/2553 2439/4701/3476 2440/4829/3475
s 4
f 4301/4538/4724 4302/4535/4719 3115/2522/4722 2440/3387/4725
f 2441/3392/3480 3117/2999/3067 4279/3002/3070 4280/3393/3481
f 2717/4460/4588 3118/4455/4583 4213/4458/4586 4214/4461/4589
f 2442/3396/3484 3119/2863/2923 4147/2866/2926 4148/3397/3485
f 2683/4328/4452 3120/4323/4447 4081/4326/4450 4082/4329/4453
f 2443/3400/3488 3121/2931/2995 4015/2934/2998 4016/3401/3489
f 2649/4196/4316 3122/4191/4311 3949/4194/4314 3950/4197/4317
f 2444/3404/3492 3123/2591/2635 3883/2594/2638 3884/3405/3493
f 2615/4064/4180 3124/4059/4175 3817/4062/4178 3818/4065/4181
f 2445/3408/3496 3125/2795/2851 3751/2798/2854 3752/3409/3497
f 2581/3932/4044 3126/3927/4039 3685/3930/4042 3686/3933/4045
f 2446/3412/3500 3127/2659/2707 3619/2662/2710 3620/3413/3501
f 2547/3800/3908 3128/3795/3903 3553/3798/3906 3554/3801/3909
f 2447/3416/3504 3129/2727/2779 3487/2730/2782 3488/3417/3505
f 2513/3668/3772 3130/3663/3767 3421/3666/3770 3422/3669/3773
f 3097/2526/2558 3355/2525/2557 3356/3420/3508 2448/3419/3507
s 2
f 3131/4698/3444 2203/2503/2531 3309/2506/2534 3310/3357/3445
f 3376/3577/3677 3132/3576/3676 2489/3571/3671 3375/3574/3674
f 3442/3362/3450 3133/3361/3449 2253/2679/2727 3441/2682/2730
f 3508/3710/3814 3134/3709/3813 2523/3703/3807 3507/3706/3810
f 3574/3366/3454 3135/3365/3453 2235/2611/2655 3573/2614/2658
f 3640/3842/3950 3136/3841/3949 2557/3835/3943 3639/3838/3946
f 3706/3370/3458 3137/3369/3457 2271/2747/2799 3705/2750/2802
f 3772/3974/4086 3138/3973/4085 2591/3967/4079 3771/3970/4082
f 3838/3374/3462 3139/3373/3461 2217/2543/2583 3837/2546/2586
f 3904/4106/4222 3140/4105/4221 2625/4099/4215 3903/4102/4218
f 3970/3378/3466 3141/3377/3465 2307/2883/2943 3969/2886/2946
f 4036/4238/4358 3142/4237/4357 2659/4231/4351 4035/4234/4354
f 4102/3382/3470 3143/3381/3469 2289/2815/2871 4101/2818/2874
f 4168/4370/4494 3144/4369/4493 2693/4363/4487 4167/4366/4490
f 4234/3386/3474 3145/3385/3473 2325/2951/3015 4233/2954/3018
f 3147/3389/4630 4347/4492/4629 4348/4489/4623 2204/2508/4626
s 3
f 3148/4826/3478 3147/4696/3477 2204/4697/2536 2205/4827/2535
s 4
f 4299/4540/4728 4300/4537/4723 3148/3390/4726 2205/2507/4729
f 2338/3004/3072 3150/3391/3479 4281/3394/3482 4282/3005/3073
f 2718/4464/4592 3151/4459/4587 4215/4462/4590 4216/4465/4593
f 2302/2868/2928 3152/3395/3483 4149/3398/3486 4150/2869/2929
f 2684/4332/4456 3153/4327/4451 4083/4330/4454 4084/4333/4457
f 2320/2936/3000 3154/3399/3487 4017/3402/3490 4018/2937/3001
f 2650/4200/4320 3155/4195/4315 3951/4198/4318 3952/4201/4321
f 2230/2596/2640 3156/3403/3491 3885/3406/3494 3886/2597/2641
f 2616/4068/4184 3157/4063/4179 3819/4066/4182 3820/4069/4185
f 2284/2800/2856 3158/3407/3495 3753/3410/3498 3754/2801/2857
f 2582/3936/4048 3159/3931/4043 3687/3934/4046 3688/3937/4049
f 2248/2664/2712 3160/3411/3499 3621/3414/3502 3622/2665/2713
f 2548/3804/3912 3161/3799/3907 3555/3802/3910 3556/3805/3913
f 2266/2732/2784 3162/3415/3503 3489/3418/3506 3490/2733/2785
f 2514/3672/3776 3163/3667/3771 3423/3670/3774 3424/3673/3777
f 3164/3422/3510 3357/3421/3509 3358/2512/2540 2206/2511/2539
s 1
f 3131/3356/3514 3164/4824/3513 2206/4825/2544 2203/4699/2543
s 2
f 3165/4694/2532 2449/3423/3515 3307/3426/3518 3308/2505/2533
f 3374/3573/3673 3166/3572/3672 2488/3567/3667 3373/3570/3670
f 3440/2681/2729 3167/2680/2728 2450/3428/3520 3439/3427/3519
f 3506/3705/3809 3168/3704/3808 2522/3700/3804 3505/3699/3803
f 3572/2613/2657 3169/2612/2656 2451/3432/3524 3571/3431/3523
f 3638/3837/3945 3170/3836/3944 2556/3832/3940 3637/3831/3939
f 3704/2749/2801 3171/2748/2800 2452/3436/3528 3703/3435/3527
f 3770/3969/4081 3172/3968/4080 2590/3964/4076 3769/3963/4075
f 3836/2545/2585 3173/2544/2584 2453/3440/3532 3835/3439/3531
f 3902/4101/4217 3174/4100/4216 2624/4096/4212 3901/4095/4211
f 3968/2885/2945 3175/2884/2944 2454/3444/3536 3967/3443/3535
f 4034/4233/4353 3176/4232/4352 2658/4228/4348 4033/4227/4347
f 4100/2817/2873 3177/2816/2872 2455/3448/3540 4099/3447/3539
f 4166/4365/4489 3178/4364/4488 2692/4360/4484 4165/4359/4483
f 4232/2953/3017 3179/2952/3016 2456/3452/3544 4231/3451/3543
f 3181/2509/4625 4349/4490/4624 4350/4487/4620 2457/3456/4619
s 3
f 3182/4822/2538 3181/4692/2537 2457/4693/3548 2458/4823/3547
s 4
f 4297/4542/4732 4298/4539/4727 3182/2510/4730 2458/3455/4733
f 2459/3460/3552 3184/3003/3071 4283/3006/3074 4284/3461/3553
f 2719/4468/4596 3185/4463/4591 4217/4466/4594 4218/4469/4597
f 2460/3464/3556 3186/2867/2927 4151/2870/2930 4152/3465/3557
f 2685/4336/4460 3187/4331/4455 4085/4334/4458 4086/4337/4461
f 2461/3468/3560 3188/2935/2999 4019/2938/3002 4020/3469/3561
f 2651/4204/4324 3189/4199/4319 3953/4202/4322 3954/4205/4325
f 2462/3472/3564 3190/2595/2639 3887/2598/2642 3888/3473/3565
f 2617/4072/4188 3191/4067/4183 3821/4070/4186 3822/4073/4189
f 2463/3476/3568 3192/2799/2855 3755/2802/2858 3756/3477/3569
f 2583/3940/4052 3193/3935/4047 3689/3938/4050 3690/3941/4053
f 2464/3480/3572 3194/2663/2711 3623/2666/2714 3624/3481/3573
f 2549/3808/3916 3195/3803/3911 3557/3806/3914 3558/3809/3917
f 2465/3484/3576 3196/2731/2783 3491/2734/2786 3492/3485/3577
f 2515/3676/3780 3197/3671/3775 3425/3674/3778 3426/3677/3781
f 3198/2514/2542 3359/2513/2541 3360/3488/3580 2466/3487/3579
s 1
f 3165/2504/2546 3198/4820/2545 2466/4821/3584 2449/4695/3583
s 2
f 3199/4690/3516 2211/2527/2563 3305/2530/2566 3306/3425/3517
f 3372/3569/3669 3200/3568/3668 2487/3563/3663 3371/3566/3666
f 3438/3430/3522 3201/3429/3521 2252/2675/2723 3437/2678/2726
f 3504/3702/3806 3202/3701/3805 2521/3695/3799 3503/3698/3802
f 3570/3434/3526 3203/3433/3525 2234/2607/2651 3569/2610/2654
f 3636/3834/3942 3204/3833/3941 2555/3827/3935 3635/3830/3938
f 3702/3438/3530 3205/3437/3529 2270/2743/2795 3701/2746/2798
f 3768/3966/4078 3206/3965/4077 2589/3959/4071 3767/3962/4074
f 3834/3442/3534 3207/3441/3533 2216/2539/2579 3833/2542/2582
f 3900/4098/4214 3208/4097/4213 2623/4091/4207 3899/4094/4210
f 3966/3446/3538 3209/3445/3537 2306/2879/2939 3965/2882/2942
f 4032/4230/4350 3210/4229/4349 2657/4223/4343 4031/4226/4346
f 4098/3450/3542 3211/3449/3541 2288/2811/2867 4097/2814/2870
f 4164/4362/4486 3212/4361/4485 2691/4355/4479 4163/4358/4482
f 4230/3454/3546 3213/3453/3545 2324/2947/3011 4229/2950/3014
f 3215/3457/4622 4351/4488/4621 4352/4485/4615 2212/2532/4618
s 3
f 3216/4818/3550 3215/4688/3549 2212/4689/2568 2213/4819/2567
s 4
f 4295/4544/4736 4296/4541/4731 3216/3458/4734 2213/2531/4737
f 2339/3008/3076 3218/3459/3551 4285/3462/3554 4286/3009/3077
f 2720/4472/4600 3219/4467/4595 4219/4470/4598 4220/4473/4601
f 2303/2872/2932 3220/3463/3555 4153/3466/3558 4154/2873/2933
f 2686/4340/4464 3221/4335/4459 4087/4338/4462 4088/4341/4465
f 2321/2940/3004 3222/3467/3559 4021/3470/3562 4022/2941/3005
f 2652/4208/4328 3223/4203/4323 3955/4206/4326 3956/4209/4329
f 2231/2600/2644 3224/3471/3563 3889/3474/3566 3890/2601/2645
f 2618/4076/4192 3225/4071/4187 3823/4074/4190 3824/4077/4193
f 2285/2804/2860 3226/3475/3567 3757/3478/3570 3758/2805/2861
f 2584/3944/4056 3227/3939/4051 3691/3942/4054 3692/3945/4057
f 2249/2668/2716 3228/3479/3571 3625/3482/3574 3626/2669/2717
f 2550/3812/3920 3229/3807/3915 3559/3810/3918 3560/3813/3921
f 2267/2736/2788 3230/3483/3575 3493/3486/3578 3494/2737/2789
f 2516/3680/3784 3231/3675/3779 3427/3678/3782 3428/3681/3785
f 3232/3490/3582 3361/3489/3581 3362/2536/2572 2214/2535/2571
s 1
f 3199/3424/3586 3232/4816/3585 2214/4817/2576 2211/4691/2575
s 2
f 3233/4686/2564 2467/3491/3587 3303/3494/3590 3304/2529/2565
f 3370/3565/3665 3234/3564/3664 2486/3559/3659 3369/3562/3662
f 3436/2677/2725 3235/2676/2724 2468/3496/3592 3435/3495/3591
f 3502/3697/3801 3236/3696/3800 2520/3692/3796 3501/3691/3795
f 3568/2609/2653 3237/2608/2652 2469/3500/3596 3567/3499/3595
f 3634/3829/3937 3238/3828/3936 2554/3824/3932 3633/3823/3931
f 3700/2745/2797 3239/2744/2796 2470/3504/3600 3699/3503/3599
f 3766/3961/4073 3240/3960/4072 2588/3956/4068 3765/3955/4067
f 3832/2541/2581 3241/2540/2580 2471/3508/3604 3831/3507/3603
f 3898/4093/4209 3242/4092/4208 2622/4088/4204 3897/4087/4203
f 3964/2881/2941 3243/2880/2940 2472/3512/3608 3963/3511/3607
f 4030/4225/4345 3244/4224/4344 2656/4220/4340 4029/4219/4339
f 4096/2813/2869 3245/2812/2868 2473/3516/3612 4095/3515/3611
f 4162/4357/4481 3246/4356/4480 2690/4352/4476 4161/4351/4475
f 4228/2949/3013 3247/2948/3012 2474/3520/3616 4227/3519/3615
f 3249/2533/4617 4353/4486/4616 4354/4483/4612 2475/3524/4611
s 3
f 3250/4814/2570 3249/4684/2569 2475/4685/3620 2476/4815/3619
s 4
f 4293/4546/4740 4294/4543/4735 3250/2534/4738 2476/3523/4741
f 2477/3528/3624 3252/3007/3075 4287/3010/3078 4288/3529/3625
f 2721/4476/4604 3253/4471/4599 4221/4474/4602 4222/4477/4605
f 2478/3532/3628 3254/2871/2931 4155/2874/2934 4156/3533/3629
f 2687/4344/4468 3255/4339/4463 4089/4342/4466 4090/4345/4469
f 2479/3536/3632 3256/2939/3003 4023/2942/3006 4024/3537/3633
f 2653/4212/4332 3257/4207/4327 3957/4210/4330 3958/4213/4333
f 2480/3540/3636 3258/2599/2643 3891/2602/2646 3892/3541/3637
f 2619/4080/4196 3259/4075/4191 3825/4078/4194 3826/4081/4197
f 2481/3544/3640 3260/2803/2859 3759/2806/2862 3760/3545/3641
f 2585/3948/4060 3261/3943/4055 3693/3946/4058 3694/3949/4061
f 2482/3548/3644 3262/2667/2715 3627/2670/2718 3628/3549/3645
f 2551/3816/3924 3263/3811/3919 3561/3814/3922 3562/3817/3925
f 2483/3552/3648 3264/2735/2787 3495/2738/2790 3496/3553/3649
f 2517/3684/3788 3265/3679/3783 3429/3682/3786 3430/3685/3789
f 3266/2538/2574 3363/2537/2573 3364/3556/3652 2484/3555/3651
s 1
f 3233/2528/2578 3266/4812/2577 2484/4813/3656 2467/4687/3655
s 2
f 3267/4682/3588 2182/2454/4747 3301/4679/4748 3302/3493/3589
f 3368/3561/3661 3268/3560/3660 2485/3687/4749 3367/4675/4750
f 3434/3498/3594 3269/3497/3593 2251/2739/4751 3433/4671/4752
f 3500/3694/3798 3270/3693/3797 2519/3819/4753 3499/4667/4754
f 3566/3502/3598 3271/3501/3597 2233/2671/4755 3565/4663/4756
f 3632/3826/3934 3272/3825/3933 2553/3951/4757 3631/4659/4758
f 3698/3506/3602 3273/3505/3601 2269/2807/4759 3697/4655/4760
f 3764/3958/4070 3274/3957/4069 2587/4083/4761 3763/4651/4762
f 3830/3510/3606 3275/3509/3605 2215/2603/4763 3829/4647/4764
f 3896/4090/4206 3276/4089/4205 2621/4215/4765 3895/4643/4766
f 3962/3514/3610 3277/3513/3609 2305/2943/4767 3961/4639/4768
f 4028/4222/4342 3278/4221/4341 2655/4347/4769 4027/4635/4770
f 4094/3518/3614 3279/3517/3613 2287/2875/4771 4093/4631/4772
f 4160/4354/4478 3280/4353/4477 2689/4479/4773 4159/4627/4774
f 4226/3522/3618 3281/3521/3617 2323/3011/4775 4225/4623/4776
f 3283/3525/4614 4355/4484/4613 4356/4617/4777 2184/4550/4778
s 3
f 3284/4810/3622 3283/4681/3621 2184/4618/4779 2186/4811/4780
s 4
f 4291/4747/4781 4292/4545/4739 3284/3526/4742 2186/4549/4782
f 2340/3012/4783 3286/3527/3623 4289/3530/3626 4290/4749/4784
f 2722/4480/4785 3287/4475/4603 4223/4478/4606 4224/4753/4786
f 2304/2876/4787 3288/3531/3627 4157/3534/3630 4158/4757/4788
f 2688/4348/4789 3289/4343/4467 4091/4346/4470 4092/4761/4790
f 2322/2944/4791 3290/3535/3631 4025/3538/3634 4026/4765/4792
f 2654/4216/4793 3291/4211/4331 3959/4214/4334 3960/4769/4794
f 2232/2604/4795 3292/3539/3635 3893/3542/3638 3894/4773/4796
f 2620/4084/4797 3293/4079/4195 3827/4082/4198 3828/4777/4798
f 2286/2808/4799 3294/3543/3639 3761/3546/3642 3762/4781/4800
f 2586/3952/4801 3295/3947/4059 3695/3950/4062 3696/4785/4802
f 2250/2672/4803 3296/3547/3643 3629/3550/3646 3630/4789/4804
f 2552/3820/4805 3297/3815/3923 3563/3818/3926 3564/4793/4806
f 2268/2740/4807 3298/3551/3647 3497/3554/3650 3498/4797/4808
f 2518/3688/4809 3299/3683/3787 3431/3686/3790 3432/4801/4810
f 3300/3558/3654 3365/3557/3653 3366/4805/4811 2180/2451/4812
s 1
f 3267/3492/3658 3300/4809/3657 2180/4806/4813 2182/4876/4814
s 2
f 3302/3493/3589 3301/4679/4748 2485/3687/4749 3268/3560/3660
f 3303/3494/3590 3302/3493/3589 3268/3560/3660 2486/3559/3659
f 3304/2529/2565 3303/3494/3590 2486/3559/3659 3234/3564/3664
f 3305/2530/2566 3304/2529/2565 3234/3564/3664 2487/3563/3663
f 3306/3425/3517 3305/2530/2566 2487/3563/3663 3200/3568/3668
f 3307/3426/3518 3306/3425/3517 3200/3568/3668 2488/3567/3667
f 3308/2505/2533 3307/3426/3518 2488/3567/3667 3166/3572/3672
f 3309/2506/2534 3308/2505/2533 3166/3572/3672 2489/3571/3671
f 3310/3357/3445 3309/2506/2534 2489/3571/3671 3132/3576/3676
f 3311/3358/3446 3310/3357/3445 3132/3576/3676 2490/3575/3675
f 3099/3580/3680 3312/2517/2549 3311/3358/3446 2490/3575/3675
f 3313/2518/2550 3312/2517/2549 3099/3580/3680 2491/3579/3679
f 3314/3289/3373 3313/2518/2550 2491/3579/3679 3064/3584/3684
f 3315/3290/3374 3314/3289/3373 3064/3584/3684 2492/3583/3683
f 3316/2457/2469 3315/3290/3374 2492/3583/3683 3030/3588/3688
f 3317/2458/2470 3316/2457/2469 3030/3588/3688 2493/3587/3687
f 3318/3221/3301 3317/2458/2470 2493/3587/3687 2996/3592/3692
f 3319/3222/3302 3318/3221/3301 2996/3592/3692 2494/3591/3691
f 3320/2481/2501 3319/3222/3302 2494/3591/3691 2962/3596/3696
f 3321/2482/2502 3320/2481/2501 2962/3596/3696 2495/3595/3695
f 3322/3153/3229 3321/2482/2502 2495/3595/3695 2928/3600/3700
f 3323/3154/3230 3322/3153/3229 2928/3600/3700 2496/3599/3699
f 3324/2469/2485 3323/3154/3230 2496/3599/3699 2894/3604/3704
f 3325/2470/2486 3324/2469/2485 2894/3604/3704 2497/3603/3703
f 3326/3085/3157 3325/2470/2486 2497/3603/3703 2860/3608/3708
f 3327/3086/3158 3326/3085/3157 2860/3608/3708 2498/3607/3707
f 3328/2493/2517 3327/3086/3158 2498/3607/3707 2826/3612/3712
f 3329/2494/2518 3328/2493/2517 2826/3612/3712 2499/3611/3711
f 3330/3017/3085 3329/2494/2518 2499/3611/3711 2792/3616/3716
f 3331/3018/3086 3330/3017/3085 2792/3616/3716 2500/3615/3715
f 3332/2443/2449 3331/3018/3086 2500/3615/3715 2758/3620/3720
f 3333/4677/2450 3332/2443/2449 2758/3620/3720 2501/4678/3719
s 6
f 2502/3624/3724 3334/4807/2463 3333/2444/2466 2501/3619/3725
s 4
f 2502/4804/3730 2789/3626/3729 3335/2450/2456 3334/2449/2455
f 3336/3080/3148 3335/2450/2456 2789/3626/3729 2503/3628/3732
f 3337/3081/3149 3336/3080/3148 2503/3628/3732 2823/3627/3731
f 3338/2500/2524 3337/3081/3149 2823/3627/3731 2504/3632/3736
f 3339/2501/2525 3338/2500/2524 2504/3632/3736 2857/3631/3735
f 3340/3148/3220 3339/2501/2525 2857/3631/3735 2505/3636/3740
f 3341/3149/3221 3340/3148/3220 2505/3636/3740 2891/3635/3739
f 3342/2476/2492 3341/3149/3221 2891/3635/3739 2506/3640/3744
f 3343/2477/2493 3342/2476/2492 2506/3640/3744 2925/3639/3743
f 3344/3216/3292 3343/2477/2493 2925/3639/3743 2507/3644/3748
f 3345/3217/3293 3344/3216/3292 2507/3644/3748 2959/3643/3747
f 3346/2488/2508 3345/3217/3293 2959/3643/3747 2508/3648/3752
f 3347/2489/2509 3346/2488/2508 2508/3648/3752 2993/3647/3751
f 3348/3284/3364 3347/2489/2509 2993/3647/3751 2509/3652/3756
f 3349/3285/3365 3348/3284/3364 2509/3652/3756 3027/3651/3755
f 3350/2464/2476 3349/3285/3365 3027/3651/3755 2510/3656/3760
f 3351/2465/2477 3350/2464/2476 2510/3656/3760 3061/3655/3759
f 3352/3352/3436 3351/2465/2477 3061/3655/3759 2511/3660/3764
f 3353/3353/3437 3352/3352/3436 2511/3660/3764 3095/3659/3763
f 3354/2524/2556 3353/3353/3437 3095/3659/3763 2512/3664/3768
f 3355/2525/2557 3354/2524/2556 2512/3664/3768 3130/3663/3767
f 3356/3420/3508 3355/2525/2557 3130/3663/3767 2513/3668/3772
f 3357/3421/3509 3356/3420/3508 2513/3668/3772 3163/3667/3771
f 3358/2512/2540 3357/3421/3509 3163/3667/3771 2514/3672/3776
f 3359/2513/2541 3358/2512/2540 2514/3672/3776 3197/3671/3775
f 3360/3488/3580 3359/2513/2541 3197/3671/3775 2515/3676/3780
f 3361/3489/3581 3360/3488/3580 2515/3676/3780 3231/3675/3779
f 3362/2536/2572 3361/3489/3581 3231/3675/3779 2516/3680/3784
f 3363/2537/2573 3362/2536/2572 2516/3680/3784 3265/3679/3783
f 3364/3556/3652 3363/2537/2573 3265/3679/3783 2517/3684/3788
f 3365/3557/3653 3364/3556/3652 2517/3684/3788 3299/3683/3787
f 3366/4805/4811 3365/3557/3653 3299/3683/3787 2518/3688/4809
s 5
f 3301/2453/2461 3366/2452/2460 2518/4802/3792 2485/4680/3791
s 2
f 3269/3497/3593 3368/3561/3661 3367/4675/4750 2251/2739/4751
f 3369/3562/3662 3368/3561/3661 3269/3497/3593 2468/3496/3592
f 3235/2676/2724 3370/3565/3665 3369/3562/3662 2468/3496/3592
f 3371/3566/3666 3370/3565/3665 3235/2676/2724 2252/2675/2723
f 3201/3429/3521 3372/3569/3669 3371/3566/3666 2252/2675/2723
f 3373/3570/3670 3372/3569/3669 3201/3429/3521 2450/3428/3520
f 3167/2680/2728 3374/3573/3673 3373/3570/3670 2450/3428/3520
f 3375/3574/3674 3374/3573/3673 3167/2680/2728 2253/2679/2727
f 3133/3361/3449 3376/3577/3677 3375/3574/3674 2253/2679/2727
f 3377/3578/3678 3376/3577/3677 3133/3361/3449 2432/3360/3448
f 3100/2684/2732 3378/3581/3681 3377/3578/3678 2432/3360/3448
f 3379/3582/3682 3378/3581/3681 3100/2684/2732 2254/2683/2731
f 3065/3293/3377 3380/3585/3685 3379/3582/3682 2254/2683/2731
f 3381/3586/3686 3380/3585/3685 3065/3293/3377 2414/3292/3376
f 3031/2688/2736 3382/3589/3689 3381/3586/3686 2414/3292/3376
f 3383/3590/3690 3382/3589/3689 3031/2688/2736 2255/2687/2735
f 2997/3225/3305 3384/3593/3693 3383/3590/3690 2255/2687/2735
f 3385/3594/3694 3384/3593/3693 2997/3225/3305 2396/3224/3304
f 2963/2692/2740 3386/3597/3697 3385/3594/3694 2396/3224/3304
f 3387/3598/3698 3386/3597/3697 2963/2692/2740 2256/2691/2739
f 2929/3157/3233 3388/3601/3701 3387/3598/3698 2256/2691/2739
f 3389/3602/3702 3388/3601/3701 2929/3157/3233 2378/3156/3232
f 2895/2696/2744 3390/3605/3705 3389/3602/3702 2378/3156/3232
f 3391/3606/3706 3390/3605/3705 2895/2696/2744 2257/2695/2743
f 2861/3089/3161 3392/3609/3709 3391/3606/3706 2257/2695/2743
f 3393/3610/3710 3392/3609/3709 2861/3089/3161 2360/3088/3160
f 2827/2700/2748 3394/3613/3713 3393/3610/3710 2360/3088/3160
f 3395/3614/3714 3394/3613/3713 2827/2700/2748 2258/2699/2747
f 2793/3021/3089 3396/3617/3717 3395/3614/3714 2258/2699/2747
f 3397/3618/3718 3396/3617/3717 2793/3021/3089 2342/3020/3088
f 2759/2704/2752 3398/3621/3721 3397/3618/3718 2342/3020/3088
f 3399/4673/3722 3398/3621/3721 2759/2704/2752 2259/4674/2751
s 6
f 2260/2708/2756 3400/4803/3723 3399/3622/3726 2259/2703/2757
s 4
f 2260/4800/2762 2788/2710/2761 3401/3625/3728 3400/3623/3727
f 3402/3629/3733 3401/3625/3728 2788/2710/2761 2357/3075/3143
f 3403/3630/3734 3402/3629/3733 2357/3075/3143 2822/3078/3146
f 3404/3633/3737 3403/3630/3734 2822/3078/3146 2261/2712/2764
f 3405/3634/3738 3404/3633/3737 2261/2712/2764 2856/2711/2763
f 3406/3637/3741 3405/3634/3738 2856/2711/2763 2375/3144/3216
f 3407/3638/3742 3406/3637/3741 2375/3144/3216 2890/3143/3215
f 3408/3641/3745 3407/3638/3742 2890/3143/3215 2262/2716/2768
f 3409/3642/3746 3408/3641/3745 2262/2716/2768 2924/2715/2767
f 3410/3645/3749 3409/3642/3746 2924/2715/2767 2393/3212/3288
f 3411/3646/3750 3410/3645/3749 2393/3212/3288 2958/3211/3287
f 3412/3649/3753 3411/3646/3750 2958/3211/3287 2263/2720/2772
f 3413/3650/3754 3412/3649/3753 2263/2720/2772 2992/2719/2771
f 3414/3653/3757 3413/3650/3754 2992/2719/2771 2411/3280/3360
f 3415/3654/3758 3414/3653/3757 2411/3280/3360 3026/3279/3359
f 3416/3657/3761 3415/3654/3758 3026/3279/3359 2264/2724/2776
f 3417/3658/3762 3416/3657/3761 2264/2724/2776 3060/2723/2775
f 3418/3661/3765 3417/3658/3762 3060/2723/2775 2429/3348/3432
f 3419/3662/3766 3418/3661/3765 2429/3348/3432 3094/3347/3431
f 3420/3665/3769 3419/3662/3766 3094/3347/3431 2265/2728/2780
f 3421/3666/3770 3420/3665/3769 2265/2728/2780 3129/2727/2779
f 3422/3669/3773 3421/3666/3770 3129/2727/2779 2447/3416/3504
f 3423/3670/3774 3422/3669/3773 2447/3416/3504 3162/3415/3503
f 3424/3673/3777 3423/3670/3774 3162/3415/3503 2266/2732/2784
f 3425/3674/3778 3424/3673/3777 2266/2732/2784 3196/2731/2783
f 3426/3677/3781 3425/3674/3778 3196/2731/2783 2465/3484/3576
f 3427/3678/3782 3426/3677/3781 2465/3484/3576 3230/3483/3575
f 3428/3681/3785 3427/3678/3782 3230/3483/3575 2267/2736/2788
f 3429/3682/3786 3428/3681/3785 2267/2736/2788 3264/2735/2787
f 3430/3685/3789 3429/3682/3786 3264/2735/2787 2483/3552/3648
f 3431/3686/3790 3430/3685/3789 2483/3552/3648 3298/3551/3647
f 3432/4801/4810 3431/3686/3790 3298/3551/3647 2268/2740/4807
s 5
f 3367/3690/3794 3432/3689/3793 2268/4798/2792 2251/4676/2791
s 2
f 3270/3693/3797 3434/3498/3594 3433/4671/4752 2519/3819/4753
f 2520/3692/3796 3435/3495/3591 3434/3498/3594 3270/3693/3797
f 3236/3696/3800 3436/2677/2725 3435/3495/3591 2520/3692/3796
f 3437/2678/2726 3436/2677/2725 3236/3696/3800 2521/3695/3799
f 3202/3701/3805 3438/3430/3522 3437/2678/2726 2521/3695/3799
f 2522/3700/3804 3439/3427/3519 3438/3430/3522 3202/3701/3805
f 3168/3704/3808 3440/2681/2729 3439/3427/3519 2522/3700/3804
f 3441/2682/2730 3440/2681/2729 3168/3704/3808 2523/3703/3807
f 3134/3709/3813 3442/3362/3450 3441/2682/2730 2523/3703/3807
f 2524/3708/3812 3443/3359/3447 3442/3362/3450 3134/3709/3813
f 3101/3712/3816 3444/2685/2733 3443/3359/3447 2524/3708/3812
f 3445/2686/2734 3444/2685/2733 3101/3712/3816 2525/3711/3815
f 3066/3717/3821 3446/3294/3378 3445/2686/2734 2525/3711/3815
f 2526/3716/3820 3447/3291/3375 3446/3294/3378 3066/3717/3821
f 3032/3720/3824 3448/2689/2737 3447/3291/3375 2526/3716/3820
f 3449/2690/2738 3448/2689/2737 3032/3720/3824 2527/3719/3823
f 2998/3725/3829 3450/3226/3306 3449/2690/2738 2527/3719/3823
f 2528/3724/3828 3451/3223/3303 3450/3226/3306 2998/3725/3829
f 2964/3728/3832 3452/2693/2741 3451/3223/3303 2528/3724/3828
f 3453/2694/2742 3452/2693/2741 2964/3728/3832 2529/3727/3831
f 2930/3733/3837 3454/3158/3234 3453/2694/2742 2529/3727/3831
f 2530/3732/3836 3455/3155/3231 3454/3158/3234 2930/3733/3837
f 2896/3736/3840 3456/2697/2745 3455/3155/3231 2530/3732/3836
f 3457/2698/2746 3456/2697/2745 2896/3736/3840 2531/3735/3839
f 2862/3741/3845 3458/3090/3162 3457/2698/2746 2531/3735/3839
f 2532/3740/3844 3459/3087/3159 3458/3090/3162 2862/3741/3845
f 2828/3744/3848 3460/2701/2749 3459/3087/3159 2532/3740/3844
f 3461/2702/2750 3460/2701/2749 2828/3744/3848 2533/3743/3847
f 2794/3749/3853 3462/3022/3090 3461/2702/2750 2533/3743/3847
f 2534/3748/3852 3463/3019/3087 3462/3022/3090 2794/3749/3853
f 2760/3752/3856 3464/2705/2753 3463/3019/3087 2534/3748/3852
f 3465/4669/2754 3464/2705/2753 2760/3752/3856 2535/4670/3855
s 6
f 2536/3756/3860 3466/4799/2755 3465/2706/2758 2535/3751/3861
s 4
f 2536/4796/3866 2787/3758/3865 3467/2709/2760 3466/2707/2759
f 3468/3076/3144 3467/2709/2760 2787/3758/3865 2537/3760/3868
f 3469/3077/3145 3468/3076/3144 2537/3760/3868 2821/3759/3867
f 3470/2713/2765 3469/3077/3145 2821/3759/3867 2538/3764/3872
f 3471/2714/2766 3470/2713/2765 2538/3764/3872 2855/3763/3871
f 3472/3145/3217 3471/2714/2766 2855/3763/3871 2539/3768/3876
f 3473/3146/3218 3472/3145/3217 2539/3768/3876 2889/3767/3875
f 3474/2717/2769 3473/3146/3218 2889/3767/3875 2540/3772/3880
f 3475/2718/2770 3474/2717/2769 2540/3772/3880 2923/3771/3879
f 3476/3213/3289 3475/2718/2770 2923/3771/3879 2541/3776/3884
f 3477/3214/3290 3476/3213/3289 2541/3776/3884 2957/3775/3883
f 3478/2721/2773 3477/3214/3290 2957/3775/3883 2542/3780/3888
f 3479/2722/2774 3478/2721/2773 2542/3780/3888 2991/3779/3887
f 3480/3281/3361 3479/2722/2774 2991/3779/3887 2543/3784/3892
f 3481/3282/3362 3480/3281/3361 2543/3784/3892 3025/3783/3891
f 3482/2725/2777 3481/3282/3362 3025/3783/3891 2544/3788/3896
f 3483/2726/2778 3482/2725/2777 2544/3788/3896 3059/3787/3895
f 3484/3349/3433 3483/2726/2778 3059/3787/3895 2545/3792/3900
f 3485/3350/3434 3484/3349/3433 2545/3792/3900 3093/3791/3899
f 3486/2729/2781 3485/3350/3434 3093/3791/3899 2546/3796/3904
f 3487/2730/2782 3486/2729/2781 2546/3796/3904 3128/3795/3903
f 3488/3417/3505 3487/2730/2782 3128/3795/3903 2547/3800/3908
f 3489/3418/3506 3488/3417/3505 2547/3800/3908 3161/3799/3907
f 3490/2733/2785 3489/3418/3506 3161/3799/3907 2548/3804/3912
f 3491/2734/2786 3490/2733/2785 2548/3804/3912 3195/3803/3911
f 3492/3485/3577 3491/2734/2786 3195/3803/3911 2549/3808/3916
f 3493/3486/3578 3492/3485/3577 2549/3808/3916 3229/3807/3915
f 3494/2737/2789 3493/3486/3578 3229/3807/3915 2550/3812/3920
f 3495/2738/2790 3494/2737/2789 2550/3812/3920 3263/3811/3919
f 3496/3553/3649 3495/2738/2790 3263/3811/3919 2551/3816/3924
f 3497/3554/3650 3496/3553/3649 2551/3816/3924 3297/3815/3923
f 3498/4797/4808 3497/3554/3650 3297/3815/3923 2552/3820/4805
s 5
f 3433/2742/2794 3498/2741/2793 2552/4794/3928 2519/4672/3927
s 2
f 3271/3501/3597 3500/3694/3798 3499/4667/4754 2233/2671/4755
f 2469/3500/3596 3501/3691/3795 3500/3694/3798 3271/3501/3597
f 3237/2608/2652 3502/3697/3801 3501/3691/3795 2469/3500/3596
f 3503/3698/3802 3502/3697/3801 3237/2608/2652 2234/2607/2651
f 3203/3433/3525 3504/3702/3806 3503/3698/3802 2234/2607/2651
f 2451/3432/3524 3505/3699/3803 3504/3702/3806 3203/3433/3525
f 3169/2612/2656 3506/3705/3809 3505/3699/3803 2451/3432/3524
f 3507/3706/3810 3506/3705/3809 3169/2612/2656 2235/2611/2655
f 3135/3365/3453 3508/3710/3814 3507/3706/3810 2235/2611/2655
f 2433/3364/3452 3509/3707/3811 3508/3710/3814 3135/3365/3453
f 3102/2616/2660 3510/3713/3817 3509/3707/3811 2433/3364/3452
f 3511/3714/3818 3510/3713/3817 3102/2616/2660 2236/2615/2659
f 3067/3297/3381 3512/3718/3822 3511/3714/3818 2236/2615/2659
f 2415/3296/3380 3513/3715/3819 3512/3718/3822 3067/3297/3381
f 3033/2620/2664 3514/3721/3825 3513/3715/3819 2415/3296/3380
f 3515/3722/3826 3514/3721/3825 3033/2620/2664 2237/2619/2663
f 2999/3229/3309 3516/3726/3830 3515/3722/3826 2237/2619/2663
f 2397/3228/3308 3517/3723/3827 3516/3726/3830 2999/3229/3309
f 2965/2624/2668 3518/3729/3833 3517/3723/3827 2397/3228/3308
f 3519/3730/3834 3518/3729/3833 2965/2624/2668 2238/2623/2667
f 2931/3161/3237 3520/3734/3838 3519/3730/3834 2238/2623/2667
f 2379/3160/3236 3521/3731/3835 3520/3734/3838 2931/3161/3237
f 2897/2628/2672 3522/3737/3841 3521/3731/3835 2379/3160/3236
f 3523/3738/3842 3522/3737/3841 2897/2628/2672 2239/2627/2671
f 2863/3093/3165 3524/3742/3846 3523/3738/3842 2239/2627/2671
f 2361/3092/3164 3525/3739/3843 3524/3742/3846 2863/3093/3165
f 2829/2632/2676 3526/3745/3849 3525/3739/3843 2361/3092/3164
f 3527/3746/3850 3526/3745/3849 2829/2632/2676 2240/2631/2675
f 2795/3025/3093 3528/3750/3854 3527/3746/3850 2240/2631/2675
f 2343/3024/3092 3529/3747/3851 3528/3750/3854 2795/3025/3093
f 2761/2636/2680 3530/3753/3857 3529/3747/3851 2343/3024/3092
f 3531/4665/3858 3530/3753/3857 2761/2636/2680 2241/4666/2679
s 6
f 2242/2640/2684 3532/4795/3859 3531/3754/3862 2241/2635/2685
s 4
f 2242/4792/2690 2786/2642/2689 3533/3757/3864 3532/3755/3863
f 3534/3761/3869 3533/3757/3864 2786/2642/2689 2356/3071/3139
f 3535/3762/3870 3534/3761/3869 2356/3071/3139 2820/3074/3142
f 3536/3765/3873 3535/3762/3870 2820/3074/3142 2243/2644/2692
f 3537/3766/3874 3536/3765/3873 2243/2644/2692 2854/2643/2691
f 3538/3769/3877 3537/3766/3874 2854/2643/2691 2374/3140/3212
f 3539/3770/3878 3538/3769/3877 2374/3140/3212 2888/3139/3211
f 3540/3773/3881 3539/3770/3878 2888/3139/3211 2244/2648/2696
f 3541/3774/3882 3540/3773/3881 2244/2648/2696 2922/2647/2695
f 3542/3777/3885 3541/3774/3882 2922/2647/2695 2392/3208/3284
f 3543/3778/3886 3542/3777/3885 2392/3208/3284 2956/3207/3283
f 3544/3781/3889 3543/3778/3886 2956/3207/3283 2245/2652/2700
f 3545/3782/3890 3544/3781/3889 2245/2652/2700 2990/2651/2699
f 3546/3785/3893 3545/3782/3890 2990/2651/2699 2410/3276/3356
f 3547/3786/3894 3546/3785/3893 2410/3276/3356 3024/3275/3355
f 3548/3789/3897 3547/3786/3894 3024/3275/3355 2246/2656/2704
f 3549/3790/3898 3548/3789/3897 2246/2656/2704 3058/2655/2703
f 3550/3793/3901 3549/3790/3898 3058/2655/2703 2428/3344/3428
f 3551/3794/3902 3550/3793/3901 2428/3344/3428 3092/3343/3427
f 3552/3797/3905 3551/3794/3902 3092/3343/3427 2247/2660/2708
f 3553/3798/3906 3552/3797/3905 2247/2660/2708 3127/2659/2707
f 3554/3801/3909 3553/3798/3906 3127/2659/2707 2446/3412/3500
f 3555/3802/3910 3554/3801/3909 2446/3412/3500 3160/3411/3499
f 3556/3805/3913 3555/3802/3910 3160/3411/3499 2248/2664/2712
f 3557/3806/3914 3556/3805/3913 2248/2664/2712 3194/2663/2711
f 3558/3809/3917 3557/3806/3914 3194/2663/2711 2464/3480/3572
f 3559/3810/3918 3558/3809/3917 2464/3480/3572 3228/3479/3571
f 3560/3813/3921 3559/3810/3918 3228/3479/3571 2249/2668/2716
f 3561/3814/3922 3560/3813/3921 2249/2668/2716 3262/2667/2715
f 3562/3817/3925 3561/3814/3922 3262/2667/2715 2482/3548/3644
f 3563/3818/3926 3562/3817/3925 2482/3548/3644 3296/3547/3643
f 3564/4793/4806 3563/3818/3926 3296/3547/3643 2250/2672/4803
s 5
f 3499/3822/3930 3564/3821/3929 2250/4790/2720 2233/4668/2719
s 2
f 3272/3825/3933 3566/3502/3598 3565/4663/4756 2553/3951/4757
f 2554/3824/3932 3567/3499/3595 3566/3502/3598 3272/3825/3933
f 3238/3828/3936 3568/2609/2653 3567/3499/3595 2554/3824/3932
f 3569/2610/2654 3568/2609/2653 3238/3828/3936 2555/3827/3935
f 3204/3833/3941 3570/3434/3526 3569/2610/2654 2555/3827/3935
f 2556/3832/3940 3571/3431/3523 3570/3434/3526 3204/3833/3941
f 3170/3836/3944 3572/2613/2657 3571/3431/3523 2556/3832/3940
f 3573/2614/2658 3572/2613/2657 3170/3836/3944 2557/3835/3943
f 3136/3841/3949 3574/3366/3454 3573/2614/2658 2557/3835/3943
f 2558/3840/3948 3575/3363/3451 3574/3366/3454 3136/3841/3949
f 3103/3844/3952 3576/2617/2661 3575/3363/3451 2558/3840/3948
f 3577/2618/2662 3576/2617/2661 3103/3844/3952 2559/3843/3951
f 3068/3849/3957 3578/3298/3382 3577/2618/2662 2559/3843/3951
f 2560/3848/3956 3579/3295/3379 3578/3298/3382 3068/3849/3957
f 3034/3852/3960 3580/2621/2665 3579/3295/3379 2560/3848/3956
f 3581/2622/2666 3580/2621/2665 3034/3852/3960 2561/3851/3959
f 3000/3857/3965 3582/3230/3310 3581/2622/2666 2561/3851/3959
f 2562/3856/3964 3583/3227/3307 3582/3230/3310 3000/3857/3965
f 2966/3860/3968 3584/2625/2669 3583/3227/3307 2562/3856/3964
f 3585/2626/2670 3584/2625/2669 2966/3860/3968 2563/3859/3967
f 2932/3865/3973 3586/3162/3238 3585/2626/2670 2563/3859/3967
f 2564/3864/3972 3587/3159/3235 3586/3162/3238 2932/3865/3973
f 2898/3868/3976 3588/2629/2673 3587/3159/3235 2564/3864/3972
f 3589/2630/2674 3588/2629/2673 2898/3868/3976 2565/3867/3975
f 2864/3873/3981 3590/3094/3166 3589/2630/2674 2565/3867/3975
f 2566/3872/3980 3591/3091/3163 3590/3094/3166 2864/3873/3981
f 2830/3876/3984 3592/2633/2677 3591/3091/3163 2566/3872/3980
f 3593/2634/2678 3592/2633/2677 2830/3876/3984 2567/3875/3983
f 2796/3881/3989 3594/3026/3094 3593/2634/2678 2567/3875/3983
f 2568/3880/3988 3595/3023/3091 3594/3026/3094 2796/3881/3989
f 2762/3884/3992 3596/2637/2681 3595/3023/3091 2568/3880/3988
f 3597/4661/2682 3596/2637/2681 2762/3884/3992 2569/4662/3991
s 6
f 2570/3888/3996 3598/4791/2683 3597/2638/2686 2569/3883/3997
s 4
f 2570/4788/4002 2785/3890/4001 3599/2641/2688 3598/2639/2687
f 3600/3072/3140 3599/2641/2688 2785/3890/4001 2571/3892/4004
f 3601/3073/3141 3600/3072/3140 2571/3892/4004 2819/3891/4003
f 3602/2645/2693 3601/3073/3141 2819/3891/4003 2572/3896/4008
f 3603/2646/2694 3602/2645/2693 2572/3896/4008 2853/3895/4007
f 3604/3141/3213 3603/2646/2694 2853/3895/4007 2573/3900/4012
f 3605/3142/3214 3604/3141/3213 2573/3900/4012 2887/3899/4011
f 3606/2649/2697 3605/3142/3214 2887/3899/4011 2574/3904/4016
f 3607/2650/2698 3606/2649/2697 2574/3904/4016 2921/3903/4015
f 3608/3209/3285 3607/2650/2698 2921/3903/4015 2575/3908/4020
f 3609/3210/3286 3608/3209/3285 2575/3908/4020 2955/3907/4019
f 3610/2653/2701 3609/3210/3286 2955/3907/4019 2576/3912/4024
f 3611/2654/2702 3610/2653/2701 2576/3912/4024 2989/3911/4023
f 3612/3277/3357 3611/2654/2702 2989/3911/4023 2577/3916/4028
f 3613/3278/3358 3612/3277/3357 2577/3916/4028 3023/3915/4027
f 3614/2657/2705 3613/3278/3358 3023/3915/4027 2578/3920/4032
f 3615/2658/2706 3614/2657/2705 2578/3920/4032 3057/3919/4031
f 3616/3345/3429 3615/2658/2706 3057/3919/4031 2579/3924/4036
f 3617/3346/3430 3616/3345/3429 2579/3924/4036 3091/3923/4035
f 3618/2661/2709 3617/3346/3430 3091/3923/4035 2580/3928/4040
f 3619/2662/2710 3618/2661/2709 2580/3928/4040 3126/3927/4039
f 3620/3413/3501 3619/2662/2710 3126/3927/4039 2581/3932/4044
f 3621/3414/3502 3620/3413/3501 2581/3932/4044 3159/3931/4043
f 3622/2665/2713 3621/3414/3502 3159/3931/4043 2582/3936/4048
f 3623/2666/2714 3622/2665/2713 2582/3936/4048 3193/3935/4047
f 3624/3481/3573 3623/2666/2714 3193/3935/4047 2583/3940/4052
f 3625/3482/3574 3624/3481/3573 2583/3940/4052 3227/3939/4051
f 3626/2669/2717 3625/3482/3574 3227/3939/4051 2584/3944/4056
f 3627/2670/2718 3626/2669/2717 2584/3944/4056 3261/3943/4055
f 3628/3549/3645 3627/2670/2718 3261/3943/4055 2585/3948/4060
f 3629/3550/3646 3628/3549/3645 2585/3948/4060 3295/3947/4059
f 3630/4789/4804 3629/3550/3646 3295/3947/4059 2586/3952/4801
s 5
f 3565/2674/2722 3630/2673/2721 2586/4786/4064 2553/4664/4063
s 2
f 3273/3505/3601 3632/3826/3934 3631/4659/4758 2269/2807/4759
f 2470/3504/3600 3633/3823/3931 3632/3826/3934 3273/3505/3601
f 3239/2744/2796 3634/3829/3937 3633/3823/3931 2470/3504/3600
f 3635/3830/3938 3634/3829/3937 3239/2744/2796 2270/2743/2795
f 3205/3437/3529 3636/3834/3942 3635/3830/3938 2270/2743/2795
f 2452/3436/3528 3637/3831/3939 3636/3834/3942 3205/3437/3529
f 3171/2748/2800 3638/3837/3945 3637/3831/3939 2452/3436/3528
f 3639/3838/3946 3638/3837/3945 3171/2748/2800 2271/2747/2799
f 3137/3369/3457 3640/3842/3950 3639/3838/3946 2271/2747/2799
f 2434/3368/3456 3641/3839/3947 3640/3842/3950 3137/3369/3457
f 3104/2752/2804 3642/3845/3953 3641/3839/3947 2434/3368/3456
f 3643/3846/3954 3642/3845/3953 3104/2752/2804 2272/2751/2803
f 3069/3301/3385 3644/3850/3958 3643/3846/3954 2272/2751/2803
f 2416/3300/3384 3645/3847/3955 3644/3850/3958 3069/3301/3385
f 3035/2756/2808 3646/3853/3961 3645/3847/3955 2416/3300/3384
f 3647/3854/3962 3646/3853/3961 3035/2756/2808 2273/2755/2807
f 3001/3233/3313 3648/3858/3966 3647/3854/3962 2273/2755/2807
f 2398/3232/3312 3649/3855/3963 3648/3858/3966 3001/3233/3313
f 2967/2760/2812 3650/3861/3969 3649/3855/3963 2398/3232/3312
f 3651/3862/3970 3650/3861/3969 2967/2760/2812 2274/2759/2811
f 2933/3165/3241 3652/3866/3974 3651/3862/3970 2274/2759/2811
f 2380/3164/3240 3653/3863/3971 3652/3866/3974 2933/3165/3241
f 2899/2764/2816 3654/3869/3977 3653/3863/3971 2380/3164/3240
f 3655/3870/3978 3654/3869/3977 2899/2764/2816 2275/2763/2815
f 2865/3097/3169 3656/3874/3982 3655/3870/3978 2275/2763/2815
f 2362/3096/3168 3657/3871/3979 3656/3874/3982 2865/3097/3169
f 2831/2768/2820 3658/3877/3985 3657/3871/3979 2362/3096/3168
f 3659/3878/3986 3658/3877/3985 2831/2768/2820 2276/2767/2819
f 2797/3029/3097 3660/3882/3990 3659/3878/3986 2276/2767/2819
f 2344/3028/3096 3661/3879/3987 3660/3882/3990 2797/3029/3097
f 2763/2772/2824 3662/3885/3993 3661/3879/3987 2344/3028/3096
f 3663/4657/3994 3662/3885/3993 2763/2772/2824 2277/4658/2823
s 6
f 2278/2776/2828 3664/4787/3995 3663/3886/3998 2277/2771/2829
s 4
f 2278/4784/2834 2784/2778/2833 3665/3889/4000 3664/3887/3999
f 3666/3893/4005 3665/3889/4000 2784/2778/2833 2355/3067/3135
f 3667/3894/4006 3666/3893/4005 2355/3067/3135 2818/3070/3138
f 3668/3897/4009 3667/3894/4006 2818/3070/3138 2279/2780/2836
f 3669/3898/4010 3668/3897/4009 2279/2780/2836 2852/2779/2835
f 3670/3901/4013 3669/3898/4010 2852/2779/2835 2373/3136/3208
f 3671/3902/4014 3670/3901/4013 2373/3136/3208 2886/3135/3207
f 3672/3905/4017 3671/3902/4014 2886/3135/3207 2280/2784/2840
f 3673/3906/4018 3672/3905/4017 2280/2784/2840 2920/2783/2839
f 3674/3909/4021 3673/3906/4018 2920/2783/2839 2391/3204/3280
f 3675/3910/4022 3674/3909/4021 2391/3204/3280 2954/3203/3279
f 3676/3913/4025 3675/3910/4022 2954/3203/3279 2281/2788/2844
f 3677/3914/4026 3676/3913/4025 2281/2788/2844 2988/2787/2843
f 3678/3917/4029 3677/3914/4026 2988/2787/2843 2409/3272/3352
f 3679/3918/4030 3678/3917/4029 2409/3272/3352 3022/3271/3351
f 3680/3921/4033 3679/3918/4030 3022/3271/3351 2282/2792/2848
f 3681/3922/4034 3680/3921/4033 2282/2792/2848 3056/2791/2847
f 3682/3925/4037 3681/3922/4034 3056/2791/2847 2427/3340/3424
f 3683/3926/4038 3682/3925/4037 2427/3340/3424 3090/3339/3423
f 3684/3929/4041 3683/3926/4038 3090/3339/3423 2283/2796/2852
f 3685/3930/4042 3684/3929/4041 2283/2796/2852 3125/2795/2851
f 3686/3933/4045 3685/3930/4042 3125/2795/2851 2445/3408/3496
f 3687/3934/4046 3686/3933/4045 2445/3408/3496 3158/3407/3495
f 3688/3937/4049 3687/3934/4046 3158/3407/3495 2284/2800/2856
f 3689/3938/4050 3688/3937/4049 2284/2800/2856 3192/2799/2855
f 3690/3941/4053 3689/3938/4050 3192/2799/2855 2463/3476/3568
f 3691/3942/4054 3690/3941/4053 2463/3476/3568 3226/3475/3567
f 3692/3945/4057 3691/3942/4054 3226/3475/3567 2285/2804/2860
f 3693/3946/4058 3692/3945/4057 2285/2804/2860 3260/2803/2859
f 3694/3949/4061 3693/3946/4058 3260/2803/2859 2481/3544/3640
f 3695/3950/4062 3694/3949/4061 2481/3544/3640 3294/3543/3639
f 3696/4785/4802 3695/3950/4062 3294/3543/3639 2286/2808/4799
s 5
f 3631/3954/4066 3696/3953/4065 2286/4782/2864 2269/4660/2863
s 2
f 3274/3957/4069 3698/3506/3602 3697/4655/4760 2587/4083/4761
f 2588/3956/4068 3699/3503/3599 3698/3506/3602 3274/3957/4069
f 3240/3960/4072 3700/2745/2797 3699/3503/3599 2588/3956/4068
f 3701/2746/2798 3700/2745/2797 3240/3960/4072 2589/3959/4071
f 3206/3965/4077 3702/3438/3530 3701/2746/2798 2589/3959/4071
f 2590/3964/4076 3703/3435/3527 3702/3438/3530 3206/3965/4077
f 3172/3968/4080 3704/2749/2801 3703/3435/3527 2590/3964/4076
f 3705/2750/2802 3704/2749/2801 3172/3968/4080 2591/3967/4079
f 3138/3973/4085 3706/3370/3458 3705/2750/2802 2591/3967/4079
f 2592/3972/4084 3707/3367/3455 3706/3370/3458 3138/3973/4085
f 3105/3976/4088 3708/2753/2805 3707/3367/3455 2592/3972/4084
f 3709/2754/2806 3708/2753/2805 3105/3976/4088 2593/3975/4087
f 3070/3981/4093 3710/3302/3386 3709/2754/2806 2593/3975/4087
f 2594/3980/4092 3711/3299/3383 3710/3302/3386 3070/3981/4093
f 3036/3984/4096 3712/2757/2809 3711/3299/3383 2594/3980/4092
f 3713/2758/2810 3712/2757/2809 3036/3984/4096 2595/3983/4095
f 3002/3989/4101 3714/3234/3314 3713/2758/2810 2595/3983/4095
f 2596/3988/4100 3715/3231/3311 3714/3234/3314 3002/3989/4101
f 2968/3992/4104 3716/2761/2813 3715/3231/3311 2596/3988/4100
f 3717/2762/2814 3716/2761/2813 2968/3992/4104 2597/3991/4103
f 2934/3997/4109 3718/3166/3242 3717/2762/2814 2597/3991/4103
f 2598/3996/4108 3719/3163/3239 3718/3166/3242 2934/3997/4109
f 2900/4000/4112 3720/2765/2817 3719/3163/3239 2598/3996/4108
f 3721/2766/2818 3720/2765/2817 2900/4000/4112 2599/3999/4111
f 2866/4005/4117 3722/3098/3170 3721/2766/2818 2599/3999/4111
f 2600/4004/4116 3723/3095/3167 3722/3098/3170 2866/4005/4117
f 2832/4008/4120 3724/2769/2821 3723/3095/3167 2600/4004/4116
f 3725/2770/2822 3724/2769/2821 2832/4008/4120 2601/4007/4119
f 2798/4013/4125 3726/3030/3098 3725/2770/2822 2601/4007/4119
f 2602/4012/4124 3727/3027/3095 3726/3030/3098 2798/4013/4125
f 2764/4016/4128 3728/2773/2825 3727/3027/3095 2602/4012/4124
f 3729/4653/2826 3728/2773/2825 2764/4016/4128 2603/4654/4127
s 6
f 2604/4020/4132 3730/4783/2827 3729/2774/2830 2603/4015/4133
s 4
f 2604/4780/4138 2783/4022/4137 3731/2777/2832 3730/2775/2831
f 3732/3068/3136 3731/2777/2832 2783/4022/4137 2605/4024/4140
f 3733/3069/3137 3732/3068/3136 2605/4024/4140 2817/4023/4139
f 3734/2781/2837 3733/3069/3137 2817/4023/4139 2606/4028/4144
f 3735/2782/2838 3734/2781/2837 2606/4028/4144 2851/4027/4143
f 3736/3137/3209 3735/2782/2838 2851/4027/4143 2607/4032/4148
f 3737/3138/3210 3736/3137/3209 2607/4032/4148 2885/4031/4147
f 3738/2785/2841 3737/3138/3210 2885/4031/4147 2608/4036/4152
f 3739/2786/2842 3738/2785/2841 2608/4036/4152 2919/4035/4151
f 3740/3205/3281 3739/2786/2842 2919/4035/4151 2609/4040/4156
f 3741/3206/3282 3740/3205/3281 2609/4040/4156 2953/4039/4155
f 3742/2789/2845 3741/3206/3282 2953/4039/4155 2610/4044/4160
f 3743/2790/2846 3742/2789/2845 2610/4044/4160 2987/4043/4159
f 3744/3273/3353 3743/2790/2846 2987/4043/4159 2611/4048/4164
f 3745/3274/3354 3744/3273/3353 2611/4048/4164 3021/4047/4163
f 3746/2793/2849 3745/3274/3354 3021/4047/4163 2612/4052/4168
f 3747/2794/2850 3746/2793/2849 2612/4052/4168 3055/4051/4167
f 3748/3341/3425 3747/2794/2850 3055/4051/4167 2613/4056/4172
f 3749/3342/3426 3748/3341/3425 2613/4056/4172 3089/4055/4171
f 3750/2797/2853 3749/3342/3426 3089/4055/4171 2614/4060/4176
f 3751/2798/2854 3750/2797/2853 2614/4060/4176 3124/4059/4175
f 3752/3409/3497 3751/2798/2854 3124/4059/4175 2615/4064/4180
f 3753/3410/3498 3752/3409/3497 2615/4064/4180 3157/4063/4179
f 3754/2801/2857 3753/3410/3498 3157/4063/4179 2616/4068/4184
f 3755/2802/2858 3754/2801/2857 2616/4068/4184 3191/4067/4183
f 3756/3477/3569 3755/2802/2858 3191/4067/4183 2617/4072/4188
f 3757/3478/3570 3756/3477/3569 2617/4072/4188 3225/4071/4187
f 3758/2805/2861 3757/3478/3570 3225/4071/4187 2618/4076/4192
f 3759/2806/2862 3758/2805/2861 2618/4076/4192 3259/4075/4191
f 3760/3545/3641 3759/2806/2862 3259/4075/4191 2619/4080/4196
f 3761/3546/3642 3760/3545/3641 2619/4080/4196 3293/4079/4195
f 3762/4781/4800 3761/3546/3642 3293/4079/4195 2620/4084/4797
s 5
f 3697/2810/2866 3762/2809/2865 2620/4778/4200 2587/4656/4199
s 2
f 3275/3509/3605 3764/3958/4070 3763/4651/4762 2215/2603/4763
f 2471/3508/3604 3765/3955/4067 3764/3958/4070 3275/3509/3605
f 3241/2540/2580 3766/3961/4073 3765/3955/4067 2471/3508/3604
f 3767/3962/4074 3766/3961/4073 3241/2540/2580 2216/2539/2579
f 3207/3441/3533 3768/3966/4078 3767/3962/4074 2216/2539/2579
f 2453/3440/3532 3769/3963/4075 3768/3966/4078 3207/3441/3533
f 3173/2544/2584 3770/3969/4081 3769/3963/4075 2453/3440/3532
f 3771/3970/4082 3770/3969/4081 3173/2544/2584 2217/2543/2583
f 3139/3373/3461 3772/3974/4086 3771/3970/4082 2217/2543/2583
f 2435/3372/3460 3773/3971/4083 3772/3974/4086 3139/3373/3461
f 3106/2548/2588 3774/3977/4089 3773/3971/4083 2435/3372/3460
f 3775/3978/4090 3774/3977/4089 3106/2548/2588 2218/2547/2587
f 3071/3305/3389 3776/3982/4094 3775/3978/4090 2218/2547/2587
f 2417/3304/3388 3777/3979/4091 3776/3982/4094 3071/3305/3389
f 3037/2552/2592 3778/3985/4097 3777/3979/4091 2417/3304/3388
f 3779/3986/4098 3778/3985/4097 3037/2552/2592 2219/2551/2591
f 3003/3237/3317 3780/3990/4102 3779/3986/4098 2219/2551/2591
f 2399/3236/3316 3781/3987/4099 3780/3990/4102 3003/3237/3317
f 2969/2556/2596 3782/3993/4105 3781/3987/4099 2399/3236/3316
f 3783/3994/4106 3782/3993/4105 2969/2556/2596 2220/2555/2595
f 2935/3169/3245 3784/3998/4110 3783/3994/4106 2220/2555/2595
f 2381/3168/3244 3785/3995/4107 3784/3998/4110 2935/3169/3245
f 2901/2560/2600 3786/4001/4113 3785/3995/4107 2381/3168/3244
f 3787/4002/4114 3786/4001/4113 2901/2560/2600 2221/2559/2599
f 2867/3101/3173 3788/4006/4118 3787/4002/4114 2221/2559/2599
f 2363/3100/3172 3789/4003/4115 3788/4006/4118 2867/3101/3173
f 2833/2564/2604 3790/4009/4121 3789/4003/4115 2363/3100/3172
f 3791/4010/4122 3790/4009/4121 2833/2564/2604 2222/2563/2603
f 2799/3033/3101 3792/4014/4126 3791/4010/4122 2222/2563/2603
f 2345/3032/3100 3793/4011/4123 3792/4014/4126 2799/3033/3101
f 2765/2568/2608 3794/4017/4129 3793/4011/4123 2345/3032/3100
f 3795/4649/4130 3794/4017/4129 2765/2568/2608 2223/4650/2607
s 6
f 2224/2572/2612 3796/4779/4131 3795/4018/4134 2223/2567/2613
s 4
f 2224/4776/2618 2782/2574/2617 3797/4021/4136 3796/4019/4135
f 3798/4025/4141 3797/4021/4136 2782/2574/2617 2354/3063/3131
f 3799/4026/4142 3798/4025/4141 2354/3063/3131 2816/3066/3134
f 3800/4029/4145 3799/4026/4142 2816/3066/3134 2225/2576/2620
f 3801/4030/4146 3800/4029/4145 2225/2576/2620 2850/2575/2619
f 3802/4033/4149 3801/4030/4146 2850/2575/2619 2372/3132/3204
f 3803/4034/4150 3802/4033/4149 2372/3132/3204 2884/3131/3203
f 3804/4037/4153 3803/4034/4150 2884/3131/3203 2226/2580/2624
f 3805/4038/4154 3804/4037/4153 2226/2580/2624 2918/2579/2623
f 3806/4041/4157 3805/4038/4154 2918/2579/2623 2390/3200/3276
f 3807/4042/4158 3806/4041/4157 2390/3200/3276 2952/3199/3275
f 3808/4045/4161 3807/4042/4158 2952/3199/3275 2227/2584/2628
f 3809/4046/4162 3808/4045/4161 2227/2584/2628 2986/2583/2627
f 3810/4049/4165 3809/4046/4162 2986/2583/2627 2408/3268/3348
f 3811/4050/4166 3810/4049/4165 2408/3268/3348 3020/3267/3347
f 3812/4053/4169 3811/4050/4166 3020/3267/3347 2228/2588/2632
f 3813/4054/4170 3812/4053/4169 2228/2588/2632 3054/2587/2631
f 3814/4057/4173 3813/4054/4170 3054/2587/2631 2426/3336/3420
f 3815/4058/4174 3814/4057/4173 2426/3336/3420 3088/3335/3419
f 3816/4061/4177 3815/4058/4174 3088/3335/3419 2229/2592/2636
f 3817/4062/4178 3816/4061/4177 2229/2592/2636 3123/2591/2635
f 3818/4065/4181 3817/4062/4178 3123/2591/2635 2444/3404/3492
f 3819/4066/4182 3818/4065/4181 2444/3404/3492 3156/3403/3491
f 3820/4069/4185 3819/4066/4182 3156/3403/3491 2230/2596/2640
f 3821/4070/4186 3820/4069/4185 2230/2596/2640 3190/2595/2639
f 3822/4073/4189 3821/4070/4186 3190/2595/2639 2462/3472/3564
f 3823/4074/4190 3822/4073/4189 2462/3472/3564 3224/3471/3563
f 3824/4077/4193 3823/4074/4190 3224/3471/3563 2231/2600/2644
f 3825/4078/4194 3824/4077/4193 2231/2600/2644 3258/2599/2643
f 3826/4081/4197 3825/4078/4194 3258/2599/2643 2480/3540/3636
f 3827/4082/4198 3826/4081/4197 2480/3540/3636 3292/3539/3635
f 3828/4777/4798 3827/4082/4198 3292/3539/3635 2232/2604/4795
s 5
f 3763/4086/4202 3828/4085/4201 2232/4774/2648 2215/4652/2647
s 2
f 3276/4089/4205 3830/3510/3606 3829/4647/4764 2621/4215/4765
f 2622/4088/4204 3831/3507/3603 3830/3510/3606 3276/4089/4205
f 3242/4092/4208 3832/2541/2581 3831/3507/3603 2622/4088/4204
f 3833/2542/2582 3832/2541/2581 3242/4092/4208 2623/4091/4207
f 3208/4097/4213 3834/3442/3534 3833/2542/2582 2623/4091/4207
f 2624/4096/4212 3835/3439/3531 3834/3442/3534 3208/4097/4213
f 3174/4100/4216 3836/2545/2585 3835/3439/3531 2624/4096/4212
f 3837/2546/2586 3836/2545/2585 3174/4100/4216 2625/4099/4215
f 3140/4105/4221 3838/3374/3462 3837/2546/2586 2625/4099/4215
f 2626/4104/4220 3839/3371/3459 3838/3374/3462 3140/4105/4221
f 3107/4108/4224 3840/2549/2589 3839/3371/3459 2626/4104/4220
f 3841/2550/2590 3840/2549/2589 3107/4108/4224 2627/4107/4223
f 3072/4113/4229 3842/3306/3390 3841/2550/2590 2627/4107/4223
f 2628/4112/4228 3843/3303/3387 3842/3306/3390 3072/4113/4229
f 3038/4116/4232 3844/2553/2593 3843/3303/3387 2628/4112/4228
f 3845/2554/2594 3844/2553/2593 3038/4116/4232 2629/4115/4231
f 3004/4121/4237 3846/3238/3318 3845/2554/2594 2629/4115/4231
f 2630/4120/4236 3847/3235/3315 3846/3238/3318 3004/4121/4237
f 2970/4124/4240 3848/2557/2597 3847/3235/3315 2630/4120/4236
f 3849/2558/2598 3848/2557/2597 2970/4124/4240 2631/4123/4239
f 2936/4129/4245 3850/3170/3246 3849/2558/2598 2631/4123/4239
f 2632/4128/4244 3851/3167/3243 3850/3170/3246 2936/4129/4245
f 2902/4132/4248 3852/2561/2601 3851/3167/3243 2632/4128/4244
f 3853/2562/2602 3852/2561/2601 2902/4132/4248 2633/4131/4247
f 2868/4137/4253 3854/3102/3174 3853/2562/2602 2633/4131/4247
f 2634/4136/4252 3855/3099/3171 3854/3102/3174 2868/4137/4253
f 2834/4140/4256 3856/2565/2605 3855/3099/3171 2634/4136/4252
f 3857/2566/2606 3856/2565/2605 2834/4140/4256 2635/4139/4255
f 2800/4145/4261 3858/3034/3102 3857/2566/2606 2635/4139/4255
f 2636/4144/4260 3859/3031/3099 3858/3034/3102 2800/4145/4261
f 2766/4148/4264 3860/2569/2609 3859/3031/3099 2636/4144/4260
f 3861/4645/2610 3860/2569/2609 2766/4148/4264 2637/4646/4263
s 6
f 2638/4152/4268 3862/4775/2611 3861/2570/2614 2637/4147/4269
s 4
f 2638/4772/4274 2781/4154/4273 3863/2573/2616 3862/2571/2615
f 3864/3064/3132 3863/2573/2616 2781/4154/4273 2639/4156/4276
f 3865/3065/3133 3864/3064/3132 2639/4156/4276 2815/4155/4275
f 3866/2577/2621 3865/3065/3133 2815/4155/4275 2640/4160/4280
f 3867/2578/2622 3866/2577/2621 2640/4160/4280 2849/4159/4279
f 3868/3133/3205 3867/2578/2622 2849/4159/4279 2641/4164/4284
f 3869/3134/3206 3868/3133/3205 2641/4164/4284 2883/4163/4283
f 3870/2581/2625 3869/3134/3206 2883/4163/4283 2642/4168/4288
f 3871/2582/2626 3870/2581/2625 2642/4168/4288 2917/4167/4287
f 3872/3201/3277 3871/2582/2626 2917/4167/4287 2643/4172/4292
f 3873/3202/3278 3872/3201/3277 2643/4172/4292 2951/4171/4291
f 3874/2585/2629 3873/3202/3278 2951/4171/4291 2644/4176/4296
f 3875/2586/2630 3874/2585/2629 2644/4176/4296 2985/4175/4295
f 3876/3269/3349 3875/2586/2630 2985/4175/4295 2645/4180/4300
f 3877/3270/3350 3876/3269/3349 2645/4180/4300 3019/4179/4299
f 3878/2589/2633 3877/3270/3350 3019/4179/4299 2646/4184/4304
f 3879/2590/2634 3878/2589/2633 2646/4184/4304 3053/4183/4303
f 3880/3337/3421 3879/2590/2634 3053/4183/4303 2647/4188/4308
f 3881/3338/3422 3880/3337/3421 2647/4188/4308 3087/4187/4307
f 3882/2593/2637 3881/3338/3422 3087/4187/4307 2648/4192/4312
f 3883/2594/2638 3882/2593/2637 2648/4192/4312 3122/4191/4311
f 3884/3405/3493 3883/2594/2638 3122/4191/4311 2649/4196/4316
f 3885/3406/3494 3884/3405/3493 2649/4196/4316 3155/4195/4315
f 3886/2597/2641 3885/3406/3494 3155/4195/4315 2650/4200/4320
f 3887/2598/2642 3886/2597/2641 2650/4200/4320 3189/4199/4319
f 3888/3473/3565 3887/2598/2642 3189/4199/4319 2651/4204/4324
f 3889/3474/3566 3888/3473/3565 2651/4204/4324 3223/4203/4323
f 3890/2601/2645 3889/3474/3566 3223/4203/4323 2652/4208/4328
f 3891/2602/2646 3890/2601/2645 2652/4208/4328 3257/4207/4327
f 3892/3541/3637 3891/2602/2646 3257/4207/4327 2653/4212/4332
f 3893/3542/3638 3892/3541/3637 2653/4212/4332 3291/4211/4331
f 3894/4773/4796 3893/3542/3638 3291/4211/4331 2654/4216/4793
s 5
f 3829/2606/2650 3894/2605/2649 2654/4770/4336 2621/4648/4335
s 2
f 3277/3513/3609 3896/4090/4206 3895/4643/4766 2305/2943/4767
f 2472/3512/3608 3897/4087/4203 3896/4090/4206 3277/3513/3609
f 3243/2880/2940 3898/4093/4209 3897/4087/4203 2472/3512/3608
f 3899/4094/4210 3898/4093/4209 3243/2880/2940 2306/2879/2939
f 3209/3445/3537 3900/4098/4214 3899/4094/4210 2306/2879/2939
f 2454/3444/3536 3901/4095/4211 3900/4098/4214 3209/3445/3537
f 3175/2884/2944 3902/4101/4217 3901/4095/4211 2454/3444/3536
f 3903/4102/4218 3902/4101/4217 3175/2884/2944 2307/2883/2943
f 3141/3377/3465 3904/4106/4222 3903/4102/4218 2307/2883/2943
f 2436/3376/3464 3905/4103/4219 3904/4106/4222 3141/3377/3465
f 3108/2888/2948 3906/4109/4225 3905/4103/4219 2436/3376/3464
f 3907/4110/4226 3906/4109/4225 3108/2888/2948 2308/2887/2947
f 3073/3309/3393 3908/4114/4230 3907/4110/4226 2308/2887/2947
f 2418/3308/3392 3909/4111/4227 3908/4114/4230 3073/3309/3393
f 3039/2892/2952 3910/4117/4233 3909/4111/4227 2418/3308/3392
f 3911/4118/4234 3910/4117/4233 3039/2892/2952 2309/2891/2951
f 3005/3241/3321 3912/4122/4238 3911/4118/4234 2309/2891/2951
f 2400/3240/3320 3913/4119/4235 3912/4122/4238 3005/3241/3321
f 2971/2896/2956 3914/4125/4241 3913/4119/4235 2400/3240/3320
f 3915/4126/4242 3914/4125/4241 2971/2896/2956 2310/2895/2955
f 2937/3173/3249 3916/4130/4246 3915/4126/4242 2310/2895/2955
f 2382/3172/3248 3917/4127/4243 3916/4130/4246 2937/3173/3249
f 2903/2900/2960 3918/4133/4249 3917/4127/4243 2382/3172/3248
f 3919/4134/4250 3918/4133/4249 2903/2900/2960 2311/2899/2959
f 2869/3105/3177 3920/4138/4254 3919/4134/4250 2311/2899/2959
f 2364/3104/3176 3921/4135/4251 3920/4138/4254 2869/3105/3177
f 2835/2904/2964 3922/4141/4257 3921/4135/4251 2364/3104/3176
f 3923/4142/4258 3922/4141/4257 2835/2904/2964 2312/2903/2963
f 2801/3037/3105 3924/4146/4262 3923/4142/4258 2312/2903/2963
f 2346/3036/3104 3925/4143/4259 3924/4146/4262 2801/3037/3105
f 2767/2908/2968 3926/4149/4265 3925/4143/4259 2346/3036/3104
f 3927/4641/4266 3926/4149/4265 2767/2908/2968 2313/4642/2967
s 6
f 2314/2912/2972 3928/4771/4267 3927/4150/4270 2313/2907/2973
s 4
f 2314/4768/2978 2780/2914/2977 3929/4153/4272 3928/4151/4271
f 3930/4157/4277 3929/4153/4272 2780/2914/2977 2353/3059/3127
f 3931/4158/4278 3930/4157/4277 2353/3059/3127 2814/3062/3130
f 3932/4161/4281 3931/4158/4278 2814/3062/3130 2315/2916/2980
f 3933/4162/4282 3932/4161/4281 2315/2916/2980 2848/2915/2979
f 3934/4165/4285 3933/4162/4282 2848/2915/2979 2371/3128/3200
f 3935/4166/4286 3934/4165/4285 2371/3128/3200 2882/3127/3199
f 3936/4169/4289 3935/4166/4286 2882/3127/3199 2316/2920/2984
f 3937/4170/4290 3936/4169/4289 2316/2920/2984 2916/2919/2983
f 3938/4173/4293 3937/4170/4290 2916/2919/2983 2389/3196/3272
f 3939/4174/4294 3938/4173/4293 2389/3196/3272 2950/3195/3271
f 3940/4177/4297 3939/4174/4294 2950/3195/3271 2317/2924/2988
f 3941/4178/4298 3940/4177/4297 2317/2924/2988 2984/2923/2987
f 3942/4181/4301 3941/4178/4298 2984/2923/2987 2407/3264/3344
f 3943/4182/4302 3942/4181/4301 2407/3264/3344 3018/3263/3343
f 3944/4185/4305 3943/4182/4302 3018/3263/3343 2318/2928/2992
f 3945/4186/4306 3944/4185/4305 2318/2928/2992 3052/2927/2991
f 3946/4189/4309 3945/4186/4306 3052/2927/2991 2425/3332/3416
f 3947/4190/4310 3946/4189/4309 2425/3332/3416 3086/3331/3415
f 3948/4193/4313 3947/4190/4310 3086/3331/3415 2319/2932/2996
f 3949/4194/4314 3948/4193/4313 2319/2932/2996 3121/2931/2995
f 3950/4197/4317 3949/4194/4314 3121/2931/2995 2443/3400/3488
f 3951/4198/4318 3950/4197/4317 2443/3400/3488 3154/3399/3487
f 3952/4201/4321 3951/4198/4318 3154/3399/3487 2320/2936/3000
f 3953/4202/4322 3952/4201/4321 2320/2936/3000 3188/2935/2999
f 3954/4205/4325 3953/4202/4322 3188/2935/2999 2461/3468/3560
f 3955/4206/4326 3954/4205/4325 2461/3468/3560 3222/3467/3559
f 3956/4209/4329 3955/4206/4326 3222/3467/3559 2321/2940/3004
f 3957/4210/4330 3956/4209/4329 2321/2940/3004 3256/2939/3003
f 3958/4213/4333 3957/4210/4330 3256/2939/3003 2479/3536/3632
f 3959/4214/4334 3958/4213/4333 2479/3536/3632 3290/3535/3631
f 3960/4769/4794 3959/4214/4334 3290/3535/3631 2322/2944/4791
s 5
f 3895/4218/4338 3960/4217/4337 2322/4766/3008 2305/4644/3007
s 2
f 3278/4221/4341 3962/3514/3610 3961/4639/4768 2655/4347/4769
f 2656/4220/4340 3963/3511/3607 3962/3514/3610 3278/4221/4341
f 3244/4224/4344 3964/2881/2941 3963/3511/3607 2656/4220/4340
f 3965/2882/2942 3964/2881/2941 3244/4224/4344 2657/4223/4343
f 3210/4229/4349 3966/3446/3538 3965/2882/2942 2657/4223/4343
f 2658/4228/4348 3967/3443/3535 3966/3446/3538 3210/4229/4349
f 3176/4232/4352 3968/2885/2945 3967/3443/3535 2658/4228/4348
f 3969/2886/2946 3968/2885/2945 3176/4232/4352 2659/4231/4351
f 3142/4237/4357 3970/3378/3466 3969/2886/2946 2659/4231/4351
f 2660/4236/4356 3971/3375/3463 3970/3378/3466 3142/4237/4357
f 3109/4240/4360 3972/2889/2949 3971/3375/3463 2660/4236/4356
f 3973/2890/2950 3972/2889/2949 3109/4240/4360 2661/4239/4359
f 3074/4245/4365 3974/3310/3394 3973/2890/2950 2661/4239/4359
f 2662/4244/4364 3975/3307/3391 3974/3310/3394 3074/4245/4365
f 3040/4248/4368 3976/2893/2953 3975/3307/3391 2662/4244/4364
f 3977/2894/2954 3976/2893/2953 3040/4248/4368 2663/4247/4367
f 3006/4253/4373 3978/3242/3322 3977/2894/2954 2663/4247/4367
f 2664/4252/4372 3979/3239/3319 3978/3242/3322 3006/4253/4373
f 2972/4256/4376 3980/2897/2957 3979/3239/3319 2664/4252/4372
f 3981/2898/2958 3980/2897/2957 2972/4256/4376 2665/4255/4375
f 2938/4261/4381 3982/3174/3250 3981/2898/2958 2665/4255/4375
f 2666/4260/4380 3983/3171/3247 3982/3174/3250 2938/4261/4381
f 2904/4264/4384 3984/2901/2961 3983/3171/3247 2666/4260/4380
f 3985/2902/2962 3984/2901/2961 2904/4264/4384 2667/4263/4383
f 2870/4269/4389 3986/3106/3178 3985/2902/2962 2667/4263/4383
f 2668/4268/4388 3987/3103/3175 3986/3106/3178 2870/4269/4389
f 2836/4272/4392 3988/2905/2965 3987/3103/3175 2668/4268/4388
f 3989/2906/2966 3988/2905/2965 2836/4272/4392 2669/4271/4391
f 2802/4277/4397 3990/3038/3106 3989/2906/2966 2669/4271/4391
f 2670/4276/4396 3991/3035/3103 3990/3038/3106 2802/4277/4397
f 2768/4280/4400 3992/2909/2969 3991/3035/3103 2670/4276/4396
f 3993/4637/2970 3992/2909/2969 2768/4280/4400 2671/4638/4399
s 6
f 2672/4284/4404 3994/4767/2971 3993/2910/2974 2671/4279/4405
s 4
f 2672/4764/4410 2779/4286/4409 3995/2913/2976 3994/2911/2975
f 3996/3060/3128 3995/2913/2976 2779/4286/4409 2673/4288/4412
f 3997/3061/3129 3996/3060/3128 2673/4288/4412 2813/4287/4411
f 3998/2917/2981 3997/3061/3129 2813/4287/4411 2674/4292/4416
f 3999/2918/2982 3998/2917/2981 2674/4292/4416 2847/4291/4415
f 4000/3129/3201 3999/2918/2982 2847/4291/4415 2675/4296/4420
f 4001/3130/3202 4000/3129/3201 2675/4296/4420 2881/4295/4419
f 4002/2921/2985 4001/3130/3202 2881/4295/4419 2676/4300/4424
f 4003/2922/2986 4002/2921/2985 2676/4300/4424 2915/4299/4423
f 4004/3197/3273 4003/2922/2986 2915/4299/4423 2677/4304/4428
f 4005/3198/3274 4004/3197/3273 2677/4304/4428 2949/4303/4427
f 4006/2925/2989 4005/3198/3274 2949/4303/4427 2678/4308/4432
f 4007/2926/2990 4006/2925/2989 2678/4308/4432 2983/4307/4431
f 4008/3265/3345 4007/2926/2990 2983/4307/4431 2679/4312/4436
f 4009/3266/3346 4008/3265/3345 2679/4312/4436 3017/4311/4435
f 4010/2929/2993 4009/3266/3346 3017/4311/4435 2680/4316/4440
f 4011/2930/2994 4010/2929/2993 2680/4316/4440 3051/4315/4439
f 4012/3333/3417 4011/2930/2994 3051/4315/4439 2681/4320/4444
f 4013/3334/3418 4012/3333/3417 2681/4320/4444 3085/4319/4443
f 4014/2933/2997 4013/3334/3418 3085/4319/4443 2682/4324/4448
f 4015/2934/2998 4014/2933/2997 2682/4324/4448 3120/4323/4447
f 4016/3401/3489 4015/2934/2998 3120/4323/4447 2683/4328/4452
f 4017/3402/3490 4016/3401/3489 2683/4328/4452 3153/4327/4451
f 4018/2937/3001 4017/3402/3490 3153/4327/4451 2684/4332/4456
f 4019/2938/3002 4018/2937/3001 2684/4332/4456 3187/4331/4455
f 4020/3469/3561 4019/2938/3002 3187/4331/4455 2685/4336/4460
f 4021/3470/3562 4020/3469/3561 2685/4336/4460 3221/4335/4459
f 4022/2941/3005 4021/3470/3562 3221/4335/4459 2686/4340/4464
f 4023/2942/3006 4022/2941/3005 2686/4340/4464 3255/4339/4463
f 4024/3537/3633 4023/2942/3006 3255/4339/4463 2687/4344/4468
f 4025/3538/3634 4024/3537/3633 2687/4344/4468 3289/4343/4467
f 4026/4765/4792 4025/3538/3634 3289/4343/4467 2688/4348/4789
s 5
f 3961/2946/3010 4026/2945/3009 2688/4762/4472 2655/4640/4471
s 2
f 3279/3517/3613 4028/4222/4342 4027/4635/4770 2287/2875/4771
f 2473/3516/3612 4029/4219/4339 4028/4222/4342 3279/3517/3613
f 3245/2812/2868 4030/4225/4345 4029/4219/4339 2473/3516/3612
f 4031/4226/4346 4030/4225/4345 3245/2812/2868 2288/2811/2867
f 3211/3449/3541 4032/4230/4350 4031/4226/4346 2288/2811/2867
f 2455/3448/3540 4033/4227/4347 4032/4230/4350 3211/3449/3541
f 3177/2816/2872 4034/4233/4353 4033/4227/4347 2455/3448/3540
f 4035/4234/4354 4034/4233/4353 3177/2816/2872 2289/2815/2871
f 3143/3381/3469 4036/4238/4358 4035/4234/4354 2289/2815/2871
f 2437/3380/3468 4037/4235/4355 4036/4238/4358 3143/3381/3469
f 3110/2820/2876 4038/4241/4361 4037/4235/4355 2437/3380/3468
f 4039/4242/4362 4038/4241/4361 3110/2820/2876 2290/2819/2875
f 3075/3313/3397 4040/4246/4366 4039/4242/4362 2290/2819/2875
f 2419/3312/3396 4041/4243/4363 4040/4246/4366 3075/3313/3397
f 3041/2824/2880 4042/4249/4369 4041/4243/4363 2419/3312/3396
f 4043/4250/4370 4042/4249/4369 3041/2824/2880 2291/2823/2879
f 3007/3245/3325 4044/4254/4374 4043/4250/4370 2291/2823/2879
f 2401/3244/3324 4045/4251/4371 4044/4254/4374 3007/3245/3325
f 2973/2828/2884 4046/4257/4377 4045/4251/4371 2401/3244/3324
f 4047/4258/4378 4046/4257/4377 2973/2828/2884 2292/2827/2883
f 2939/3177/3253 4048/4262/4382 4047/4258/4378 2292/2827/2883
f 2383/3176/3252 4049/4259/4379 4048/4262/4382 2939/3177/3253
f 2905/2832/2888 4050/4265/4385 4049/4259/4379 2383/3176/3252
f 4051/4266/4386 4050/4265/4385 2905/2832/2888 2293/2831/2887
f 2871/3109/3181 4052/4270/4390 4051/4266/4386 2293/2831/2887
f 2365/3108/3180 4053/4267/4387 4052/4270/4390 2871/3109/3181
f 2837/2836/2892 4054/4273/4393 4053/4267/4387 2365/3108/3180
f 4055/4274/4394 4054/4273/4393 2837/2836/2892 2294/2835/2891
f 2803/3041/3109 4056/4278/4398 4055/4274/4394 2294/2835/2891
f 2347/3040/3108 4057/4275/4395 4056/4278/4398 2803/3041/3109
f 2769/2840/2896 4058/4281/4401 4057/4275/4395 2347/3040/3108
f 4059/4633/4402 4058/4281/4401 2769/2840/2896 2295/4634/2895
s 6
f 2296/2844/2900 4060/4763/4403 4059/4282/4406 2295/2839/2901
s 4
f 2296/4760/2906 2778/2846/2905 4061/4285/4408 4060/4283/4407
f 4062/4289/4413 4061/4285/4408 2778/2846/2905 2352/3055/3123
f 4063/4290/4414 4062/4289/4413 2352/3055/3123 2812/3058/3126
f 4064/4293/4417 4063/4290/4414 2812/3058/3126 2297/2848/2908
f 4065/4294/4418 4064/4293/4417 2297/2848/2908 2846/2847/2907
f 4066/4297/4421 4065/4294/4418 2846/2847/2907 2370/3124/3196
f 4067/4298/4422 4066/4297/4421 2370/3124/3196 2880/3123/3195
f 4068/4301/4425 4067/4298/4422 2880/3123/3195 2298/2852/2912
f 4069/4302/4426 4068/4301/4425 2298/2852/2912 2914/2851/2911
f 4070/4305/4429 4069/4302/4426 2914/2851/2911 2388/3192/3268
f 4071/4306/4430 4070/4305/4429 2388/3192/3268 2948/3191/3267
f 4072/4309/4433 4071/4306/4430 2948/3191/3267 2299/2856/2916
f 4073/4310/4434 4072/4309/4433 2299/2856/2916 2982/2855/2915
f 4074/4313/4437 4073/4310/4434 2982/2855/2915 2406/3260/3340
f 4075/4314/4438 4074/4313/4437 2406/3260/3340 3016/3259/3339
f 4076/4317/4441 4075/4314/4438 3016/3259/3339 2300/2860/2920
f 4077/4318/4442 4076/4317/4441 2300/2860/2920 3050/2859/2919
f 4078/4321/4445 4077/4318/4442 3050/2859/2919 2424/3328/3412
f 4079/4322/4446 4078/4321/4445 2424/3328/3412 3084/3327/3411
f 4080/4325/4449 4079/4322/4446 3084/3327/3411 2301/2864/2924
f 4081/4326/4450 4080/4325/4449 2301/2864/2924 3119/2863/2923
f 4082/4329/4453 4081/4326/4450 3119/2863/2923 2442/3396/3484
f 4083/4330/4454 4082/4329/4453 2442/3396/3484 3152/3395/3483
f 4084/4333/4457 4083/4330/4454 3152/3395/3483 2302/2868/2928
f 4085/4334/4458 4084/4333/4457 2302/2868/2928 3186/2867/2927
f 4086/4337/4461 4085/4334/4458 3186/2867/2927 2460/3464/3556
f 4087/4338/4462 4086/4337/4461 2460/3464/3556 3220/3463/3555
f 4088/4341/4465 4087/4338/4462 3220/3463/3555 2303/2872/2932
f 4089/4342/4466 4088/4341/4465 2303/2872/2932 3254/2871/2931
f 4090/4345/4469 4089/4342/4466 3254/2871/2931 2478/3532/3628
f 4091/4346/4470 4090/4345/4469 2478/3532/3628 3288/3531/3627
f 4092/4761/4790 4091/4346/4470 3288/3531/3627 2304/2876/4787
s 5
f 4027/4350/4474 4092/4349/4473 2304/4758/2936 2287/4636/2935
s 2
f 3280/4353/4477 4094/3518/3614 4093/4631/4772 2689/4479/4773
f 2690/4352/4476 4095/3515/3611 4094/3518/3614 3280/4353/4477
f 3246/4356/4480 4096/2813/2869 4095/3515/3611 2690/4352/4476
f 4097/2814/2870 4096/2813/2869 3246/4356/4480 2691/4355/4479
f 3212/4361/4485 4098/3450/3542 4097/2814/2870 2691/4355/4479
f 2692/4360/4484 4099/3447/3539 4098/3450/3542 3212/4361/4485
f 3178/4364/4488 4100/2817/2873 4099/3447/3539 2692/4360/4484
f 4101/2818/2874 4100/2817/2873 3178/4364/4488 2693/4363/4487
f 3144/4369/4493 4102/3382/3470 4101/2818/2874 2693/4363/4487
f 2694/4368/4492 4103/3379/3467 4102/3382/3470 3144/4369/4493
f 3111/4372/4496 4104/2821/2877 4103/3379/3467 2694/4368/4492
f 4105/2822/2878 4104/2821/2877 3111/4372/4496 2695/4371/4495
f 3076/4377/4501 4106/3314/3398 4105/2822/2878 2695/4371/4495
f 2696/4376/4500 4107/3311/3395 4106/3314/3398 3076/4377/4501
f 3042/4380/4504 4108/2825/2881 4107/3311/3395 2696/4376/4500
f 4109/2826/2882 4108/2825/2881 3042/4380/4504 2697/4379/4503
f 3008/4385/4509 4110/3246/3326 4109/2826/2882 2697/4379/4503
f 2698/4384/4508 4111/3243/3323 4110/3246/3326 3008/4385/4509
f 2974/4388/4512 4112/2829/2885 4111/3243/3323 2698/4384/4508
f 4113/2830/2886 4112/2829/2885 2974/4388/4512 2699/4387/4511
f 2940/4393/4517 4114/3178/3254 4113/2830/2886 2699/4387/4511
f 2700/4392/4516 4115/3175/3251 4114/3178/3254 2940/4393/4517
f 2906/4396/4520 4116/2833/2889 4115/3175/3251 2700/4392/4516
f 4117/2834/2890 4116/2833/2889 2906/4396/4520 2701/4395/4519
f 2872/4401/4525 4118/3110/3182 4117/2834/2890 2701/4395/4519
f 2702/4400/4524 4119/3107/3179 4118/3110/3182 2872/4401/4525
f 2838/4404/4528 4120/2837/2893 4119/3107/3179 2702/4400/4524
f 4121/2838/2894 4120/2837/2893 2838/4404/4528 2703/4403/4527
f 2804/4409/4533 4122/3042/3110 4121/2838/2894 2703/4403/4527
f 2704/4408/4532 4123/3039/3107 4122/3042/3110 2804/4409/4533
f 2770/4412/4536 4124/2841/2897 4123/3039/3107 2704/4408/4532
f 4125/4629/2898 4124/2841/2897 2770/4412/4536 2705/4630/4535
s 6
f 2706/4416/4540 4126/4759/2899 4125/2842/2902 2705/4411/4541
s 4
f 2706/4756/4546 2777/4418/4545 4127/2845/2904 4126/2843/2903
f 4128/3056/3124 4127/2845/2904 2777/4418/4545 2707/4420/4548
f 4129/3057/3125 4128/3056/3124 2707/4420/4548 2811/4419/4547
f 4130/2849/2909 4129/3057/3125 2811/4419/4547 2708/4424/4552
f 4131/2850/2910 4130/2849/2909 2708/4424/4552 2845/4423/4551
f 4132/3125/3197 4131/2850/2910 2845/4423/4551 2709/4428/4556
f 4133/3126/3198 4132/3125/3197 2709/4428/4556 2879/4427/4555
f 4134/2853/2913 4133/3126/3198 2879/4427/4555 2710/4432/4560
f 4135/2854/2914 4134/2853/2913 2710/4432/4560 2913/4431/4559
f 4136/3193/3269 4135/2854/2914 2913/4431/4559 2711/4436/4564
f 4137/3194/3270 4136/3193/3269 2711/4436/4564 2947/4435/4563
f 4138/2857/2917 4137/3194/3270 2947/4435/4563 2712/4440/4568
f 4139/2858/2918 4138/2857/2917 2712/4440/4568 2981/4439/4567
f 4140/3261/3341 4139/2858/2918 2981/4439/4567 2713/4444/4572
f 4141/3262/3342 4140/3261/3341 2713/4444/4572 3015/4443/4571
f 4142/2861/2921 4141/3262/3342 3015/4443/4571 2714/4448/4576
f 4143/2862/2922 4142/2861/2921 2714/4448/4576 3049/4447/4575
f 4144/3329/3413 4143/2862/2922 3049/4447/4575 2715/4452/4580
f 4145/3330/3414 4144/3329/3413 2715/4452/4580 3083/4451/4579
f 4146/2865/2925 4145/3330/3414 3083/4451/4579 2716/4456/4584
f 4147/2866/2926 4146/2865/2925 2716/4456/4584 3118/4455/4583
f 4148/3397/3485 4147/2866/2926 3118/4455/4583 2717/4460/4588
f 4149/3398/3486 4148/3397/3485 2717/4460/4588 3151/4459/4587
f 4150/2869/2929 4149/3398/3486 3151/4459/4587 2718/4464/4592
f 4151/2870/2930 4150/2869/2929 2718/4464/4592 3185/4463/4591
f 4152/3465/3557 4151/2870/2930 3185/4463/4591 2719/4468/4596
f 4153/3466/3558 4152/3465/3557 2719/4468/4596 3219/4467/4595
f 4154/2873/2933 4153/3466/3558 3219/4467/4595 2720/4472/4600
f 4155/2874/2934 4154/2873/2933 2720/4472/4600 3253/4471/4599
f 4156/3533/3629 4155/2874/2934 3253/4471/4599 2721/4476/4604
f 4157/3534/3630 4156/3533/3629 2721/4476/4604 3287/4475/4603
f 4158/4757/4788 4157/3534/3630 3287/4475/4603 2722/4480/4785
s 5
f 4093/2878/2938 4158/2877/2937 2722/4754/4608 2689/4632/4607
s 2
f 3281/3521/3617 4160/4354/4478 4159/4627/4774 2323/3011/4775
f 2474/3520/3616 4161/4351/4475 4160/4354/4478 3281/3521/3617
f 3247/2948/3012 4162/4357/4481 4161/4351/4475 2474/3520/3616
f 4163/4358/4482 4162/4357/4481 3247/2948/3012 2324/2947/3011
f 3213/3453/3545 4164/4362/4486 4163/4358/4482 2324/2947/3011
f 2456/3452/3544 4165/4359/4483 4164/4362/4486 3213/3453/3545
f 3179/2952/3016 4166/4365/4489 4165/4359/4483 2456/3452/3544
f 4167/4366/4490 4166/4365/4489 3179/2952/3016 2325/2951/3015
f 3145/3385/3473 4168/4370/4494 4167/4366/4490 2325/2951/3015
f 2438/3384/3472 4169/4367/4491 4168/4370/4494 3145/3385/3473
f 3112/2956/3020 4170/4373/4497 4169/4367/4491 2438/3384/3472
f 4171/4374/4498 4170/4373/4497 3112/2956/3020 2326/2955/3019
f 3077/3317/3401 4172/4378/4502 4171/4374/4498 2326/2955/3019
f 2420/3316/3400 4173/4375/4499 4172/4378/4502 3077/3317/3401
f 3043/2960/3024 4174/4381/4505 4173/4375/4499 2420/3316/3400
f 4175/4382/4506 4174/4381/4505 3043/2960/3024 2327/2959/3023
f 3009/3249/3329 4176/4386/4510 4175/4382/4506 2327/2959/3023
f 2402/3248/3328 4177/4383/4507 4176/4386/4510 3009/3249/3329
f 2975/2964/3028 4178/4389/4513 4177/4383/4507 2402/3248/3328
f 4179/4390/4514 4178/4389/4513 2975/2964/3028 2328/2963/3027
f 2941/3181/3257 4180/4394/4518 4179/4390/4514 2328/2963/3027
f 2384/3180/3256 4181/4391/4515 4180/4394/4518 2941/3181/3257
f 2907/2968/3032 4182/4397/4521 4181/4391/4515 2384/3180/3256
f 4183/4398/4522 4182/4397/4521 2907/2968/3032 2329/2967/3031
f 2873/3113/3185 4184/4402/4526 4183/4398/4522 2329/2967/3031
f 2366/3112/3184 4185/4399/4523 4184/4402/4526 2873/3113/3185
f 2839/2972/3036 4186/4405/4529 4185/4399/4523 2366/3112/3184
f 4187/4406/4530 4186/4405/4529 2839/2972/3036 2330/2971/3035
f 2805/3045/3113 4188/4410/4534 4187/4406/4530 2330/2971/3035
f 2348/3044/3112 4189/4407/4531 4188/4410/4534 2805/3045/3113
f 2771/2976/3040 4190/4413/4537 4189/4407/4531 2348/3044/3112
f 4191/4625/4538 4190/4413/4537 2771/2976/3040 2331/4626/3039
s 6
f 2332/2980/3044 4192/4755/4539 4191/4414/4542 2331/2975/3045
s 4
f 2332/4752/3050 2776/2982/3049 4193/4417/4544 4192/4415/4543
f 4194/4421/4549 4193/4417/4544 2776/2982/3049 2351/3051/3119
f 4195/4422/4550 4194/4421/4549 2351/3051/3119 2810/3054/3122
f 4196/4425/4553 4195/4422/4550 2810/3054/3122 2333/2984/3052
f 4197/4426/4554 4196/4425/4553 2333/2984/3052 2844/2983/3051
f 4198/4429/4557 4197/4426/4554 2844/2983/3051 2369/3120/3192
f 4199/4430/4558 4198/4429/4557 2369/3120/3192 2878/3119/3191
f 4200/4433/4561 4199/4430/4558 2878/3119/3191 2334/2988/3056
f 4201/4434/4562 4200/4433/4561 2334/2988/3056 2912/2987/3055
f 4202/4437/4565 4201/4434/4562 2912/2987/3055 2387/3188/3264
f 4203/4438/4566 4202/4437/4565 2387/3188/3264 2946/3187/3263
f 4204/4441/4569 4203/4438/4566 2946/3187/3263 2335/2992/3060
f 4205/4442/4570 4204/4441/4569 2335/2992/3060 2980/2991/3059
f 4206/4445/4573 4205/4442/4570 2980/2991/3059 2405/3256/3336
f 4207/4446/4574 4206/4445/4573 2405/3256/3336 3014/3255/3335
f 4208/4449/4577 4207/4446/4574 3014/3255/3335 2336/2996/3064
f 4209/4450/4578 4208/4449/4577 2336/2996/3064 3048/2995/3063
f 4210/4453/4581 4209/4450/4578 3048/2995/3063 2423/3324/3408
f 4211/4454/4582 4210/4453/4581 2423/3324/3408 3082/3323/3407
f 4212/4457/4585 4211/4454/4582 3082/3323/3407 2337/3000/3068
f 4213/4458/4586 4212/4457/4585 2337/3000/3068 3117/2999/3067
f 4214/4461/4589 4213/4458/4586 3117/2999/3067 2441/3392/3480
f 4215/4462/4590 4214/4461/4589 2441/3392/3480 3150/3391/3479
f 4216/4465/4593 4215/4462/4590 3150/3391/3479 2338/3004/3072
f 4217/4466/4594 4216/4465/4593 2338/3004/3072 3184/3003/3071
f 4218/4469/4597 4217/4466/4594 3184/3003/3071 2459/3460/3552
f 4219/4470/4598 4218/4469/4597 2459/3460/3552 3218/3459/3551
f 4220/4473/4601 4219/4470/4598 3218/3459/3551 2339/3008/3076
f 4221/4474/4602 4220/4473/4601 2339/3008/3076 3252/3007/3075
f 4222/4477/4605 4221/4474/4602 3252/3007/3075 2477/3528/3624
f 4223/4478/4606 4222/4477/4605 2477/3528/3624 3286/3527/3623
f 4224/4753/4786 4223/4478/4606 3286/3527/3623 2340/3012/4783
s 5
f 4159/4482/4610 4224/4481/4609 2340/4750/3080 2323/4628/3079
s 2
f 3282/4551/4815 4226/3522/3618 4225/4623/4776 2723/4552/4816
f 2724/4553/4817 4227/3519/3615 4226/3522/3618 3282/4551/4815
f 3248/4554/4818 4228/2949/3013 4227/3519/3615 2724/4553/4817
f 4229/2950/3014 4228/2949/3013 3248/4554/4818 2725/4555/4819
f 3214/4556/4820 4230/3454/3546 4229/2950/3014 2725/4555/4819
f 2726/4557/4821 4231/3451/3543 4230/3454/3546 3214/4556/4820
f 3180/4558/4822 4232/2953/3017 4231/3451/3543 2726/4557/4821
f 4233/2954/3018 4232/2953/3017 3180/4558/4822 2727/4559/4823
f 3146/4560/4824 4234/3386/3474 4233/2954/3018 2727/4559/4823
f 2728/4561/4825 4235/3383/3471 4234/3386/3474 3146/4560/4824
f 3113/4562/4826 4236/2957/3021 4235/3383/3471 2728/4561/4825
f 4237/2958/3022 4236/2957/3021 3113/4562/4826 2729/4563/4827
f 3078/4564/4828 4238/3318/3402 4237/2958/3022 2729/4563/4827
f 2730/4565/4829 4239/3315/3399 4238/3318/3402 3078/4564/4828
f 3044/4566/4830 4240/2961/3025 4239/3315/3399 2730/4565/4829
f 4241/2962/3026 4240/2961/3025 3044/4566/4830 2731/4567/4831
f 3010/4568/4832 4242/3250/3330 4241/2962/3026 2731/4567/4831
f 2732/4569/4833 4243/3247/3327 4242/3250/3330 3010/4568/4832
f 2976/4570/4834 4244/2965/3029 4243/3247/3327 2732/4569/4833
f 4245/2966/3030 4244/2965/3029 2976/4570/4834 2733/4571/4835
f 2942/4572/4836 4246/3182/3258 4245/2966/3030 2733/4571/4835
f 2734/4573/4837 4247/3179/3255 4246/3182/3258 2942/4572/4836
f 2908/4574/4838 4248/2969/3033 4247/3179/3255 2734/4573/4837
f 4249/2970/3034 4248/2969/3033 2908/4574/4838 2735/4575/4839
f 2874/4576/4840 4250/3114/3186 4249/2970/3034 2735/4575/4839
f 2736/4577/4841 4251/3111/3183 4250/3114/3186 2874/4576/4840
f 2840/4578/4842 4252/2973/3037 4251/3111/3183 2736/4577/4841
f 4253/2974/3038 4252/2973/3037 2840/4578/4842 2737/4579/4843
f 2806/4580/4844 4254/3046/3114 4253/2974/3038 2737/4579/4843
f 2738/4581/4845 4255/3043/3111 4254/3046/3114 2806/4580/4844
f 2772/4582/4846 4256/2977/3041 4255/3043/3111 2738/4581/4845
f 4257/4621/3042 4256/2977/3041 2772/4582/4846 2739/4622/4847
s 6
f 2740/4584/4848 4258/4751/3043 4257/2978/3046 2739/4583/4849
s 4
f 2740/4746/4850 2775/4585/4851 4259/2981/3048 4258/2979/3047
f 4260/3052/3120 4259/2981/3048 2775/4585/4851 2741/4586/4852
f 4261/3053/3121 4260/3052/3120 2741/4586/4852 2809/4587/4853
f 4262/2985/3053 4261/3053/3121 2809/4587/4853 2742/4588/4854
f 4263/2986/3054 4262/2985/3053 2742/4588/4854 2843/4589/4855
f 4264/3121/3193 4263/2986/3054 2843/4589/4855 2743/4590/4856
f 4265/3122/3194 4264/3121/3193 2743/4590/4856 2877/4591/4857
f 4266/2989/3057 4265/3122/3194 2877/4591/4857 2744/4592/4858
f 4267/2990/3058 4266/2989/3057 2744/4592/4858 2911/4593/4859
f 4268/3189/3265 4267/2990/3058 2911/4593/4859 2745/4594/4860
f 4269/3190/3266 4268/3189/3265 2745/4594/4860 2945/4595/4861
f 4270/2993/3061 4269/3190/3266 2945/4595/4861 2746/4596/4862
f 4271/2994/3062 4270/2993/3061 2746/4596/4862 2979/4597/4863
f 4272/3257/3337 4271/2994/3062 2979/4597/4863 2747/4598/4864
f 4273/3258/3338 4272/3257/3337 2747/4598/4864 3013/4599/4865
f 4274/2997/3065 4273/3258/3338 3013/4599/4865 2748/4600/4866
f 4275/2998/3066 4274/2997/3065 2748/4600/4866 3047/4601/4867
f 4276/3325/3409 4275/2998/3066 3047/4601/4867 2749/4602/4868
f 4277/3326/3410 4276/3325/3409 2749/4602/4868 3081/4603/4869
f 4278/3001/3069 4277/3326/3410 3081/4603/4869 2750/4604/4870
f 4279/3002/3070 4278/3001/3069 2750/4604/4870 3116/4605/4871
f 4280/3393/3481 4279/3002/3070 3116/4605/4871 2751/4606/4872
f 4281/3394/3482 4280/3393/3481 2751/4606/4872 3149/4607/4873
f 4282/3005/3073 4281/3394/3482 3149/4607/4873 2752/4608/4874
f 4283/3006/3074 4282/3005/3073 2752/4608/4874 3183/4609/4875
f 4284/3461/3553 4283/3006/3074 3183/4609/4875 2753/4610/4876
f 4285/3462/3554 4284/3461/3553 2753/4610/4876 3217/4611/4877
f 4286/3009/3077 4285/3462/3554 3217/4611/4877 2754/4612/4878
f 4287/3010/3078 4286/3009/3077 2754/4612/4878 3251/4613/4879
f 4288/3529/3625 4287/3010/3078 3251/4613/4879 2755/4614/4880
f 4289/3530/3626 4288/3529/3625 2755/4614/4880 3285/4615/4881
f 4290/4749/4784 4289/3530/3626 3285/4615/4881 2756/4616/4882
s 5
f 4225/3014/3082 4290/3013/3081 2756/4748/4883 2723/4624/4884
s 4
f 2756/4616/4882 3285/4615/4881 4292/4545/4739 4291/4747/4781
f 3285/4615/4881 2755/4614/4880 4293/4546/4740 4292/4545/4739
f 2755/4614/4880 3251/4613/4879 4294/4543/4735 4293/4546/4740
f 3251/4613/4879 2754/4612/4878 4295/4544/4736 4294/4543/4735
f 2754/4612/4878 3217/4611/4877 4296/4541/4731 4295/4544/4736
f 3217/4611/4877 2753/4610/4876 4297/4542/4732 4296/4541/4731
f 2753/4610/4876 3183/4609/4875 4298/4539/4727 4297/4542/4732
f 3183/4609/4875 2752/4608/4874 4299/4540/4728 4298/4539/4727
f 2752/4608/4874 3149/4607/4873 4300/4537/4723 4299/4540/4728
f 3149/4607/4873 2751/4606/4872 4301/4538/4724 4300/4537/4723
f 2751/4606/4872 3116/4605/4871 4302/4535/4719 4301/4538/4724
f 3116/4605/4871 2750/4604/4870 4303/4536/4720 4302/4535/4719
f 2750/4604/4870 3081/4603/4869 4304/4533/4715 4303/4536/4720
f 3081/4603/4869 2749/4602/4868 4305/4534/4716 4304/4533/4715
f 2749/4602/4868 3047/4601/4867 4306/4531/4711 4305/4534/4716
f 3047/4601/4867 2748/4600/4866 4307/4532/4712 4306/4531/4711
f 2748/4600/4866 3013/4599/4865 4308/4529/4707 4307/4532/4712
f 3013/4599/4865 2747/4598/4864 4309/4530/4708 4308/4529/4707
f 2747/4598/4864 2979/4597/4863 4310/4527/4703 4309/4530/4708
f 2979/4597/4863 2746/4596/4862 4311/4528/4704 4310/4527/4703
f 2746/4596/4862 2945/4595/4861 4312/4525/4699 4311/4528/4704
f 2945/4595/4861 2745/4594/4860 4313/4526/4700 4312/4525/4699
f 2745/4594/4860 2911/4593/4859 4314/4523/4695 4313/4526/4700
f 2911/4593/4859 2744/4592/4858 4315/4524/4696 4314/4523/4695
f 2744/4592/4858 2877/4591/4857 4316/4521/4691 4315/4524/4696
f 2877/4591/4857 2743/4590/4856 4317/4522/4692 4316/4521/4691
f 2743/4590/4856 2843/4589/4855 4318/4519/4687 4317/4522/4692
f 2843/4589/4855 2742/4588/4854 4319/4520/4688 4318/4519/4687
f 2742/4588/4854 2809/4587/4853 4320/4517/4683 4319/4520/4688
f 2809/4587/4853 2741/4586/4852 4321/4518/4684 4320/4517/4683
f 2775/4585/4851 4322/4516/4681 4321/4518/4684 2741/4586/4852
f 4323/4745/4682 4322/4516/4681 2775/4585/4851 2740/4746/4850
s 6
f 4324/4619/4677 4323/4515/4676 2740/4584/4848 2739/4583/4849
s 2
f 2739/4622/4847 2772/4582/4846 4325/4514/4672 4324/4513/4671
f 4326/4511/4668 4325/4514/4672 2772/4582/4846 2738/4581/4845
f 4327/4512/4669 4326/4511/4668 2738/4581/4845 2806/4580/4844
f 4328/4509/4663 4327/4512/4669 2806/4580/4844 2737/4579/4843
f 2737/4579/4843 2840/4578/4842 4329/4510/4664 4328/4509/4663
f 4330/4507/4660 4329/4510/4664 2840/4578/4842 2736/4577/4841
f 4331/4508/4661 4330/4507/4660 2736/4577/4841 2874/4576/4840
f 4332/4505/4655 4331/4508/4661 2874/4576/4840 2735/4575/4839
f 2735/4575/4839 2908/4574/4838 4333/4506/4656 4332/4505/4655
f 4334/4503/4652 4333/4506/4656 2908/4574/4838 2734/4573/4837
f 4335/4504/4653 4334/4503/4652 2734/4573/4837 2942/4572/4836
f 4336/4501/4647 4335/4504/4653 2942/4572/4836 2733/4571/4835
f 2733/4571/4835 2976/4570/4834 4337/4502/4648 4336/4501/4647
f 4338/4499/4644 4337/4502/4648 2976/4570/4834 2732/4569/4833
f 4339/4500/4645 4338/4499/4644 2732/4569/4833 3010/4568/4832
f 4340/4497/4639 4339/4500/4645 3010/4568/4832 2731/4567/4831
f 2731/4567/4831 3044/4566/4830 4341/4498/4640 4340/4497/4639
f 4342/4495/4636 4341/4498/4640 3044/4566/4830 2730/4565/4829
f 4343/4496/4637 4342/4495/4636 2730/4565/4829 3078/4564/4828
f 4344/4493/4631 4343/4496/4637 3078/4564/4828 2729/4563/4827
f 2729/4563/4827 3113/4562/4826 4345/4494/4632 4344/4493/4631
f 4346/4491/4628 4345/4494/4632 3113/4562/4826 2728/4561/4825
f 4347/4492/4629 4346/4491/4628 2728/4561/4825 3146/4560/4824
f 4348/4489/4623 4347/4492/4629 3146/4560/4824 2727/4559/4823
f 2727/4559/4823 3180/4558/4822 4349/4490/4624 4348/4489/4623
f 4350/4487/4620 4349/4490/4624 3180/4558/4822 2726/4557/4821
f 4351/4488/4621 4350/4487/4620 2726/4557/4821 3214/4556/4820
f 4352/4485/4615 4351/4488/4621 3214/4556/4820 2725/4555/4819
f 2725/4555/4819 3248/4554/4818 4353/4486/4616 4352/4485/4615
f 4354/4483/4612 4353/4486/4616 3248/4554/4818 2724/4553/4817
f 4355/4484/4613 4354/4483/4612 2724/4553/4817 3282/4551/4815
f 4356/4617/4777 4355/4484/4613 3282/4551/4815 2723/4552/4816
s 5
f 2723/4624/4884 2756/4748/4883 4291/4548/4744 4356/4547/4743
